buy_order,sell_order,trade_type,price,quantity,timestamp
BUY-1763965650522-001717,SELL-1763965655393-001827,FOREX,1.1,338,2026-01-20 12:12:12.510270
BUY-1763965650528-006549,SELL-1763965655390-000118,EQUITY,100.0,36,2026-01-20 12:12:12.510338
BUY-1763965650522-001717,SELL-1763965655393-001418,FOREX,7.23,11,2026-01-20 12:12:12.510354
BUY-1763965650522-001717,SELL-1763965655398-004485,FOREX,1.3,12,2026-01-20 12:12:12.510365
BUY-1763965650524-003423,SELL-1763965655398-004485,FOREX,1.3,286,2026-01-20 12:12:12.510374
BUY-1763965650524-003423,SELL-1763965655394-002337,FOREX,2.48,472,2026-01-20 12:12:12.510384
BUY-1763965650523-002900,SELL-1763965655394-002337,FOREX,2.48,86,2026-01-20 12:12:12.510392
BUY-1763965650524-003463,SELL-1763965655394-002337,FOREX,2.48,207,2026-01-20 12:12:12.510398
BUY-1763965650528-006549,SELL-1763965655393-001525,EQUITY,402.38,37,2026-01-20 12:12:12.510408
BUY-1763965650528-006549,SELL-1763965655394-002053,EQUITY,105.37,51,2026-01-20 12:12:12.510418
BUY-1763965650527-005302,SELL-1763965655394-002053,EQUITY,105.37,175,2026-01-20 12:12:12.510424
BUY-1763965650523-002598,SELL-1763965655394-002053,EQUITY,105.37,99,2026-01-20 12:12:12.510430
BUY-1763965650521-001415,SELL-1763965655394-002053,EQUITY,105.37,22,2026-01-20 12:12:12.510435
BUY-1763965650527-005355,SELL-1763965655394-002053,EQUITY,105.37,18,2026-01-20 12:12:12.510440
BUY-1763965650527-005355,SELL-1763965655390-000000,EQUITY,200.0,20,2026-01-20 12:12:12.510449
BUY-1763965650524-003463,SELL-1763965655395-002852,FOREX,4.28,505,2026-01-20 12:12:12.510458
BUY-1763965650528-006433,SELL-1763965655395-002852,FOREX,4.28,51,2026-01-20 12:12:12.510472
BUY-1763965650526-005067,SELL-1763965655391-000834,CRYPTO,967.66,5,2026-01-20 12:12:12.510483
BUY-1763965650526-004705,SELL-1763965655391-000834,CRYPTO,967.66,5,2026-01-20 12:12:12.510497
BUY-1763965650528-006505,SELL-1763965655391-000834,CRYPTO,967.66,2,2026-01-20 12:12:12.510503
BUY-1763965650528-006064,SELL-1763965655391-000834,CRYPTO,967.66,6,2026-01-20 12:12:12.510507
BUY-1763965650523-002457,SELL-1763965655391-000834,CRYPTO,967.66,1,2026-01-20 12:12:12.510513
BUY-1763965650527-005355,SELL-1763965655396-003203,EQUITY,50.75,154,2026-01-20 12:12:12.510522
BUY-1763965650529-007362,SELL-1763965655396-003203,EQUITY,50.75,87,2026-01-20 12:12:12.510527
BUY-1763965650528-005986,SELL-1763965655396-003203,EQUITY,50.75,29,2026-01-20 12:12:12.510532
BUY-1763965650528-005986,SELL-1763965655393-001446,EQUITY,353.48,100,2026-01-20 12:12:12.510541
BUY-1763965650529-006857,SELL-1763965655393-001446,EQUITY,353.48,8,2026-01-20 12:12:12.510546
BUY-1763965650529-006857,SELL-1763965655393-001645,EQUITY,139.63,174,2026-01-20 12:12:12.510557
BUY-1763965650525-003694,SELL-1763965655393-001645,EQUITY,139.63,129,2026-01-20 12:12:12.510563
BUY-1763965650524-003637,SELL-1763965655393-001645,EQUITY,139.63,24,2026-01-20 12:12:12.510568
BUY-1763965650524-003637,SELL-1763965655393-001936,EQUITY,155.04,105,2026-01-20 12:12:12.510577
BUY-1763965650529-006981,SELL-1763965655393-001936,EQUITY,155.04,179,2026-01-20 12:12:12.510582
BUY-1763965650526-004660,SELL-1763965655393-001936,EQUITY,155.04,54,2026-01-20 12:12:12.510587
BUY-1763965650523-002457,SELL-1763965655392-001329,CRYPTO,3716.76,2,2026-01-20 12:12:12.510596
BUY-1763965650527-005582,SELL-1763965655392-001329,CRYPTO,3716.76,2,2026-01-20 12:12:12.510601
BUY-1763965650529-006825,SELL-1763965655392-001329,CRYPTO,3716.76,2,2026-01-20 12:12:12.510605
BUY-1763965650529-006825,SELL-1763965655393-001618,CRYPTO,2295.09,5,2026-01-20 12:12:12.510614
BUY-1763965650527-005371,SELL-1763965655393-001618,CRYPTO,2295.09,6,2026-01-20 12:12:12.510619
BUY-1763965650527-005294,SELL-1763965655393-001618,CRYPTO,2295.09,4,2026-01-20 12:12:12.510623
BUY-1763965650528-005961,SELL-1763965655393-001618,CRYPTO,2295.09,4,2026-01-20 12:12:12.510628
BUY-1763965650526-004660,SELL-1763965655392-000983,EQUITY,278.17,41,2026-01-20 12:12:12.510638
BUY-1763965650528-005896,SELL-1763965655393-001492,CRYPTO,1461.39,4,2026-01-20 12:12:12.510647
BUY-1763965650528-005896,SELL-1763965655394-001997,CRYPTO,2607.25,6,2026-01-20 12:12:12.510656
BUY-1763965650526-004873,SELL-1763965655394-001997,CRYPTO,2607.25,4,2026-01-20 12:12:12.510661
BUY-1763965650521-001253,SELL-1763965655394-001997,CRYPTO,2607.25,1,2026-01-20 12:12:12.510666
BUY-1763965650525-003880,SELL-1763965655394-001997,CRYPTO,2607.25,2,2026-01-20 12:12:12.510671
BUY-1763965650520-000941,SELL-1763965655394-001997,CRYPTO,2607.25,1,2026-01-20 12:12:12.510675
BUY-1763965650524-002987,SELL-1763965655394-001997,CRYPTO,2607.25,1,2026-01-20 12:12:12.510679
BUY-1763965650524-002987,SELL-1763965655397-003692,CRYPTO,360.57,5,2026-01-20 12:12:12.510688
BUY-1763965650520-000879,SELL-1763965655397-003692,CRYPTO,360.57,7,2026-01-20 12:12:12.510693
BUY-1763965650529-006758,SELL-1763965655397-003692,CRYPTO,360.57,8,2026-01-20 12:12:12.510707
BUY-1763965650529-007081,SELL-1763965655397-003692,CRYPTO,360.57,2,2026-01-20 12:12:12.510711
BUY-1763965650520-000778,SELL-1763965655397-003692,CRYPTO,360.57,1,2026-01-20 12:12:12.510716
BUY-1763965650524-003574,SELL-1763965655397-003692,CRYPTO,360.57,7,2026-01-20 12:12:12.510721
BUY-1763965650529-007137,SELL-1763965655397-003692,CRYPTO,360.57,4,2026-01-20 12:12:12.510726
BUY-1763965650522-001663,SELL-1763965655397-003692,CRYPTO,360.57,4,2026-01-20 12:12:12.510731
BUY-1763965650528-006433,SELL-1763965655398-004296,FOREX,4.98,140,2026-01-20 12:12:12.510741
BUY-1763965650528-006384,SELL-1763965655398-004296,FOREX,4.98,449,2026-01-20 12:12:12.510747
BUY-1763965650528-006180,SELL-1763965655398-004296,FOREX,4.98,75,2026-01-20 12:12:12.510752
BUY-1763965650522-001988,SELL-1763965655398-004296,FOREX,4.98,121,2026-01-20 12:12:12.510757
BUY-1763965650526-004660,SELL-1763965655392-000950,EQUITY,230.56,57,2026-01-20 12:12:12.510766
BUY-1763965650520-000674,SELL-1763965655392-000950,EQUITY,230.56,165,2026-01-20 12:12:12.510771
BUY-1763965650528-006510,SELL-1763965655392-000950,EQUITY,230.56,90,2026-01-20 12:12:12.510776
BUY-1763965650520-000942,SELL-1763965655392-000950,EQUITY,230.56,20,2026-01-20 12:12:12.510824
BUY-1763965650520-000942,SELL-1763965655398-004383,EQUITY,431.01,173,2026-01-20 12:12:12.510834
BUY-1763965650528-006375,SELL-1763965655398-004383,EQUITY,431.01,17,2026-01-20 12:12:12.510840
BUY-1763965650522-001988,SELL-1763965655398-004452,FOREX,2.69,118,2026-01-20 12:12:12.510850
BUY-1763965650522-001988,SELL-1763965655392-001110,FOREX,4.62,447,2026-01-20 12:12:12.510859
BUY-1763965650529-007439,SELL-1763965655392-001110,FOREX,4.62,105,2026-01-20 12:12:12.510864
BUY-1763965650528-006375,SELL-1763965655392-001170,EQUITY,282.36,2,2026-01-20 12:12:12.510872
BUY-1763965650524-003269,SELL-1763965655392-001170,EQUITY,282.36,84,2026-01-20 12:12:12.510877
BUY-1763965650520-000914,SELL-1763965655392-001170,EQUITY,282.36,73,2026-01-20 12:12:12.510881
BUY-1763965650526-004726,SELL-1763965655392-001170,EQUITY,282.36,9,2026-01-20 12:12:12.510886
BUY-1763965650523-002640,SELL-1763965655392-001387,CRYPTO,1813.15,5,2026-01-20 12:12:12.510895
BUY-1763965650523-002336,SELL-1763965655392-001387,CRYPTO,1813.15,5,2026-01-20 12:12:12.510900
BUY-1763965650522-002259,SELL-1763965655392-001387,CRYPTO,1813.15,2,2026-01-20 12:12:12.510905
BUY-1763965650527-005444,SELL-1763965655392-001387,CRYPTO,1813.15,6,2026-01-20 12:12:12.510909
BUY-1763965650527-005572,SELL-1763965655392-001387,CRYPTO,1813.15,4,2026-01-20 12:12:12.510915
BUY-1763965650527-005572,SELL-1763965655394-002086,CRYPTO,634.94,1,2026-01-20 12:12:12.510925
BUY-1763965650527-005690,SELL-1763965655394-002086,CRYPTO,634.94,6,2026-01-20 12:12:12.510929
BUY-1763965650525-003862,SELL-1763965655394-002086,CRYPTO,634.94,6,2026-01-20 12:12:12.510933
BUY-1763965650527-005734,SELL-1763965655394-002086,CRYPTO,634.94,5,2026-01-20 12:12:12.510938
BUY-1763965650526-004726,SELL-1763965655398-004272,EQUITY,205.15,172,2026-01-20 12:12:12.510953
BUY-1763965650526-004726,SELL-1763965655394-002360,EQUITY,339.18,17,2026-01-20 12:12:12.510963
BUY-1763965650522-002200,SELL-1763965655394-002360,EQUITY,339.18,20,2026-01-20 12:12:12.510968
BUY-1763965650529-007360,SELL-1763965655394-002360,EQUITY,339.18,43,2026-01-20 12:12:12.510972
BUY-1763965650528-005903,SELL-1763965655394-002360,EQUITY,339.18,6,2026-01-20 12:12:12.510976
BUY-1763965650528-006198,SELL-1763965655394-002360,EQUITY,339.18,53,2026-01-20 12:12:12.510981
BUY-1763965650529-006796,SELL-1763965655394-002360,EQUITY,339.18,21,2026-01-20 12:12:12.510986
BUY-1763965650525-004354,SELL-1763965655394-002360,EQUITY,339.18,42,2026-01-20 12:12:12.510990
BUY-1763965650529-006956,SELL-1763965655394-002360,EQUITY,339.18,86,2026-01-20 12:12:12.510994
BUY-1763965650529-007439,SELL-1763965655396-003491,FOREX,7.25,709,2026-01-20 12:12:12.511004
BUY-1763965650521-001134,SELL-1763965655396-003491,FOREX,7.25,32,2026-01-20 12:12:12.511008
BUY-1763965650527-005734,SELL-1763965655396-003300,CRYPTO,2361.18,2,2026-01-20 12:12:12.511019
BUY-1763965650529-007214,SELL-1763965655396-003300,CRYPTO,2361.18,1,2026-01-20 12:12:12.511023
BUY-1763965650520-000727,SELL-1763965655396-003300,CRYPTO,2361.18,4,2026-01-20 12:12:12.511027
BUY-1763965650526-005069,SELL-1763965655396-003300,CRYPTO,2361.18,8,2026-01-20 12:12:12.511032
BUY-1763965650521-001134,SELL-1763965655392-001361,FOREX,7.25,65,2026-01-20 12:12:12.511041
BUY-1763965650527-005522,SELL-1763965655392-001361,FOREX,7.25,39,2026-01-20 12:12:12.511046
BUY-1763965650525-004112,SELL-1763965655392-001361,FOREX,7.25,267,2026-01-20 12:12:12.511052
BUY-1763965650521-001557,SELL-1763965655392-001361,FOREX,7.25,231,2026-01-20 12:12:12.511057
BUY-1763965650521-001557,SELL-1763965655392-001184,FOREX,7.98,575,2026-01-20 12:12:12.511065
BUY-1763965650522-001754,SELL-1763965655392-001184,FOREX,7.98,41,2026-01-20 12:12:12.511071
BUY-1763965650528-006392,SELL-1763965655392-001184,FOREX,7.98,43,2026-01-20 12:12:12.511075
BUY-1763965650524-003541,SELL-1763965655396-003348,CRYPTO,1357.26,3,2026-01-20 12:12:12.511084
BUY-1763965650526-004635,SELL-1763965655396-003348,CRYPTO,1357.26,9,2026-01-20 12:12:12.511089
BUY-1763965650520-000883,SELL-1763965655396-003348,CRYPTO,1357.26,1,2026-01-20 12:12:12.511093
BUY-1763965650521-001215,SELL-1763965655396-003348,CRYPTO,1357.26,10,2026-01-20 12:12:12.511097
BUY-1763965650529-006869,SELL-1763965655396-003348,CRYPTO,1357.26,6,2026-01-20 12:12:12.511101
BUY-1763965650525-003887,SELL-1763965655397-003532,CRYPTO,410.14,10,2026-01-20 12:12:12.511114
BUY-1763965650522-001996,SELL-1763965655397-003532,CRYPTO,410.14,1,2026-01-20 12:12:12.511118
BUY-1763965650524-003362,SELL-1763965655397-003532,CRYPTO,410.14,5,2026-01-20 12:12:12.511123
BUY-1763965650524-003544,SELL-1763965655397-003532,CRYPTO,410.14,2,2026-01-20 12:12:12.511127
BUY-1763965650522-001655,SELL-1763965655397-003532,CRYPTO,410.14,8,2026-01-20 12:12:12.511131
BUY-1763965650528-006088,SELL-1763965655397-003532,CRYPTO,410.14,10,2026-01-20 12:12:12.511136
BUY-1763965650529-006918,SELL-1763965655397-003532,CRYPTO,410.14,8,2026-01-20 12:12:12.511141
BUY-1763965650527-005719,SELL-1763965655397-003532,CRYPTO,410.14,9,2026-01-20 12:12:12.511145
BUY-1763965650527-005329,SELL-1763965655397-003532,CRYPTO,410.14,2,2026-01-20 12:12:12.511149
BUY-1763965650525-003731,SELL-1763965655397-003532,CRYPTO,410.14,2,2026-01-20 12:12:12.511154
BUY-1763965650521-001565,SELL-1763965655397-003532,CRYPTO,410.14,4,2026-01-20 12:12:12.511158
BUY-1763965650526-004680,SELL-1763965655397-003532,CRYPTO,410.14,5,2026-01-20 12:12:12.511163
BUY-1763965650528-006377,SELL-1763965655397-003532,CRYPTO,410.14,5,2026-01-20 12:12:12.511167
BUY-1763965650528-006627,SELL-1763965655397-003532,CRYPTO,410.14,2,2026-01-20 12:12:12.511171
BUY-1763965650529-006713,SELL-1763965655397-003532,CRYPTO,410.14,9,2026-01-20 12:12:12.511175
BUY-1763965650524-003359,SELL-1763965655397-003532,CRYPTO,410.14,10,2026-01-20 12:12:12.511180
BUY-1763965650523-002475,SELL-1763965655397-003532,CRYPTO,410.14,7,2026-01-20 12:12:12.511184
BUY-1763965650529-006956,SELL-1763965655398-004248,EQUITY,95.53,5,2026-01-20 12:12:12.511193
BUY-1763965650520-000757,SELL-1763965655398-004248,EQUITY,95.53,184,2026-01-20 12:12:12.511198
BUY-1763965650523-002878,SELL-1763965655398-004248,EQUITY,95.53,200,2026-01-20 12:12:12.511203
BUY-1763965650527-005750,SELL-1763965655398-004248,EQUITY,95.53,61,2026-01-20 12:12:12.511208
BUY-1763965650526-004607,SELL-1763965655398-004248,EQUITY,95.53,26,2026-01-20 12:12:12.511213
BUY-1763965650528-006392,SELL-1763965655398-004185,FOREX,3.83,67,2026-01-20 12:12:12.511222
BUY-1763965650524-003246,SELL-1763965655398-004185,FOREX,3.83,10,2026-01-20 12:12:12.511227
BUY-1763965650523-002475,SELL-1763965655395-002964,CRYPTO,3146.22,3,2026-01-20 12:12:12.511236
BUY-1763965650525-003909,SELL-1763965655395-002964,CRYPTO,3146.22,1,2026-01-20 12:12:12.511240
BUY-1763965650520-000895,SELL-1763965655395-002964,CRYPTO,3146.22,9,2026-01-20 12:12:12.511245
BUY-1763965650529-007423,SELL-1763965655395-002964,CRYPTO,3146.22,1,2026-01-20 12:12:12.511249
BUY-1763965650529-007423,SELL-1763965655398-004267,CRYPTO,1045.59,6,2026-01-20 12:12:12.511264
BUY-1763965650526-004844,SELL-1763965655398-004267,CRYPTO,1045.59,3,2026-01-20 12:12:12.511269
BUY-1763965650523-002731,SELL-1763965655398-004267,CRYPTO,1045.59,10,2026-01-20 12:12:12.511273
BUY-1763965650522-002108,SELL-1763965655398-004267,CRYPTO,1045.59,8,2026-01-20 12:12:12.511278
BUY-1763965650524-002997,SELL-1763965655398-004267,CRYPTO,1045.59,2,2026-01-20 12:12:12.511282
BUY-1763965650529-007067,SELL-1763965655398-004267,CRYPTO,1045.59,2,2026-01-20 12:12:12.511286
BUY-1763965650527-005767,SELL-1763965655398-004267,CRYPTO,1045.59,1,2026-01-20 12:12:12.511292
BUY-1763965650526-004607,SELL-1763965655394-002305,EQUITY,126.83,158,2026-01-20 12:12:12.511301
BUY-1763965650527-005711,SELL-1763965655394-002305,EQUITY,126.83,47,2026-01-20 12:12:12.511308
BUY-1763965650529-007189,SELL-1763965655394-002305,EQUITY,126.83,48,2026-01-20 12:12:12.511314
BUY-1763965650524-003509,SELL-1763965655394-002305,EQUITY,126.83,18,2026-01-20 12:12:12.511321
BUY-1763965650529-007283,SELL-1763965655394-002305,EQUITY,126.83,13,2026-01-20 12:12:12.511326
BUY-1763965650529-007283,SELL-1763965655394-001956,EQUITY,172.96,157,2026-01-20 12:12:12.511337
BUY-1763965650525-004310,SELL-1763965655394-001956,EQUITY,172.96,14,2026-01-20 12:12:12.511342
BUY-1763965650520-000786,SELL-1763965655394-001956,EQUITY,172.96,196,2026-01-20 12:12:12.511346
BUY-1763965650524-003662,SELL-1763965655394-001956,EQUITY,172.96,7,2026-01-20 12:12:12.511351
BUY-1763965650524-003662,SELL-1763965655396-003333,EQUITY,329.68,55,2026-01-20 12:12:12.511359
BUY-1763965650525-003711,SELL-1763965655396-003333,EQUITY,329.68,24,2026-01-20 12:12:12.511364
BUY-1763965650527-005767,SELL-1763965655395-002488,CRYPTO,3745.04,2,2026-01-20 12:12:12.511373
BUY-1763965650525-003771,SELL-1763965655395-002488,CRYPTO,3745.04,2,2026-01-20 12:12:12.511377
BUY-1763965650519-000576,SELL-1763965655395-002488,CRYPTO,3745.04,5,2026-01-20 12:12:12.511382
BUY-1763965650525-003711,SELL-1763965655397-003602,EQUITY,322.91,55,2026-01-20 12:12:12.511391
BUY-1763965650522-001671,SELL-1763965655397-003602,EQUITY,322.91,5,2026-01-20 12:12:12.511395
BUY-1763965650522-001715,SELL-1763965655397-003602,EQUITY,322.91,168,2026-01-20 12:12:12.511400
BUY-1763965650519-000576,SELL-1763965655398-004241,CRYPTO,134.51,5,2026-01-20 12:12:12.511409
BUY-1763965650522-001689,SELL-1763965655398-004241,CRYPTO,134.51,10,2026-01-20 12:12:12.511414
BUY-1763965650519-000520,SELL-1763965655398-004241,CRYPTO,134.51,5,2026-01-20 12:12:12.511418
BUY-1763965650523-002827,SELL-1763965655398-004241,CRYPTO,134.51,1,2026-01-20 12:12:12.511422
BUY-1763965650526-004751,SELL-1763965655398-004241,CRYPTO,134.51,6,2026-01-20 12:12:12.511427
BUY-1763965650525-004201,SELL-1763965655398-004241,CRYPTO,134.51,1,2026-01-20 12:12:12.511431
BUY-1763965650526-004932,SELL-1763965655398-004241,CRYPTO,134.51,6,2026-01-20 12:12:12.511435
BUY-1763965650524-003583,SELL-1763965655398-004241,CRYPTO,134.51,5,2026-01-20 12:12:12.511440
BUY-1763965650522-002134,SELL-1763965655398-004241,CRYPTO,134.51,7,2026-01-20 12:12:12.511444
BUY-1763965650526-004960,SELL-1763965655398-004241,CRYPTO,134.51,1,2026-01-20 12:12:12.511448
BUY-1763965650526-004446,SELL-1763965655398-004241,CRYPTO,134.51,7,2026-01-20 12:12:12.511453
BUY-1763965650523-002535,SELL-1763965655398-004241,CRYPTO,134.51,7,2026-01-20 12:12:12.511457
BUY-1763965650527-005134,SELL-1763965655398-004241,CRYPTO,134.51,8,2026-01-20 12:12:12.511462
BUY-1763965650523-002865,SELL-1763965655398-004241,CRYPTO,134.51,11,2026-01-20 12:12:12.511466
BUY-1763965650525-004195,SELL-1763965655398-004241,CRYPTO,134.51,9,2026-01-20 12:12:12.511471
BUY-1763965650522-002173,SELL-1763965655398-004241,CRYPTO,134.51,3,2026-01-20 12:12:12.511475
BUY-1763965650524-003634,SELL-1763965655398-004241,CRYPTO,134.51,2,2026-01-20 12:12:12.511480
BUY-1763965650528-006495,SELL-1763965655398-004241,CRYPTO,134.51,10,2026-01-20 12:12:12.511484
BUY-1763965650525-004369,SELL-1763965655398-004241,CRYPTO,134.51,2,2026-01-20 12:12:12.511489
BUY-1763965650527-005364,SELL-1763965655398-004241,CRYPTO,134.51,9,2026-01-20 12:12:12.511493
BUY-1763965650522-001785,SELL-1763965655398-004241,CRYPTO,134.51,4,2026-01-20 12:12:12.511497
BUY-1763965650528-006414,SELL-1763965655398-004241,CRYPTO,134.51,10,2026-01-20 12:12:12.511502
BUY-1763965650522-001838,SELL-1763965655398-004241,CRYPTO,134.51,2,2026-01-20 12:12:12.511506
BUY-1763965650524-003473,SELL-1763965655398-004241,CRYPTO,134.51,5,2026-01-20 12:12:12.511510
BUY-1763965650526-004536,SELL-1763965655398-004241,CRYPTO,134.51,2,2026-01-20 12:12:12.511514
BUY-1763965650527-005747,SELL-1763965655398-004241,CRYPTO,134.51,1,2026-01-20 12:12:12.511519
BUY-1763965650522-001977,SELL-1763965655398-004241,CRYPTO,134.51,5,2026-01-20 12:12:12.511523
BUY-1763965650527-005418,SELL-1763965655398-004241,CRYPTO,134.51,6,2026-01-20 12:12:12.511528
BUY-1763965650528-006429,SELL-1763965655398-004241,CRYPTO,134.51,9,2026-01-20 12:12:12.511532
BUY-1763965650528-006306,SELL-1763965655398-004241,CRYPTO,134.51,8,2026-01-20 12:12:12.511536
BUY-1763965650521-001562,SELL-1763965655398-004241,CRYPTO,134.51,1,2026-01-20 12:12:12.511541
BUY-1763965650525-003777,SELL-1763965655398-004241,CRYPTO,134.51,7,2026-01-20 12:12:12.511558
BUY-1763965650523-002354,SELL-1763965655398-004241,CRYPTO,134.51,4,2026-01-20 12:12:12.511562
BUY-1763965650525-004011,SELL-1763965655398-004241,CRYPTO,134.51,10,2026-01-20 12:12:12.511567
BUY-1763965650527-005540,SELL-1763965655398-004241,CRYPTO,134.51,9,2026-01-20 12:12:12.511571
BUY-1763965650529-007483,SELL-1763965655398-004241,CRYPTO,134.51,6,2026-01-20 12:12:12.511575
BUY-1763965650527-005425,SELL-1763965655398-004241,CRYPTO,134.51,4,2026-01-20 12:12:12.511579
BUY-1763965650525-004056,SELL-1763965655398-004241,CRYPTO,134.51,4,2026-01-20 12:12:12.511584
BUY-1763965650525-004056,SELL-1763965655391-000793,CRYPTO,4041.08,1,2026-01-20 12:12:12.511594
BUY-1763965650525-003727,SELL-1763965655391-000793,CRYPTO,4041.08,4,2026-01-20 12:12:12.511599
BUY-1763965650524-003246,SELL-1763965655394-001992,FOREX,7.31,65,2026-01-20 12:12:12.511610
BUY-1763965650524-003246,SELL-1763965655394-001960,FOREX,2.43,48,2026-01-20 12:12:12.511619
BUY-1763965650524-003246,SELL-1763965655398-004425,FOREX,7.27,19,2026-01-20 12:12:12.511628
BUY-1763965650528-006058,SELL-1763965655398-004425,FOREX,7.27,579,2026-01-20 12:12:12.511633
BUY-1763965650521-001405,SELL-1763965655398-004425,FOREX,7.27,38,2026-01-20 12:12:12.511638
BUY-1763965650521-001405,SELL-1763965655392-001271,FOREX,5.92,708,2026-01-20 12:12:12.511647
BUY-1763965650521-001437,SELL-1763965655392-001271,FOREX,5.92,5,2026-01-20 12:12:12.511652
BUY-1763965650521-001437,SELL-1763965655397-003875,FOREX,7.0,508,2026-01-20 12:12:12.511660
BUY-1763965650525-003727,SELL-1763965655392-001174,CRYPTO,4839.36,4,2026-01-20 12:12:12.511670
BUY-1763965650521-001437,SELL-1763965655393-001488,FOREX,9.46,48,2026-01-20 12:12:12.511681
BUY-1763965650521-001519,SELL-1763965655393-001488,FOREX,9.46,200,2026-01-20 12:12:12.511686
BUY-1763965650527-005249,SELL-1763965655393-001488,FOREX,9.46,230,2026-01-20 12:12:12.511691
BUY-1763965650527-005249,SELL-1763965655392-001028,FOREX,6.44,91,2026-01-20 12:12:12.511699
BUY-1763965650525-003763,SELL-1763965655392-001028,FOREX,6.44,376,2026-01-20 12:12:12.511705
BUY-1763965650528-006624,SELL-1763965655392-001028,FOREX,6.44,60,2026-01-20 12:12:12.511709
BUY-1763965650527-005638,SELL-1763965655392-001028,FOREX,6.44,459,2026-01-20 12:12:12.511714
BUY-1763965650527-005638,SELL-1763965655390-000089,FOREX,2.0,70,2026-01-20 12:12:12.511728
BUY-1763965650522-001715,SELL-1763965655391-000800,EQUITY,115.23,8,2026-01-20 12:12:12.511737
BUY-1763965650526-004905,SELL-1763965655391-000800,EQUITY,115.23,29,2026-01-20 12:12:12.511742
BUY-1763965650524-003316,SELL-1763965655391-000800,EQUITY,115.23,93,2026-01-20 12:12:12.511746
BUY-1763965650525-004205,SELL-1763965655391-000800,EQUITY,115.23,24,2026-01-20 12:12:12.511751
BUY-1763965650527-005550,SELL-1763965655391-000800,EQUITY,115.23,95,2026-01-20 12:12:12.511756
BUY-1763965650523-002834,SELL-1763965655391-000800,EQUITY,115.23,112,2026-01-20 12:12:12.511760
BUY-1763965650525-004200,SELL-1763965655391-000800,EQUITY,115.23,6,2026-01-20 12:12:12.511764
BUY-1763965650528-006101,SELL-1763965655391-000800,EQUITY,115.23,139,2026-01-20 12:12:12.511769
BUY-1763965650527-005632,SELL-1763965655391-000800,EQUITY,115.23,112,2026-01-20 12:12:12.511773
BUY-1763965650525-004001,SELL-1763965655394-001951,CRYPTO,2901.4,4,2026-01-20 12:12:12.511782
BUY-1763965650521-001057,SELL-1763965655394-001951,CRYPTO,2901.4,4,2026-01-20 12:12:12.511787
BUY-1763965650521-001057,SELL-1763965655392-001174,CRYPTO,4839.36,6,2026-01-20 12:12:12.511791
BUY-1763965650527-005128,SELL-1763965655396-003246,CRYPTO,3476.4,3,2026-01-20 12:12:12.511802
BUY-1763965650527-005638,SELL-1763965655398-004274,FOREX,7.8,393,2026-01-20 12:12:12.511812
BUY-1763965650525-003942,SELL-1763965655398-004274,FOREX,7.8,401,2026-01-20 12:12:12.511817
BUY-1763965650525-003942,SELL-1763965655397-003938,FOREX,7.16,341,2026-01-20 12:12:12.511829
BUY-1763965650527-005632,SELL-1763965655397-003951,EQUITY,142.27,67,2026-01-20 12:12:12.511843
BUY-1763965650523-002583,SELL-1763965655397-003951,EQUITY,142.27,104,2026-01-20 12:12:12.511848
BUY-1763965650529-006684,SELL-1763965655397-003951,EQUITY,142.27,107,2026-01-20 12:12:12.511852
BUY-1763965650524-003154,SELL-1763965655397-003951,EQUITY,142.27,46,2026-01-20 12:12:12.511857
BUY-1763965650527-005135,SELL-1763965655397-003951,EQUITY,142.27,180,2026-01-20 12:12:12.511861
BUY-1763965650527-005511,SELL-1763965655397-003951,EQUITY,142.27,37,2026-01-20 12:12:12.511866
BUY-1763965650528-006461,SELL-1763965655397-003951,EQUITY,142.27,128,2026-01-20 12:12:12.511870
BUY-1763965650525-003942,SELL-1763965655393-001644,FOREX,3.24,1,2026-01-20 12:12:12.511880
BUY-1763965650527-005128,SELL-1763965655393-001923,CRYPTO,3650.94,1,2026-01-20 12:12:12.511889
BUY-1763965650527-005539,SELL-1763965655393-001923,CRYPTO,3650.94,4,2026-01-20 12:12:12.511894
BUY-1763965650527-005620,SELL-1763965655393-001923,CRYPTO,3650.94,3,2026-01-20 12:12:12.511898
BUY-1763965650528-006461,SELL-1763965655394-002414,EQUITY,215.06,10,2026-01-20 12:12:12.511908
BUY-1763965650526-004930,SELL-1763965655394-002414,EQUITY,215.06,9,2026-01-20 12:12:12.511912
BUY-1763965650524-003681,SELL-1763965655394-002414,EQUITY,215.06,102,2026-01-20 12:12:12.511918
BUY-1763965650528-006030,SELL-1763965655394-002414,EQUITY,215.06,177,2026-01-20 12:12:12.511922
BUY-1763965650522-001869,SELL-1763965655394-002414,EQUITY,215.06,101,2026-01-20 12:12:12.511926
BUY-1763965650524-003676,SELL-1763965655394-002414,EQUITY,215.06,3,2026-01-20 12:12:12.511931
BUY-1763965650527-005620,SELL-1763965655397-003633,CRYPTO,3381.94,4,2026-01-20 12:12:12.511940
BUY-1763965650529-007298,SELL-1763965655397-003633,CRYPTO,3381.94,3,2026-01-20 12:12:12.511945
BUY-1763965650529-007014,SELL-1763965655397-003633,CRYPTO,3381.94,5,2026-01-20 12:12:12.511949
BUY-1763965650529-007014,SELL-1763965655398-004227,CRYPTO,3947.49,1,2026-01-20 12:12:12.511958
BUY-1763965650529-007014,SELL-1763965655399-004796,CRYPTO,1518.42,1,2026-01-20 12:12:12.511967
BUY-1763965650528-006459,SELL-1763965655399-004796,CRYPTO,1518.42,6,2026-01-20 12:12:12.511971
BUY-1763965650528-006128,SELL-1763965655399-004796,CRYPTO,1518.42,5,2026-01-20 12:12:12.511976
BUY-1763965650525-003918,SELL-1763965655399-004796,CRYPTO,1518.42,5,2026-01-20 12:12:12.511980
BUY-1763965650525-004141,SELL-1763965655399-004796,CRYPTO,1518.42,7,2026-01-20 12:12:12.511984
BUY-1763965650525-003942,SELL-1763965655394-002270,FOREX,3.89,88,2026-01-20 12:12:12.511994
BUY-1763965650529-006945,SELL-1763965655394-002270,FOREX,3.89,224,2026-01-20 12:12:12.511999
BUY-1763965650524-003676,SELL-1763965655398-004484,EQUITY,395.81,145,2026-01-20 12:12:12.512007
BUY-1763965650522-001953,SELL-1763965655398-004484,EQUITY,395.81,19,2026-01-20 12:12:12.512012
BUY-1763965650529-006945,SELL-1763965655399-004790,FOREX,2.22,146,2026-01-20 12:12:12.512021
BUY-1763965650522-001953,SELL-1763965655395-002554,EQUITY,94.74,162,2026-01-20 12:12:12.512030
BUY-1763965650523-002889,SELL-1763965655395-002554,EQUITY,94.74,96,2026-01-20 12:12:12.512035
BUY-1763965650528-006225,SELL-1763965655395-002554,EQUITY,94.74,120,2026-01-20 12:12:12.512039
BUY-1763965650522-002209,SELL-1763965655395-002554,EQUITY,94.74,137,2026-01-20 12:12:12.512044
BUY-1763965650529-007424,SELL-1763965655395-002554,EQUITY,94.74,48,2026-01-20 12:12:12.512051
BUY-1763965650525-004141,SELL-1763965655395-002564,CRYPTO,3795.59,2,2026-01-20 12:12:12.512060
BUY-1763965650528-006618,SELL-1763965655395-002564,CRYPTO,3795.59,8,2026-01-20 12:12:12.512064
BUY-1763965650526-004545,SELL-1763965655395-002564,CRYPTO,3795.59,2,2026-01-20 12:12:12.512069
BUY-1763965650529-007424,SELL-1763965655396-003271,EQUITY,460.36,105,2026-01-20 12:12:12.512078
BUY-1763965650528-006230,SELL-1763965655396-003271,EQUITY,460.36,32,2026-01-20 12:12:12.512083
BUY-1763965650529-006945,SELL-1763965655399-004533,FOREX,5.74,528,2026-01-20 12:12:12.512092
BUY-1763965650520-000661,SELL-1763965655399-004533,FOREX,5.74,129,2026-01-20 12:12:12.512098
BUY-1763965650528-006230,SELL-1763965655395-002651,EQUITY,220.57,163,2026-01-20 12:12:12.512107
BUY-1763965650525-004021,SELL-1763965655395-002651,EQUITY,220.57,17,2026-01-20 12:12:12.512111
BUY-1763965650529-006923,SELL-1763965655395-002651,EQUITY,220.57,125,2026-01-20 12:12:12.512115
BUY-1763965650526-004545,SELL-1763965655393-001902,CRYPTO,2225.71,6,2026-01-20 12:12:12.512124
BUY-1763965650528-006001,SELL-1763965655393-001902,CRYPTO,2225.71,2,2026-01-20 12:12:12.512130
BUY-1763965650529-007340,SELL-1763965655393-001902,CRYPTO,2225.71,2,2026-01-20 12:12:12.512136
BUY-1763965650529-007044,SELL-1763965655393-001902,CRYPTO,2225.71,2,2026-01-20 12:12:12.512142
BUY-1763965650529-007044,SELL-1763965655397-003623,CRYPTO,3668.13,2,2026-01-20 12:12:12.512152
BUY-1763965650529-007132,SELL-1763965655397-003623,CRYPTO,3668.13,1,2026-01-20 12:12:12.512158
BUY-1763965650520-000661,SELL-1763965655399-004811,FOREX,4.39,561,2026-01-20 12:12:12.512169
BUY-1763965650529-006923,SELL-1763965655399-004922,EQUITY,439.58,78,2026-01-20 12:12:12.512178
BUY-1763965650522-001828,SELL-1763965655399-004922,EQUITY,439.58,57,2026-01-20 12:12:12.512182
BUY-1763965650520-000661,SELL-1763965655394-001954,FOREX,8.69,12,2026-01-20 12:12:12.512191
BUY-1763965650528-006567,SELL-1763965655394-001954,FOREX,8.69,312,2026-01-20 12:12:12.512196
BUY-1763965650528-006567,SELL-1763965655397-003578,FOREX,9.35,669,2026-01-20 12:12:12.512205
BUY-1763965650528-005995,SELL-1763965655397-003578,FOREX,9.35,128,2026-01-20 12:12:12.512210
BUY-1763965650523-002897,SELL-1763965655397-003575,CRYPTO,1739.82,1,2026-01-20 12:12:12.512219
BUY-1763965650519-000541,SELL-1763965655397-003575,CRYPTO,1739.82,4,2026-01-20 12:12:12.512223
BUY-1763965650522-001828,SELL-1763965655395-002930,EQUITY,76.83,102,2026-01-20 12:12:12.512232
BUY-1763965650521-001100,SELL-1763965655395-002930,EQUITY,76.83,19,2026-01-20 12:12:12.512237
BUY-1763965650521-001184,SELL-1763965655395-002930,EQUITY,76.83,171,2026-01-20 12:12:12.512242
BUY-1763965650521-001352,SELL-1763965655395-002930,EQUITY,76.83,106,2026-01-20 12:12:12.512246
BUY-1763965650527-005315,SELL-1763965655395-002930,EQUITY,76.83,134,2026-01-20 12:12:12.512251
BUY-1763965650528-005995,SELL-1763965655398-004374,FOREX,3.21,268,2026-01-20 12:12:12.512260
BUY-1763965650527-005386,SELL-1763965655398-004374,FOREX,3.21,56,2026-01-20 12:12:12.512265
BUY-1763965650528-006308,SELL-1763965655398-004374,FOREX,3.21,79,2026-01-20 12:12:12.512269
BUY-1763965650519-000541,SELL-1763965655393-001751,CRYPTO,134.81,5,2026-01-20 12:12:12.512278
BUY-1763965650525-003810,SELL-1763965655393-001751,CRYPTO,134.81,3,2026-01-20 12:12:12.512283
BUY-1763965650523-002825,SELL-1763965655393-001751,CRYPTO,134.81,1,2026-01-20 12:12:12.512288
BUY-1763965650528-006236,SELL-1763965655393-001751,CRYPTO,134.81,5,2026-01-20 12:12:12.512292
BUY-1763965650525-004363,SELL-1763965655393-001751,CRYPTO,134.81,7,2026-01-20 12:12:12.512296
BUY-1763965650529-007357,SELL-1763965655393-001751,CRYPTO,134.81,6,2026-01-20 12:12:12.512301
BUY-1763965650520-000989,SELL-1763965655393-001751,CRYPTO,134.81,3,2026-01-20 12:12:12.512306
BUY-1763965650523-002808,SELL-1763965655393-001751,CRYPTO,134.81,7,2026-01-20 12:12:12.512311
BUY-1763965650523-002804,SELL-1763965655393-001751,CRYPTO,134.81,5,2026-01-20 12:12:12.512315
BUY-1763965650526-005054,SELL-1763965655393-001751,CRYPTO,134.81,10,2026-01-20 12:12:12.512319
BUY-1763965650527-005597,SELL-1763965655393-001751,CRYPTO,134.81,9,2026-01-20 12:12:12.512324
BUY-1763965650526-004402,SELL-1763965655393-001751,CRYPTO,134.81,5,2026-01-20 12:12:12.512328
BUY-1763965650522-001736,SELL-1763965655393-001751,CRYPTO,134.81,7,2026-01-20 12:12:12.512332
BUY-1763965650527-005552,SELL-1763965655393-001751,CRYPTO,134.81,2,2026-01-20 12:12:12.512336
BUY-1763965650521-001346,SELL-1763965655393-001751,CRYPTO,134.81,1,2026-01-20 12:12:12.512341
BUY-1763965650529-007448,SELL-1763965655393-001751,CRYPTO,134.81,6,2026-01-20 12:12:12.512345
BUY-1763965650526-004550,SELL-1763965655393-001751,CRYPTO,134.81,3,2026-01-20 12:12:12.512350
BUY-1763965650522-001805,SELL-1763965655393-001751,CRYPTO,134.81,1,2026-01-20 12:12:12.512354
BUY-1763965650520-000637,SELL-1763965655393-001751,CRYPTO,134.81,7,2026-01-20 12:12:12.512358
BUY-1763965650529-007221,SELL-1763965655393-001751,CRYPTO,134.81,1,2026-01-20 12:12:12.512362
BUY-1763965650529-006941,SELL-1763965655393-001751,CRYPTO,134.81,6,2026-01-20 12:12:12.512366
BUY-1763965650522-001719,SELL-1763965655393-001751,CRYPTO,134.81,2,2026-01-20 12:12:12.512370
BUY-1763965650528-006388,SELL-1763965655393-001751,CRYPTO,134.81,2,2026-01-20 12:12:12.512374
BUY-1763965650526-004853,SELL-1763965655393-001751,CRYPTO,134.81,11,2026-01-20 12:12:12.512378
BUY-1763965650524-003278,SELL-1763965655393-001751,CRYPTO,134.81,8,2026-01-20 12:12:12.512383
BUY-1763965650528-005914,SELL-1763965655393-001751,CRYPTO,134.81,7,2026-01-20 12:12:12.512388
BUY-1763965650521-001584,SELL-1763965655393-001751,CRYPTO,134.81,10,2026-01-20 12:12:12.512392
BUY-1763965650522-001772,SELL-1763965655393-001751,CRYPTO,134.81,4,2026-01-20 12:12:12.512396
BUY-1763965650521-001434,SELL-1763965655393-001751,CRYPTO,134.81,3,2026-01-20 12:12:12.512400
BUY-1763965650524-003163,SELL-1763965655393-001751,CRYPTO,134.81,11,2026-01-20 12:12:12.512405
BUY-1763965650528-006602,SELL-1763965655393-001751,CRYPTO,134.81,9,2026-01-20 12:12:12.512410
BUY-1763965650527-005088,SELL-1763965655393-001751,CRYPTO,134.81,7,2026-01-20 12:12:12.512414
BUY-1763965650524-003360,SELL-1763965655393-001751,CRYPTO,134.81,1,2026-01-20 12:12:12.512418
BUY-1763965650525-004353,SELL-1763965655393-001751,CRYPTO,134.81,9,2026-01-20 12:12:12.512423
BUY-1763965650527-005315,SELL-1763965655390-000151,EQUITY,250.0,16,2026-01-20 12:12:12.512434
BUY-1763965650527-005315,SELL-1763965655392-001082,EQUITY,353.56,3,2026-01-20 12:12:12.512443
BUY-1763965650529-007290,SELL-1763965655392-001082,EQUITY,353.56,100,2026-01-20 12:12:12.512448
BUY-1763965650525-004253,SELL-1763965655392-001082,EQUITY,353.56,113,2026-01-20 12:12:12.512452
BUY-1763965650528-006367,SELL-1763965655395-002928,CRYPTO,375.85,6,2026-01-20 12:12:12.512461
BUY-1763965650527-005574,SELL-1763965655395-002928,CRYPTO,375.85,4,2026-01-20 12:12:12.512466
BUY-1763965650523-002635,SELL-1763965655395-002928,CRYPTO,375.85,8,2026-01-20 12:12:12.512470
BUY-1763965650527-005392,SELL-1763965655395-002928,CRYPTO,375.85,1,2026-01-20 12:12:12.512474
BUY-1763965650529-006755,SELL-1763965655395-002928,CRYPTO,375.85,9,2026-01-20 12:12:12.512479
BUY-1763965650528-006464,SELL-1763965655395-002928,CRYPTO,375.85,3,2026-01-20 12:12:12.512483
BUY-1763965650528-006464,SELL-1763965655390-000086,CRYPTO,1500.0,4,2026-01-20 12:12:12.512502
BUY-1763965650528-006430,SELL-1763965655390-000086,CRYPTO,1500.0,9,2026-01-20 12:12:12.512507
BUY-1763965650522-001684,SELL-1763965655390-000086,CRYPTO,1500.0,10,2026-01-20 12:12:12.512511
BUY-1763965650525-004072,SELL-1763965655390-000086,CRYPTO,1500.0,3,2026-01-20 12:12:12.512515
BUY-1763965650524-003033,SELL-1763965655390-000086,CRYPTO,1500.0,5,2026-01-20 12:12:12.512519
BUY-1763965650522-001966,SELL-1763965655398-004273,CRYPTO,2814.43,6,2026-01-20 12:12:12.512530
BUY-1763965650528-006308,SELL-1763965655397-003840,FOREX,3.59,281,2026-01-20 12:12:12.512544
BUY-1763965650528-006308,SELL-1763965655392-001305,FOREX,2.38,174,2026-01-20 12:12:12.512553
BUY-1763965650525-004253,SELL-1763965655396-003259,EQUITY,203.75,26,2026-01-20 12:12:12.512561
BUY-1763965650525-004253,SELL-1763965655395-002647,EQUITY,115.39,30,2026-01-20 12:12:12.512571
BUY-1763965650527-005578,SELL-1763965655395-002647,EQUITY,115.39,33,2026-01-20 12:12:12.512577
BUY-1763965650528-006304,SELL-1763965655395-002647,EQUITY,115.39,91,2026-01-20 12:12:12.512581
BUY-1763965650526-004954,SELL-1763965655395-002647,EQUITY,115.39,8,2026-01-20 12:12:12.512586
BUY-1763965650527-005629,SELL-1763965655395-002647,EQUITY,115.39,127,2026-01-20 12:12:12.512591
BUY-1763965650528-006308,SELL-1763965655390-000045,FOREX,1.5,57,2026-01-20 12:12:12.512602
BUY-1763965650529-007329,SELL-1763965655390-000045,FOREX,1.5,46,2026-01-20 12:12:12.512605
BUY-1763965650524-003474,SELL-1763965655397-003878,CRYPTO,4506.74,4,2026-01-20 12:12:12.512611
BUY-1763965650520-000739,SELL-1763965655397-003878,CRYPTO,4506.74,2,2026-01-20 12:12:12.512615
BUY-1763965650529-007329,SELL-1763965655394-001991,FOREX,2.76,530,2026-01-20 12:12:12.512620
BUY-1763965650527-005629,SELL-1763965655395-002927,EQUITY,352.82,11,2026-01-20 12:12:12.512626
BUY-1763965650522-001849,SELL-1763965655395-002927,EQUITY,352.82,35,2026-01-20 12:12:12.512629
BUY-1763965650524-003381,SELL-1763965655395-002927,EQUITY,352.82,53,2026-01-20 12:12:12.512632
BUY-1763965650529-007108,SELL-1763965655395-002927,EQUITY,352.82,103,2026-01-20 12:12:12.512635
BUY-1763965650529-007108,SELL-1763965655396-003249,EQUITY,90.56,4,2026-01-20 12:12:12.512641
BUY-1763965650525-003822,SELL-1763965655396-003249,EQUITY,90.56,102,2026-01-20 12:12:12.512643
BUY-1763965650529-007039,SELL-1763965655396-003249,EQUITY,90.56,213,2026-01-20 12:12:12.512646
BUY-1763965650522-001622,SELL-1763965655396-003249,EQUITY,90.56,103,2026-01-20 12:12:12.512649
BUY-1763965650529-006854,SELL-1763965655396-003249,EQUITY,90.56,10,2026-01-20 12:12:12.512652
BUY-1763965650529-007329,SELL-1763965655392-001289,FOREX,8.38,213,2026-01-20 12:12:12.512657
BUY-1763965650527-005132,SELL-1763965655392-001289,FOREX,8.38,334,2026-01-20 12:12:12.512661
BUY-1763965650527-005132,SELL-1763965655395-002676,FOREX,3.33,78,2026-01-20 12:12:12.512666
BUY-1763965650522-001881,SELL-1763965655395-002676,FOREX,3.33,178,2026-01-20 12:12:12.512669
BUY-1763965650526-004625,SELL-1763965655395-002676,FOREX,3.33,346,2026-01-20 12:12:12.512673
BUY-1763965650524-003420,SELL-1763965655395-002676,FOREX,3.33,171,2026-01-20 12:12:12.512676
BUY-1763965650527-005348,SELL-1763965655395-002676,FOREX,3.33,139,2026-01-20 12:12:12.512679
BUY-1763965650520-000739,SELL-1763965655392-001183,CRYPTO,281.2,5,2026-01-20 12:12:12.512684
BUY-1763965650526-004965,SELL-1763965655392-001183,CRYPTO,281.2,9,2026-01-20 12:12:12.512687
BUY-1763965650527-005339,SELL-1763965655392-001183,CRYPTO,281.2,8,2026-01-20 12:12:12.512690
BUY-1763965650527-005245,SELL-1763965655392-001183,CRYPTO,281.2,9,2026-01-20 12:12:12.512693
BUY-1763965650525-004164,SELL-1763965655392-001183,CRYPTO,281.2,2,2026-01-20 12:12:12.512695
BUY-1763965650528-005823,SELL-1763965655392-001183,CRYPTO,281.2,3,2026-01-20 12:12:12.512698
BUY-1763965650524-003261,SELL-1763965655392-001183,CRYPTO,281.2,12,2026-01-20 12:12:12.512701
BUY-1763965650524-003457,SELL-1763965655392-001183,CRYPTO,281.2,5,2026-01-20 12:12:12.512704
BUY-1763965650522-001722,SELL-1763965655392-001183,CRYPTO,281.2,3,2026-01-20 12:12:12.512707
BUY-1763965650524-003556,SELL-1763965655392-001183,CRYPTO,281.2,6,2026-01-20 12:12:12.512709
BUY-1763965650520-000983,SELL-1763965655392-001183,CRYPTO,281.2,12,2026-01-20 12:12:12.512712
BUY-1763965650527-005423,SELL-1763965655392-001183,CRYPTO,281.2,7,2026-01-20 12:12:12.512715
BUY-1763965650520-000724,SELL-1763965655392-001183,CRYPTO,281.2,3,2026-01-20 12:12:12.512717
BUY-1763965650527-005537,SELL-1763965655392-001183,CRYPTO,281.2,8,2026-01-20 12:12:12.512720
BUY-1763965650525-004035,SELL-1763965655392-001183,CRYPTO,281.2,1,2026-01-20 12:12:12.512723
BUY-1763965650519-000548,SELL-1763965655392-001183,CRYPTO,281.2,3,2026-01-20 12:12:12.512725
BUY-1763965650529-006854,SELL-1763965655397-003560,EQUITY,190.62,142,2026-01-20 12:12:12.512731
BUY-1763965650521-001420,SELL-1763965655397-003560,EQUITY,190.62,63,2026-01-20 12:12:12.512735
BUY-1763965650519-000530,SELL-1763965655397-003560,EQUITY,190.62,130,2026-01-20 12:12:12.512738
BUY-1763965650525-004007,SELL-1763965655397-003560,EQUITY,190.62,64,2026-01-20 12:12:12.512741
BUY-1763965650527-005278,SELL-1763965655397-003560,EQUITY,190.62,95,2026-01-20 12:12:12.512745
BUY-1763965650527-005348,SELL-1763965655396-003330,FOREX,6.43,51,2026-01-20 12:12:12.512758
BUY-1763965650527-005278,SELL-1763965655396-003186,EQUITY,163.24,91,2026-01-20 12:12:12.512763
BUY-1763965650524-003598,SELL-1763965655396-003186,EQUITY,163.24,30,2026-01-20 12:12:12.512766
BUY-1763965650528-006194,SELL-1763965655396-003186,EQUITY,163.24,192,2026-01-20 12:12:12.512769
BUY-1763965650528-006194,SELL-1763965655394-002363,EQUITY,480.22,12,2026-01-20 12:12:12.512774
BUY-1763965650527-005659,SELL-1763965655393-001680,EQUITY,317.07,12,2026-01-20 12:12:12.512780
BUY-1763965650527-005348,SELL-1763965655396-003240,FOREX,5.52,209,2026-01-20 12:12:12.512786
BUY-1763965650522-001757,SELL-1763965655396-003240,FOREX,5.52,363,2026-01-20 12:12:12.512790
BUY-1763965650527-005659,SELL-1763965655398-004276,EQUITY,142.28,85,2026-01-20 12:12:12.512795
BUY-1763965650521-001456,SELL-1763965655398-004276,EQUITY,142.28,186,2026-01-20 12:12:12.512798
BUY-1763965650526-004841,SELL-1763965655398-004276,EQUITY,142.28,102,2026-01-20 12:12:12.512801
BUY-1763965650526-004841,SELL-1763965655394-002363,EQUITY,480.22,10,2026-01-20 12:12:12.512803
BUY-1763965650527-005215,SELL-1763965655394-001989,EQUITY,239.59,103,2026-01-20 12:12:12.512809
BUY-1763965650526-005007,SELL-1763965655394-001989,EQUITY,239.59,154,2026-01-20 12:12:12.512812
BUY-1763965650525-004095,SELL-1763965655399-004872,EQUITY,264.36,77,2026-01-20 12:12:12.512819
BUY-1763965650525-004095,SELL-1763965655392-001002,EQUITY,99.48,41,2026-01-20 12:12:12.512824
BUY-1763965650522-001757,SELL-1763965655392-001047,FOREX,7.07,478,2026-01-20 12:12:12.512830
BUY-1763965650522-002023,SELL-1763965655392-001047,FOREX,7.07,252,2026-01-20 12:12:12.512833
BUY-1763965650519-000548,SELL-1763965655391-000752,CRYPTO,1810.89,5,2026-01-20 12:12:12.512842
BUY-1763965650523-002304,SELL-1763965655391-000752,CRYPTO,1810.89,2,2026-01-20 12:12:12.512845
BUY-1763965650522-002023,SELL-1763965655395-002699,FOREX,8.48,226,2026-01-20 12:12:12.512850
BUY-1763965650529-007185,SELL-1763965655395-002699,FOREX,8.48,100,2026-01-20 12:12:12.512854
BUY-1763965650525-004095,SELL-1763965655393-001764,EQUITY,255.81,56,2026-01-20 12:12:12.512859
BUY-1763965650523-002343,SELL-1763965655393-001764,EQUITY,255.81,25,2026-01-20 12:12:12.512862
BUY-1763965650529-007185,SELL-1763965655390-000019,FOREX,2.0,18,2026-01-20 12:12:12.512871
BUY-1763965650523-002343,SELL-1763965655395-002708,EQUITY,254.02,142,2026-01-20 12:12:12.512877
BUY-1763965650528-006622,SELL-1763965655395-002708,EQUITY,254.02,119,2026-01-20 12:12:12.512880
BUY-1763965650528-006622,SELL-1763965655397-003651,EQUITY,264.61,76,2026-01-20 12:12:12.512885
BUY-1763965650525-003957,SELL-1763965655397-003651,EQUITY,264.61,28,2026-01-20 12:12:12.512889
BUY-1763965650524-003330,SELL-1763965655397-003651,EQUITY,264.61,56,2026-01-20 12:12:12.512892
BUY-1763965650524-003330,SELL-1763965655399-004625,EQUITY,183.03,39,2026-01-20 12:12:12.512897
BUY-1763965650522-001618,SELL-1763965655399-004625,EQUITY,183.03,75,2026-01-20 12:12:12.512900
BUY-1763965650528-006000,SELL-1763965655399-004625,EQUITY,183.03,75,2026-01-20 12:12:12.512903
BUY-1763965650528-006000,SELL-1763965655392-001149,EQUITY,383.09,57,2026-01-20 12:12:12.512908
BUY-1763965650525-003802,SELL-1763965655392-001149,EQUITY,383.09,81,2026-01-20 12:12:12.512911
BUY-1763965650521-001324,SELL-1763965655392-001149,EQUITY,383.09,117,2026-01-20 12:12:12.512914
BUY-1763965650523-002304,SELL-1763965655394-002428,CRYPTO,3542.59,2,2026-01-20 12:12:12.512920
BUY-1763965650529-007185,SELL-1763965655398-004268,FOREX,9.38,299,2026-01-20 12:12:12.512930
BUY-1763965650529-007185,SELL-1763965655393-001842,FOREX,2.36,329,2026-01-20 12:12:12.512939
BUY-1763965650526-004756,SELL-1763965655393-001842,FOREX,2.36,99,2026-01-20 12:12:12.512943
BUY-1763965650526-004756,SELL-1763965655394-002254,FOREX,6.32,224,2026-01-20 12:12:12.512952
BUY-1763965650526-005048,SELL-1763965655394-002254,FOREX,6.32,340,2026-01-20 12:12:12.512955
BUY-1763965650526-005048,SELL-1763965655399-005022,FOREX,7.8,330,2026-01-20 12:12:12.512961
BUY-1763965650529-007095,SELL-1763965655399-005022,FOREX,7.8,242,2026-01-20 12:12:12.512966
BUY-1763965650529-007095,SELL-1763965655390-000052,FOREX,2.0,43,2026-01-20 12:12:12.512972
BUY-1763965650528-005872,SELL-1763965655391-000887,CRYPTO,1961.09,9,2026-01-20 12:12:12.512978
BUY-1763965650524-003483,SELL-1763965655391-000887,CRYPTO,1961.09,4,2026-01-20 12:12:12.512983
BUY-1763965650524-003483,SELL-1763965655398-004399,CRYPTO,3646.85,2,2026-01-20 12:12:12.512986
BUY-1763965650522-002169,SELL-1763965655398-004399,CRYPTO,3646.85,1,2026-01-20 12:12:12.512990
BUY-1763965650526-004872,SELL-1763965655398-004399,CRYPTO,3646.85,3,2026-01-20 12:12:12.512996
BUY-1763965650523-002296,SELL-1763965655398-004399,CRYPTO,3646.85,3,2026-01-20 12:12:12.512999
BUY-1763965650523-002296,SELL-1763965655394-002428,CRYPTO,3542.59,1,2026-01-20 12:12:12.513001
BUY-1763965650523-002296,SELL-1763965655393-001770,CRYPTO,3188.75,5,2026-01-20 12:12:12.513007
BUY-1763965650525-004186,SELL-1763965655393-001770,CRYPTO,3188.75,6,2026-01-20 12:12:12.513010
BUY-1763965650524-003086,SELL-1763965655393-001770,CRYPTO,3188.75,2,2026-01-20 12:12:12.513013
BUY-1763965650521-001324,SELL-1763965655396-003253,EQUITY,298.0,91,2026-01-20 12:12:12.513019
BUY-1763965650527-005608,SELL-1763965655396-003253,EQUITY,298.0,135,2026-01-20 12:12:12.513022
BUY-1763965650524-003086,SELL-1763965655395-002623,CRYPTO,4190.61,1,2026-01-20 12:12:12.513028
BUY-1763965650529-007095,SELL-1763965655392-001400,FOREX,1.52,275,2026-01-20 12:12:12.513033
BUY-1763965650529-007418,SELL-1763965655392-001400,FOREX,1.52,309,2026-01-20 12:12:12.513037
BUY-1763965650527-005608,SELL-1763965655398-004417,EQUITY,171.4,41,2026-01-20 12:12:12.513047
BUY-1763965650527-005608,SELL-1763965655394-002363,EQUITY,480.22,6,2026-01-20 12:12:12.513049
BUY-1763965650525-003817,SELL-1763965655394-002363,EQUITY,480.22,63,2026-01-20 12:12:12.513052
BUY-1763965650525-003817,SELL-1763965655391-000538,EQUITY,258.99,4,2026-01-20 12:12:12.513058
BUY-1763965650520-000952,SELL-1763965655391-000538,EQUITY,258.99,76,2026-01-20 12:12:12.513061
BUY-1763965650524-003018,SELL-1763965655391-000538,EQUITY,258.99,65,2026-01-20 12:12:12.513064
BUY-1763965650529-007418,SELL-1763965655395-002932,FOREX,6.84,53,2026-01-20 12:12:12.513070
BUY-1763965650529-007418,SELL-1763965655395-002672,FOREX,6.9,329,2026-01-20 12:12:12.513075
BUY-1763965650529-006912,SELL-1763965655395-002672,FOREX,6.9,313,2026-01-20 12:12:12.513079
BUY-1763965650528-006587,SELL-1763965655395-002672,FOREX,6.9,41,2026-01-20 12:12:12.513082
BUY-1763965650524-003086,SELL-1763965655395-002966,CRYPTO,101.02,7,2026-01-20 12:12:12.513088
BUY-1763965650519-000577,SELL-1763965655395-002966,CRYPTO,101.02,9,2026-01-20 12:12:12.513091
BUY-1763965650526-004513,SELL-1763965655395-002966,CRYPTO,101.02,5,2026-01-20 12:12:12.513094
BUY-1763965650524-003625,SELL-1763965655395-002966,CRYPTO,101.02,6,2026-01-20 12:12:12.513097
BUY-1763965650522-002143,SELL-1763965655395-002966,CRYPTO,101.02,6,2026-01-20 12:12:12.513099
BUY-1763965650526-004899,SELL-1763965655395-002966,CRYPTO,101.02,6,2026-01-20 12:12:12.513102
BUY-1763965650523-002655,SELL-1763965655395-002966,CRYPTO,101.02,6,2026-01-20 12:12:12.513105
BUY-1763965650523-002948,SELL-1763965655395-002966,CRYPTO,101.02,5,2026-01-20 12:12:12.513107
BUY-1763965650525-003958,SELL-1763965655395-002966,CRYPTO,101.02,2,2026-01-20 12:12:12.513110
BUY-1763965650528-006564,SELL-1763965655395-002966,CRYPTO,101.02,3,2026-01-20 12:12:12.513113
BUY-1763965650529-007233,SELL-1763965655395-002966,CRYPTO,101.02,6,2026-01-20 12:12:12.513115
BUY-1763965650524-003171,SELL-1763965655395-002966,CRYPTO,101.02,5,2026-01-20 12:12:12.513118
BUY-1763965650527-005397,SELL-1763965655395-002966,CRYPTO,101.02,7,2026-01-20 12:12:12.513121
BUY-1763965650527-005686,SELL-1763965655395-002966,CRYPTO,101.02,4,2026-01-20 12:12:12.513123
BUY-1763965650526-004785,SELL-1763965655395-002966,CRYPTO,101.02,5,2026-01-20 12:12:12.513131
BUY-1763965650527-005121,SELL-1763965655395-002966,CRYPTO,101.02,1,2026-01-20 12:12:12.513134
BUY-1763965650529-006701,SELL-1763965655395-002966,CRYPTO,101.02,6,2026-01-20 12:12:12.513137
BUY-1763965650527-005424,SELL-1763965655395-002966,CRYPTO,101.02,12,2026-01-20 12:12:12.513140
BUY-1763965650526-004852,SELL-1763965655395-002966,CRYPTO,101.02,3,2026-01-20 12:12:12.513142
BUY-1763965650524-003074,SELL-1763965655395-002966,CRYPTO,101.02,11,2026-01-20 12:12:12.513145
BUY-1763965650529-007110,SELL-1763965655395-002966,CRYPTO,101.02,3,2026-01-20 12:12:12.513148
BUY-1763965650525-004291,SELL-1763965655395-002966,CRYPTO,101.02,6,2026-01-20 12:12:12.513151
BUY-1763965650520-000750,SELL-1763965655395-002966,CRYPTO,101.02,2,2026-01-20 12:12:12.513157
BUY-1763965650524-003072,SELL-1763965655395-002966,CRYPTO,101.02,8,2026-01-20 12:12:12.513160
BUY-1763965650520-001022,SELL-1763965655395-002966,CRYPTO,101.02,8,2026-01-20 12:12:12.513163
BUY-1763965650519-000532,SELL-1763965655395-002966,CRYPTO,101.02,8,2026-01-20 12:12:12.513166
BUY-1763965650521-001209,SELL-1763965655395-002966,CRYPTO,101.02,7,2026-01-20 12:12:12.513168
BUY-1763965650521-001150,SELL-1763965655395-002966,CRYPTO,101.02,10,2026-01-20 12:12:12.513171
BUY-1763965650524-003375,SELL-1763965655395-002966,CRYPTO,101.02,6,2026-01-20 12:12:12.513174
BUY-1763965650528-006577,SELL-1763965655395-002966,CRYPTO,101.02,4,2026-01-20 12:12:12.513177
BUY-1763965650527-005092,SELL-1763965655395-002966,CRYPTO,101.02,4,2026-01-20 12:12:12.513180
BUY-1763965650528-005832,SELL-1763965655395-002966,CRYPTO,101.02,9,2026-01-20 12:12:12.513183
BUY-1763965650521-001198,SELL-1763965655395-002966,CRYPTO,101.02,8,2026-01-20 12:12:12.513185
BUY-1763965650520-000966,SELL-1763965655395-002966,CRYPTO,101.02,5,2026-01-20 12:12:12.513188
BUY-1763965650520-000635,SELL-1763965655395-002966,CRYPTO,101.02,10,2026-01-20 12:12:12.513191
BUY-1763965650527-005655,SELL-1763965655395-002966,CRYPTO,101.02,9,2026-01-20 12:12:12.513193
BUY-1763965650522-001964,SELL-1763965655395-002966,CRYPTO,101.02,4,2026-01-20 12:12:12.513196
BUY-1763965650524-003302,SELL-1763965655395-002966,CRYPTO,101.02,5,2026-01-20 12:12:12.513199
BUY-1763965650524-003672,SELL-1763965655395-002966,CRYPTO,101.02,3,2026-01-20 12:12:12.513202
BUY-1763965650526-004792,SELL-1763965655395-002966,CRYPTO,101.02,9,2026-01-20 12:12:12.513204
BUY-1763965650529-006864,SELL-1763965655395-002966,CRYPTO,101.02,5,2026-01-20 12:12:12.513207
BUY-1763965650525-004076,SELL-1763965655395-002966,CRYPTO,101.02,2,2026-01-20 12:12:12.513210
BUY-1763965650529-006798,SELL-1763965655395-002966,CRYPTO,101.02,1,2026-01-20 12:12:12.513212
BUY-1763965650529-006646,SELL-1763965655395-002966,CRYPTO,101.02,2,2026-01-20 12:12:12.513215
BUY-1763965650521-001312,SELL-1763965655395-002966,CRYPTO,101.02,4,2026-01-20 12:12:12.513218
BUY-1763965650527-005281,SELL-1763965655395-002966,CRYPTO,101.02,1,2026-01-20 12:12:12.513220
BUY-1763965650523-002894,SELL-1763965655395-002966,CRYPTO,101.02,8,2026-01-20 12:12:12.513223
BUY-1763965650523-002723,SELL-1763965655395-002966,CRYPTO,101.02,2,2026-01-20 12:12:12.513226
BUY-1763965650522-001667,SELL-1763965655395-002966,CRYPTO,101.02,10,2026-01-20 12:12:12.513229
BUY-1763965650526-004724,SELL-1763965655395-002966,CRYPTO,101.02,12,2026-01-20 12:12:12.513232
BUY-1763965650527-005433,SELL-1763965655395-002966,CRYPTO,101.02,7,2026-01-20 12:12:12.513234
BUY-1763965650527-005744,SELL-1763965655395-002966,CRYPTO,101.02,6,2026-01-20 12:12:12.513237
BUY-1763965650524-003563,SELL-1763965655395-002966,CRYPTO,101.02,8,2026-01-20 12:12:12.513240
BUY-1763965650521-001265,SELL-1763965655395-002966,CRYPTO,101.02,8,2026-01-20 12:12:12.513247
BUY-1763965650520-000811,SELL-1763965655395-002966,CRYPTO,101.02,5,2026-01-20 12:12:12.513249
BUY-1763965650526-004897,SELL-1763965655395-002966,CRYPTO,101.02,3,2026-01-20 12:12:12.513252
BUY-1763965650521-001529,SELL-1763965655395-002966,CRYPTO,101.02,2,2026-01-20 12:12:12.513255
BUY-1763965650523-002676,SELL-1763965655395-002966,CRYPTO,101.02,1,2026-01-20 12:12:12.513257
BUY-1763965650521-001355,SELL-1763965655395-002966,CRYPTO,101.02,7,2026-01-20 12:12:12.513260
BUY-1763965650527-005616,SELL-1763965655395-002966,CRYPTO,101.02,4,2026-01-20 12:12:12.513263
BUY-1763965650519-000595,SELL-1763965655395-002966,CRYPTO,101.02,5,2026-01-20 12:12:12.513265
BUY-1763965650528-006571,SELL-1763965655395-002966,CRYPTO,101.02,9,2026-01-20 12:12:12.513268
BUY-1763965650528-005907,SELL-1763965655395-002966,CRYPTO,101.02,5,2026-01-20 12:12:12.513271
BUY-1763965650522-001816,SELL-1763965655395-002966,CRYPTO,101.02,3,2026-01-20 12:12:12.513273
BUY-1763965650529-006750,SELL-1763965655395-002966,CRYPTO,101.02,2,2026-01-20 12:12:12.513276
BUY-1763965650527-005740,SELL-1763965655395-002966,CRYPTO,101.02,2,2026-01-20 12:12:12.513278
BUY-1763965650524-003516,SELL-1763965655395-002966,CRYPTO,101.02,4,2026-01-20 12:12:12.513281
BUY-1763965650525-004184,SELL-1763965655395-002966,CRYPTO,101.02,7,2026-01-20 12:12:12.513284
BUY-1763965650524-003531,SELL-1763965655395-002966,CRYPTO,101.02,7,2026-01-20 12:12:12.513287
BUY-1763965650520-000668,SELL-1763965655395-002966,CRYPTO,101.02,2,2026-01-20 12:12:12.513289
BUY-1763965650526-004676,SELL-1763965655395-002966,CRYPTO,101.02,6,2026-01-20 12:12:12.513292
BUY-1763965650521-001539,SELL-1763965655395-002966,CRYPTO,101.02,1,2026-01-20 12:12:12.513295
BUY-1763965650523-002372,SELL-1763965655395-002966,CRYPTO,101.02,4,2026-01-20 12:12:12.513297
BUY-1763965650521-001056,SELL-1763965655395-002966,CRYPTO,101.02,8,2026-01-20 12:12:12.513300
BUY-1763965650525-003749,SELL-1763965655395-002966,CRYPTO,101.02,1,2026-01-20 12:12:12.513302
BUY-1763965650527-005538,SELL-1763965655395-002966,CRYPTO,101.02,1,2026-01-20 12:12:12.513305
BUY-1763965650529-007166,SELL-1763965655395-002966,CRYPTO,101.02,2,2026-01-20 12:12:12.513307
BUY-1763965650523-002405,SELL-1763965655395-002966,CRYPTO,101.02,4,2026-01-20 12:12:12.513310
BUY-1763965650526-004929,SELL-1763965655395-002966,CRYPTO,101.02,6,2026-01-20 12:12:12.513313
BUY-1763965650522-001986,SELL-1763965655395-002966,CRYPTO,101.02,3,2026-01-20 12:12:12.513315
BUY-1763965650522-002056,SELL-1763965655395-002966,CRYPTO,101.02,7,2026-01-20 12:12:12.513318
BUY-1763965650528-006485,SELL-1763965655395-002966,CRYPTO,101.02,10,2026-01-20 12:12:12.513320
BUY-1763965650521-001396,SELL-1763965655395-002966,CRYPTO,101.02,1,2026-01-20 12:12:12.513323
BUY-1763965650523-002565,SELL-1763965655395-002966,CRYPTO,101.02,4,2026-01-20 12:12:12.513326
BUY-1763965650523-002944,SELL-1763965655395-002966,CRYPTO,101.02,10,2026-01-20 12:12:12.513328
BUY-1763965650527-005225,SELL-1763965655395-002966,CRYPTO,101.02,3,2026-01-20 12:12:12.513335
BUY-1763965650526-004587,SELL-1763965655395-002966,CRYPTO,101.02,1,2026-01-20 12:12:12.513338
BUY-1763965650525-003835,SELL-1763965655395-002966,CRYPTO,101.02,1,2026-01-20 12:12:12.513340
BUY-1763965650527-005338,SELL-1763965655395-002966,CRYPTO,101.02,2,2026-01-20 12:12:12.513343
BUY-1763965650526-004436,SELL-1763965655395-002966,CRYPTO,101.02,4,2026-01-20 12:12:12.513345
BUY-1763965650528-005929,SELL-1763965655395-002966,CRYPTO,101.02,5,2026-01-20 12:12:12.513348
BUY-1763965650528-005871,SELL-1763965655395-002966,CRYPTO,101.02,1,2026-01-20 12:12:12.513350
BUY-1763965650526-004465,SELL-1763965655395-002966,CRYPTO,101.02,2,2026-01-20 12:12:12.513353
BUY-1763965650524-003018,SELL-1763965655396-003029,EQUITY,104.34,106,2026-01-20 12:12:12.513361
BUY-1763965650520-001013,SELL-1763965655396-003029,EQUITY,104.34,97,2026-01-20 12:12:12.513364
BUY-1763965650525-004246,SELL-1763965655396-003029,EQUITY,104.34,145,2026-01-20 12:12:12.513367
BUY-1763965650525-003703,SELL-1763965655396-003029,EQUITY,104.34,150,2026-01-20 12:12:12.513370
BUY-1763965650526-004570,SELL-1763965655396-003029,EQUITY,104.34,53,2026-01-20 12:12:12.513372
BUY-1763965650526-004511,SELL-1763965655396-003029,EQUITY,104.34,22,2026-01-20 12:12:12.513376
BUY-1763965650526-004511,SELL-1763965655394-002273,EQUITY,299.42,59,2026-01-20 12:12:12.513385
BUY-1763965650527-005089,SELL-1763965655392-001203,CRYPTO,176.12,1,2026-01-20 12:12:12.513391
BUY-1763965650525-003814,SELL-1763965655392-001203,CRYPTO,176.12,10,2026-01-20 12:12:12.513394
BUY-1763965650525-004094,SELL-1763965655392-001203,CRYPTO,176.12,9,2026-01-20 12:12:12.513397
BUY-1763965650525-003732,SELL-1763965655392-001203,CRYPTO,176.12,3,2026-01-20 12:12:12.513399
BUY-1763965650521-001242,SELL-1763965655392-001203,CRYPTO,176.12,6,2026-01-20 12:12:12.513402
BUY-1763965650520-000722,SELL-1763965655392-001203,CRYPTO,176.12,10,2026-01-20 12:12:12.513404
BUY-1763965650527-005178,SELL-1763965655392-001203,CRYPTO,176.12,1,2026-01-20 12:12:12.513407
BUY-1763965650521-001531,SELL-1763965655392-001203,CRYPTO,176.12,1,2026-01-20 12:12:12.513410
BUY-1763965650519-000501,SELL-1763965655392-001203,CRYPTO,176.12,13,2026-01-20 12:12:12.513412
BUY-1763965650522-001645,SELL-1763965655392-001203,CRYPTO,176.12,6,2026-01-20 12:12:12.513415
BUY-1763965650521-001564,SELL-1763965655392-001203,CRYPTO,176.12,3,2026-01-20 12:12:12.513418
BUY-1763965650527-005472,SELL-1763965655392-001203,CRYPTO,176.12,4,2026-01-20 12:12:12.513420
BUY-1763965650528-006418,SELL-1763965655392-001203,CRYPTO,176.12,8,2026-01-20 12:12:12.513423
BUY-1763965650526-004757,SELL-1763965655392-001203,CRYPTO,176.12,5,2026-01-20 12:12:12.513426
BUY-1763965650524-003537,SELL-1763965655392-001203,CRYPTO,176.12,10,2026-01-20 12:12:12.513428
BUY-1763965650524-003083,SELL-1763965655392-001203,CRYPTO,176.12,2,2026-01-20 12:12:12.513431
BUY-1763965650522-002103,SELL-1763965655392-001203,CRYPTO,176.12,7,2026-01-20 12:12:12.513434
BUY-1763965650523-002952,SELL-1763965655392-001203,CRYPTO,176.12,5,2026-01-20 12:12:12.513440
BUY-1763965650528-006174,SELL-1763965655392-001203,CRYPTO,176.12,1,2026-01-20 12:12:12.513443
BUY-1763965650529-006795,SELL-1763965655392-001203,CRYPTO,176.12,2,2026-01-20 12:12:12.513446
BUY-1763965650524-003182,SELL-1763965655392-001203,CRYPTO,176.12,11,2026-01-20 12:12:12.513449
BUY-1763965650527-005491,SELL-1763965655392-001203,CRYPTO,176.12,4,2026-01-20 12:12:12.513452
BUY-1763965650524-003079,SELL-1763965655392-001203,CRYPTO,176.12,11,2026-01-20 12:12:12.513454
BUY-1763965650526-004443,SELL-1763965655392-001203,CRYPTO,176.12,4,2026-01-20 12:12:12.513457
BUY-1763965650526-004430,SELL-1763965655392-001203,CRYPTO,176.12,11,2026-01-20 12:12:12.513460
BUY-1763965650529-006714,SELL-1763965655392-001203,CRYPTO,176.12,11,2026-01-20 12:12:12.513462
BUY-1763965650528-006210,SELL-1763965655392-001203,CRYPTO,176.12,4,2026-01-20 12:12:12.513465
BUY-1763965650525-003884,SELL-1763965655392-001203,CRYPTO,176.12,7,2026-01-20 12:12:12.513468
BUY-1763965650529-007006,SELL-1763965655392-001203,CRYPTO,176.12,3,2026-01-20 12:12:12.513470
BUY-1763965650527-005536,SELL-1763965655392-001203,CRYPTO,176.12,7,2026-01-20 12:12:12.513473
BUY-1763965650521-001212,SELL-1763965655392-001203,CRYPTO,176.12,9,2026-01-20 12:12:12.513475
BUY-1763965650525-003871,SELL-1763965655392-001203,CRYPTO,176.12,13,2026-01-20 12:12:12.513478
BUY-1763965650526-004621,SELL-1763965655392-001203,CRYPTO,176.12,4,2026-01-20 12:12:12.513481
BUY-1763965650519-000602,SELL-1763965655392-001203,CRYPTO,176.12,11,2026-01-20 12:12:12.513483
BUY-1763965650527-005493,SELL-1763965655392-001203,CRYPTO,176.12,13,2026-01-20 12:12:12.513486
BUY-1763965650528-006587,SELL-1763965655392-001121,FOREX,5.16,631,2026-01-20 12:12:12.513492
BUY-1763965650526-005000,SELL-1763965655392-001121,FOREX,5.16,350,2026-01-20 12:12:12.513496
BUY-1763965650526-004511,SELL-1763965655394-001998,EQUITY,414.94,22,2026-01-20 12:12:12.513502
BUY-1763965650523-002687,SELL-1763965655394-001998,EQUITY,414.94,45,2026-01-20 12:12:12.513505
BUY-1763965650527-005795,SELL-1763965655394-001998,EQUITY,414.94,86,2026-01-20 12:12:12.513508
BUY-1763965650520-001049,SELL-1763965655394-001998,EQUITY,414.94,13,2026-01-20 12:12:12.513511
BUY-1763965650529-007350,SELL-1763965655394-001998,EQUITY,414.94,25,2026-01-20 12:12:12.513513
BUY-1763965650529-007350,SELL-1763965655393-001442,EQUITY,424.44,78,2026-01-20 12:12:12.513522
BUY-1763965650526-005000,SELL-1763965655393-001610,FOREX,5.86,477,2026-01-20 12:12:12.513528
BUY-1763965650526-004626,SELL-1763965655393-001610,FOREX,5.86,59,2026-01-20 12:12:12.513531
BUY-1763965650527-005493,SELL-1763965655398-004390,CRYPTO,327.49,4,2026-01-20 12:12:12.513537
BUY-1763965650527-005237,SELL-1763965655398-004390,CRYPTO,327.49,11,2026-01-20 12:12:12.513540
BUY-1763965650519-000328,SELL-1763965655398-004390,CRYPTO,327.49,11,2026-01-20 12:12:12.513543
BUY-1763965650529-007350,SELL-1763965655391-000757,EQUITY,75.77,14,2026-01-20 12:12:12.513565
BUY-1763965650524-003146,SELL-1763965655391-000757,EQUITY,75.77,54,2026-01-20 12:12:12.513574
BUY-1763965650520-000670,SELL-1763965655391-000757,EQUITY,75.77,184,2026-01-20 12:12:12.513576
BUY-1763965650524-003513,SELL-1763965655391-000757,EQUITY,75.77,88,2026-01-20 12:12:12.513579
BUY-1763965650526-004717,SELL-1763965655391-000757,EQUITY,75.77,200,2026-01-20 12:12:12.513582
BUY-1763965650521-001123,SELL-1763965655391-000757,EQUITY,75.77,3,2026-01-20 12:12:12.513585
BUY-1763965650526-004626,SELL-1763965655396-003265,FOREX,3.61,600,2026-01-20 12:12:12.513591
BUY-1763965650524-003630,SELL-1763965655396-003265,FOREX,3.61,24,2026-01-20 12:12:12.513595
BUY-1763965650521-001123,SELL-1763965655394-001946,EQUITY,221.11,73,2026-01-20 12:12:12.513600
BUY-1763965650524-003467,SELL-1763965655394-001946,EQUITY,221.11,45,2026-01-20 12:12:12.513603
BUY-1763965650526-004608,SELL-1763965655394-001946,EQUITY,221.11,82,2026-01-20 12:12:12.513606
BUY-1763965650526-004608,SELL-1763965655398-004416,EQUITY,399.15,66,2026-01-20 12:12:12.513612
BUY-1763965650528-005834,SELL-1763965655398-004416,EQUITY,399.15,18,2026-01-20 12:12:12.513614
BUY-1763965650523-002306,SELL-1763965655398-004416,EQUITY,399.15,13,2026-01-20 12:12:12.513617
BUY-1763965650521-001403,SELL-1763965655398-004416,EQUITY,399.15,20,2026-01-20 12:12:12.513620
BUY-1763965650521-001403,SELL-1763965655394-002415,EQUITY,255.62,71,2026-01-20 12:12:12.513632
BUY-1763965650522-001781,SELL-1763965655394-002415,EQUITY,255.62,67,2026-01-20 12:12:12.513634
BUY-1763965650528-005877,SELL-1763965655394-002415,EQUITY,255.62,113,2026-01-20 12:12:12.513637
BUY-1763965650528-005877,SELL-1763965655397-003524,EQUITY,370.39,11,2026-01-20 12:12:12.513645
BUY-1763965650528-005877,SELL-1763965655395-002954,EQUITY,132.41,51,2026-01-20 12:12:12.513651
BUY-1763965650526-004618,SELL-1763965655395-002954,EQUITY,132.41,102,2026-01-20 12:12:12.513653
BUY-1763965650523-002760,SELL-1763965655395-002954,EQUITY,132.41,26,2026-01-20 12:12:12.513657
BUY-1763965650520-000981,SELL-1763965655395-002954,EQUITY,132.41,104,2026-01-20 12:12:12.513659
BUY-1763965650523-002618,SELL-1763965655395-002954,EQUITY,132.41,23,2026-01-20 12:12:12.513662
BUY-1763965650524-003325,SELL-1763965655395-002954,EQUITY,132.41,156,2026-01-20 12:12:12.513665
BUY-1763965650524-003341,SELL-1763965655395-002954,EQUITY,132.41,39,2026-01-20 12:12:12.513668
BUY-1763965650519-000328,SELL-1763965655394-001962,CRYPTO,676.65,1,2026-01-20 12:12:12.513677
BUY-1763965650524-003444,SELL-1763965655394-001962,CRYPTO,676.65,8,2026-01-20 12:12:12.513680
BUY-1763965650525-004019,SELL-1763965655394-001962,CRYPTO,676.65,12,2026-01-20 12:12:12.513683
BUY-1763965650525-003941,SELL-1763965655394-001962,CRYPTO,676.65,6,2026-01-20 12:12:12.513686
BUY-1763965650525-003995,SELL-1763965655394-001962,CRYPTO,676.65,8,2026-01-20 12:12:12.513688
BUY-1763965650522-002192,SELL-1763965655394-001962,CRYPTO,676.65,14,2026-01-20 12:12:12.513691
BUY-1763965650523-002634,SELL-1763965655394-001962,CRYPTO,676.65,4,2026-01-20 12:12:12.513698
BUY-1763965650523-002634,SELL-1763965655392-000961,CRYPTO,2071.05,5,2026-01-20 12:12:12.513704
BUY-1763965650529-007482,SELL-1763965655392-000961,CRYPTO,2071.05,1,2026-01-20 12:12:12.513707
BUY-1763965650529-007482,SELL-1763965655391-000600,CRYPTO,3324.92,1,2026-01-20 12:12:12.513709
BUY-1763965650527-005123,SELL-1763965655391-000600,CRYPTO,3324.92,1,2026-01-20 12:12:12.513716
BUY-1763965650520-001006,SELL-1763965655391-000600,CRYPTO,3324.92,5,2026-01-20 12:12:12.513718
BUY-1763965650527-005157,SELL-1763965655391-000600,CRYPTO,3324.92,4,2026-01-20 12:12:12.513721
BUY-1763965650524-003630,SELL-1763965655395-002637,FOREX,2.14,491,2026-01-20 12:12:12.513727
BUY-1763965650524-003630,SELL-1763965655399-005093,FOREX,5.7,4,2026-01-20 12:12:12.513733
BUY-1763965650527-005779,SELL-1763965655399-005093,FOREX,5.7,240,2026-01-20 12:12:12.513736
BUY-1763965650524-003341,SELL-1763965655395-002936,EQUITY,320.28,51,2026-01-20 12:12:12.513742
BUY-1763965650521-001368,SELL-1763965655395-002936,EQUITY,320.28,173,2026-01-20 12:12:12.513745
BUY-1763965650527-005779,SELL-1763965655394-001971,FOREX,7.62,200,2026-01-20 12:12:12.513751
BUY-1763965650527-005779,SELL-1763965655398-004247,FOREX,9.6,419,2026-01-20 12:12:12.513756
BUY-1763965650522-002242,SELL-1763965655398-004247,FOREX,9.6,323,2026-01-20 12:12:12.513760
BUY-1763965650521-001368,SELL-1763965655393-001778,EQUITY,168.55,17,2026-01-20 12:12:12.513766
BUY-1763965650525-004131,SELL-1763965655393-001778,EQUITY,168.55,136,2026-01-20 12:12:12.513769
BUY-1763965650523-002892,SELL-1763965655393-001778,EQUITY,168.55,18,2026-01-20 12:12:12.513772
BUY-1763965650523-002651,SELL-1763965655393-001778,EQUITY,168.55,149,2026-01-20 12:12:12.513774
BUY-1763965650525-003940,SELL-1763965655393-001778,EQUITY,168.55,201,2026-01-20 12:12:12.513777
BUY-1763965650525-003940,SELL-1763965655390-000088,EQUITY,150.0,14,2026-01-20 12:12:12.513784
BUY-1763965650529-006889,SELL-1763965655390-000088,EQUITY,150.0,54,2026-01-20 12:12:12.513786
BUY-1763965650522-001818,SELL-1763965655390-000088,EQUITY,150.0,35,2026-01-20 12:12:12.513789
BUY-1763965650524-003521,SELL-1763965655391-000866,FOREX,7.46,19,2026-01-20 12:12:12.513797
BUY-1763965650527-005157,SELL-1763965655394-002331,CRYPTO,2925.75,6,2026-01-20 12:12:12.513803
BUY-1763965650521-001432,SELL-1763965655394-002331,CRYPTO,2925.75,2,2026-01-20 12:12:12.513807
BUY-1763965650521-001432,SELL-1763965655396-003028,CRYPTO,1173.97,2,2026-01-20 12:12:12.513813
BUY-1763965650522-001818,SELL-1763965655397-003530,EQUITY,337.69,164,2026-01-20 12:12:12.513818
BUY-1763965650527-005221,SELL-1763965655397-003530,EQUITY,337.69,21,2026-01-20 12:12:12.513822
BUY-1763965650522-001708,SELL-1763965655397-003530,EQUITY,337.69,36,2026-01-20 12:12:12.513826
BUY-1763965650524-003521,SELL-1763965655399-005010,FOREX,3.13,746,2026-01-20 12:12:12.513835
BUY-1763965650524-003521,SELL-1763965655398-004253,FOREX,7.38,187,2026-01-20 12:12:12.513841
BUY-1763965650523-002608,SELL-1763965655398-004253,FOREX,7.38,267,2026-01-20 12:12:12.513848
BUY-1763965650526-004725,SELL-1763965655398-004253,FOREX,7.38,135,2026-01-20 12:12:12.513851
BUY-1763965650526-004725,SELL-1763965655398-004247,FOREX,9.6,158,2026-01-20 12:12:12.513854
BUY-1763965650521-001432,SELL-1763965655398-004271,CRYPTO,1482.59,5,2026-01-20 12:12:12.513859
BUY-1763965650522-001708,SELL-1763965655395-002663,EQUITY,185.26,174,2026-01-20 12:12:12.513865
BUY-1763965650520-000656,SELL-1763965655395-002663,EQUITY,185.26,87,2026-01-20 12:12:12.513868
BUY-1763965650520-000656,SELL-1763965655393-001716,EQUITY,223.91,52,2026-01-20 12:12:12.513873
BUY-1763965650524-003442,SELL-1763965655393-001716,EQUITY,223.91,188,2026-01-20 12:12:12.513876
BUY-1763965650524-002995,SELL-1763965655393-001716,EQUITY,223.91,25,2026-01-20 12:12:12.513879
BUY-1763965650524-002995,SELL-1763965655398-004439,EQUITY,258.67,153,2026-01-20 12:12:12.513884
BUY-1763965650526-004659,SELL-1763965655398-004439,EQUITY,258.67,92,2026-01-20 12:12:12.513887
BUY-1763965650520-000934,SELL-1763965655398-004439,EQUITY,258.67,104,2026-01-20 12:12:12.513890
BUY-1763965650520-000934,SELL-1763965655397-003923,EQUITY,405.8,39,2026-01-20 12:12:12.513899
BUY-1763965650526-004725,SELL-1763965655393-001799,FOREX,9.13,389,2026-01-20 12:12:12.513905
BUY-1763965650520-000934,SELL-1763965655397-003549,EQUITY,414.75,10,2026-01-20 12:12:12.513910
BUY-1763965650521-001432,SELL-1763965655393-001608,CRYPTO,2350.57,4,2026-01-20 12:12:12.513916
BUY-1763965650528-006031,SELL-1763965655393-001608,CRYPTO,2350.57,7,2026-01-20 12:12:12.513918
BUY-1763965650523-002800,SELL-1763965655393-001608,CRYPTO,2350.57,7,2026-01-20 12:12:12.513921
BUY-1763965650523-002800,SELL-1763965655393-001484,CRYPTO,3616.88,3,2026-01-20 12:12:12.513923
BUY-1763965650526-004725,SELL-1763965655399-004680,FOREX,5.73,205,2026-01-20 12:12:12.513932
BUY-1763965650522-001748,SELL-1763965655399-004680,FOREX,5.73,210,2026-01-20 12:12:12.513935
BUY-1763965650522-001748,SELL-1763965655394-001977,FOREX,1.74,18,2026-01-20 12:12:12.513941
BUY-1763965650522-001748,SELL-1763965655391-000480,FOREX,2.5,10,2026-01-20 12:12:12.513946
BUY-1763965650528-006099,SELL-1763965655391-000480,FOREX,2.5,47,2026-01-20 12:12:12.513949
BUY-1763965650520-000934,SELL-1763965655394-002022,EQUITY,206.96,32,2026-01-20 12:12:12.513955
BUY-1763965650526-005016,SELL-1763965655394-002022,EQUITY,206.96,10,2026-01-20 12:12:12.513958
BUY-1763965650527-005673,SELL-1763965655394-002022,EQUITY,206.96,17,2026-01-20 12:12:12.513961
BUY-1763965650528-006294,SELL-1763965655394-002022,EQUITY,206.96,93,2026-01-20 12:12:12.513963
BUY-1763965650528-006319,SELL-1763965655394-002022,EQUITY,206.96,42,2026-01-20 12:12:12.513966
BUY-1763965650528-006099,SELL-1763965655392-001122,FOREX,3.46,635,2026-01-20 12:12:12.513972
BUY-1763965650526-004646,SELL-1763965655392-001122,FOREX,3.46,300,2026-01-20 12:12:12.513975
BUY-1763965650528-006037,SELL-1763965655393-001846,CRYPTO,2023.4,6,2026-01-20 12:12:12.513985
BUY-1763965650528-006319,SELL-1763965655398-004455,EQUITY,280.32,103,2026-01-20 12:12:12.513992
BUY-1763965650526-004522,SELL-1763965655398-004455,EQUITY,280.32,68,2026-01-20 12:12:12.513994
BUY-1763965650526-004522,SELL-1763965655394-001983,EQUITY,384.06,60,2026-01-20 12:12:12.514000
BUY-1763965650525-004022,SELL-1763965655394-001983,EQUITY,384.06,82,2026-01-20 12:12:12.514002
BUY-1763965650527-005512,SELL-1763965655394-001983,EQUITY,384.06,5,2026-01-20 12:12:12.514005
BUY-1763965650528-006037,SELL-1763965655394-002011,CRYPTO,1743.02,7,2026-01-20 12:12:12.514011
BUY-1763965650529-006810,SELL-1763965655394-002011,CRYPTO,1743.02,13,2026-01-20 12:12:12.514013
BUY-1763965650524-003454,SELL-1763965655394-002011,CRYPTO,1743.02,8,2026-01-20 12:12:12.514016
BUY-1763965650524-003454,SELL-1763965655393-001484,CRYPTO,3616.88,3,2026-01-20 12:12:12.514018
BUY-1763965650520-000671,SELL-1763965655391-000651,CRYPTO,1726.91,8,2026-01-20 12:12:12.514025
BUY-1763965650528-006292,SELL-1763965655391-000651,CRYPTO,1726.91,1,2026-01-20 12:12:12.514028
BUY-1763965650527-005653,SELL-1763965655391-000651,CRYPTO,1726.91,4,2026-01-20 12:12:12.514031
BUY-1763965650527-005653,SELL-1763965655394-001961,CRYPTO,3634.75,2,2026-01-20 12:12:12.514033
BUY-1763965650527-005653,SELL-1763965655391-000742,CRYPTO,3249.53,1,2026-01-20 12:12:12.514039
BUY-1763965650520-000718,SELL-1763965655391-000742,CRYPTO,3249.53,1,2026-01-20 12:12:12.514041
BUY-1763965650520-000718,SELL-1763965655391-000566,CRYPTO,3222.55,1,2026-01-20 12:12:12.514043
BUY-1763965650526-004646,SELL-1763965655397-003589,FOREX,9.44,348,2026-01-20 12:12:12.514050
BUY-1763965650520-000858,SELL-1763965655397-003589,FOREX,9.44,438,2026-01-20 12:12:12.514053
BUY-1763965650520-000858,SELL-1763965655399-004530,FOREX,3.15,287,2026-01-20 12:12:12.514059
BUY-1763965650526-004548,SELL-1763965655392-001004,CRYPTO,3794.13,3,2026-01-20 12:12:12.514064
BUY-1763965650520-000858,SELL-1763965655399-004604,FOREX,4.34,38,2026-01-20 12:12:12.514070
BUY-1763965650525-003943,SELL-1763965655399-004604,FOREX,4.34,90,2026-01-20 12:12:12.514073
BUY-1763965650520-000980,SELL-1763965655399-004604,FOREX,4.34,36,2026-01-20 12:12:12.514076
BUY-1763965650528-005840,SELL-1763965655399-004604,FOREX,4.34,413,2026-01-20 12:12:12.514079
BUY-1763965650529-007287,SELL-1763965655399-004604,FOREX,4.34,18,2026-01-20 12:12:12.514083
BUY-1763965650522-002011,SELL-1763965655399-004604,FOREX,4.34,116,2026-01-20 12:12:12.514086
BUY-1763965650529-007429,SELL-1763965655399-004604,FOREX,4.34,259,2026-01-20 12:12:12.514093
BUY-1763965650529-007429,SELL-1763965655398-004413,FOREX,9.12,612,2026-01-20 12:12:12.514099
BUY-1763965650522-002206,SELL-1763965655398-004413,FOREX,9.12,97,2026-01-20 12:12:12.514102
BUY-1763965650528-006386,SELL-1763965655398-004413,FOREX,9.12,177,2026-01-20 12:12:12.514106
BUY-1763965650527-005512,SELL-1763965655392-000906,EQUITY,350.81,18,2026-01-20 12:12:12.514111
BUY-1763965650523-002626,SELL-1763965655392-000906,EQUITY,350.81,14,2026-01-20 12:12:12.514114
BUY-1763965650523-002626,SELL-1763965655398-004414,EQUITY,320.65,164,2026-01-20 12:12:12.514124
BUY-1763965650520-000628,SELL-1763965655398-004414,EQUITY,320.65,46,2026-01-20 12:12:12.514127
BUY-1763965650525-003965,SELL-1763965655398-004414,EQUITY,320.65,33,2026-01-20 12:12:12.514130
BUY-1763965650526-004548,SELL-1763965655396-003080,CRYPTO,486.44,6,2026-01-20 12:12:12.514136
BUY-1763965650520-000951,SELL-1763965655396-003080,CRYPTO,486.44,12,2026-01-20 12:12:12.514139
BUY-1763965650523-002839,SELL-1763965655396-003080,CRYPTO,486.44,4,2026-01-20 12:12:12.514142
BUY-1763965650527-005542,SELL-1763965655396-003080,CRYPTO,486.44,1,2026-01-20 12:12:12.514144
BUY-1763965650527-005542,SELL-1763965655398-004500,CRYPTO,4314.69,3,2026-01-20 12:12:12.514146
BUY-1763965650528-005822,SELL-1763965655398-004500,CRYPTO,4314.69,3,2026-01-20 12:12:12.514149
BUY-1763965650525-003965,SELL-1763965655394-002000,EQUITY,180.7,76,2026-01-20 12:12:12.514154
BUY-1763965650528-006386,SELL-1763965655397-003984,FOREX,6.46,249,2026-01-20 12:12:12.514160
BUY-1763965650528-006386,SELL-1763965655390-000139,FOREX,3.5,83,2026-01-20 12:12:12.514166
BUY-1763965650525-003965,SELL-1763965655395-002715,EQUITY,205.92,92,2026-01-20 12:12:12.514172
BUY-1763965650525-004032,SELL-1763965655395-002715,EQUITY,205.92,47,2026-01-20 12:12:12.514175
BUY-1763965650525-004032,SELL-1763965655399-004542,EQUITY,260.6,139,2026-01-20 12:12:12.514180
BUY-1763965650529-007004,SELL-1763965655399-004542,EQUITY,260.6,57,2026-01-20 12:12:12.514183
BUY-1763965650526-004898,SELL-1763965655399-004542,EQUITY,260.6,43,2026-01-20 12:12:12.514186
BUY-1763965650526-004898,SELL-1763965655391-000643,EQUITY,323.34,144,2026-01-20 12:12:12.514191
BUY-1763965650524-003204,SELL-1763965655391-000643,EQUITY,323.34,61,2026-01-20 12:12:12.514194
BUY-1763965650528-005822,SELL-1763965655397-003992,CRYPTO,2890.69,1,2026-01-20 12:12:12.514199
BUY-1763965650528-006386,SELL-1763965655397-003568,FOREX,6.35,426,2026-01-20 12:12:12.514205
BUY-1763965650529-006753,SELL-1763965655397-003568,FOREX,6.35,318,2026-01-20 12:12:12.514209
BUY-1763965650529-006753,SELL-1763965655396-003301,FOREX,9.92,55,2026-01-20 12:12:12.514211
BUY-1763965650524-003204,SELL-1763965655391-000843,EQUITY,329.2,3,2026-01-20 12:12:12.514217
BUY-1763965650523-002365,SELL-1763965655391-000843,EQUITY,329.2,69,2026-01-20 12:12:12.514220
BUY-1763965650529-006815,SELL-1763965655391-000843,EQUITY,329.2,83,2026-01-20 12:12:12.514223
BUY-1763965650529-006815,SELL-1763965655391-000505,EQUITY,325.81,78,2026-01-20 12:12:12.514228
BUY-1763965650529-007256,SELL-1763965655391-000505,EQUITY,325.81,26,2026-01-20 12:12:12.514231
BUY-1763965650529-007256,SELL-1763965655395-002669,EQUITY,170.44,182,2026-01-20 12:12:12.514237
BUY-1763965650525-003746,SELL-1763965655395-002669,EQUITY,170.44,59,2026-01-20 12:12:12.514240
BUY-1763965650527-005287,SELL-1763965655395-002669,EQUITY,170.44,59,2026-01-20 12:12:12.514243
BUY-1763965650528-005822,SELL-1763965655397-003664,CRYPTO,243.56,5,2026-01-20 12:12:12.514253
BUY-1763965650523-002539,SELL-1763965655397-003664,CRYPTO,243.56,2,2026-01-20 12:12:12.514256
BUY-1763965650525-004120,SELL-1763965655397-003664,CRYPTO,243.56,9,2026-01-20 12:12:12.514258
BUY-1763965650529-007304,SELL-1763965655397-003664,CRYPTO,243.56,12,2026-01-20 12:12:12.514261
BUY-1763965650524-003335,SELL-1763965655397-003664,CRYPTO,243.56,3,2026-01-20 12:12:12.514263
BUY-1763965650527-005651,SELL-1763965655397-003664,CRYPTO,243.56,12,2026-01-20 12:12:12.514266
BUY-1763965650524-003237,SELL-1763965655397-003664,CRYPTO,243.56,9,2026-01-20 12:12:12.514269
BUY-1763965650529-006835,SELL-1763965655397-003664,CRYPTO,243.56,9,2026-01-20 12:12:12.514271
BUY-1763965650528-005908,SELL-1763965655397-003664,CRYPTO,243.56,5,2026-01-20 12:12:12.514274
BUY-1763965650525-004051,SELL-1763965655397-003664,CRYPTO,243.56,12,2026-01-20 12:12:12.514277
BUY-1763965650523-002772,SELL-1763965655397-003664,CRYPTO,243.56,8,2026-01-20 12:12:12.514279
BUY-1763965650520-000725,SELL-1763965655397-003664,CRYPTO,243.56,1,2026-01-20 12:12:12.514281
BUY-1763965650527-005421,SELL-1763965655397-003664,CRYPTO,243.56,7,2026-01-20 12:12:12.514284
BUY-1763965650523-002320,SELL-1763965655397-003664,CRYPTO,243.56,2,2026-01-20 12:12:12.514287
BUY-1763965650524-003589,SELL-1763965655397-003664,CRYPTO,243.56,13,2026-01-20 12:12:12.514289
BUY-1763965650522-001617,SELL-1763965655397-003664,CRYPTO,243.56,1,2026-01-20 12:12:12.514292
BUY-1763965650523-002471,SELL-1763965655397-003664,CRYPTO,243.56,1,2026-01-20 12:12:12.514295
BUY-1763965650529-006800,SELL-1763965655397-003664,CRYPTO,243.56,2,2026-01-20 12:12:12.514297
BUY-1763965650527-005447,SELL-1763965655397-003664,CRYPTO,243.56,11,2026-01-20 12:12:12.514300
BUY-1763965650521-001452,SELL-1763965655397-003664,CRYPTO,243.56,13,2026-01-20 12:12:12.514303
BUY-1763965650522-001713,SELL-1763965655397-003664,CRYPTO,243.56,1,2026-01-20 12:12:12.514305
BUY-1763965650528-005919,SELL-1763965655397-003664,CRYPTO,243.56,7,2026-01-20 12:12:12.514308
BUY-1763965650529-007056,SELL-1763965655397-003664,CRYPTO,243.56,8,2026-01-20 12:12:12.514310
BUY-1763965650527-005200,SELL-1763965655397-003664,CRYPTO,243.56,6,2026-01-20 12:12:12.514313
BUY-1763965650528-006452,SELL-1763965655397-003664,CRYPTO,243.56,3,2026-01-20 12:12:12.514315
BUY-1763965650527-005757,SELL-1763965655397-003664,CRYPTO,243.56,10,2026-01-20 12:12:12.514318
BUY-1763965650528-005857,SELL-1763965655397-003664,CRYPTO,243.56,10,2026-01-20 12:12:12.514321
BUY-1763965650520-000825,SELL-1763965655397-003664,CRYPTO,243.56,3,2026-01-20 12:12:12.514323
BUY-1763965650524-003009,SELL-1763965655397-003664,CRYPTO,243.56,4,2026-01-20 12:12:12.514326
BUY-1763965650528-006393,SELL-1763965655390-000085,FOREX,2.0,53,2026-01-20 12:12:12.514333
BUY-1763965650527-005287,SELL-1763965655395-002652,EQUITY,175.75,5,2026-01-20 12:12:12.514339
BUY-1763965650526-004748,SELL-1763965655395-002652,EQUITY,175.75,37,2026-01-20 12:12:12.514342
BUY-1763965650525-004159,SELL-1763965655395-002652,EQUITY,175.75,150,2026-01-20 12:12:12.514349
BUY-1763965650529-007445,SELL-1763965655395-002652,EQUITY,175.75,24,2026-01-20 12:12:12.514352
BUY-1763965650527-005083,SELL-1763965655395-002652,EQUITY,175.75,77,2026-01-20 12:12:12.514354
BUY-1763965650524-003158,SELL-1763965655395-002652,EQUITY,175.75,1,2026-01-20 12:12:12.514357
BUY-1763965650528-006393,SELL-1763965655393-001859,FOREX,3.72,190,2026-01-20 12:12:12.514363
BUY-1763965650528-006393,SELL-1763965655394-002017,FOREX,2.34,646,2026-01-20 12:12:12.514369
BUY-1763965650524-003085,SELL-1763965655394-002017,FOREX,2.34,332,2026-01-20 12:12:12.514372
BUY-1763965650524-003085,SELL-1763965655397-003601,FOREX,2.29,34,2026-01-20 12:12:12.514381
BUY-1763965650524-003158,SELL-1763965655393-001874,EQUITY,137.33,165,2026-01-20 12:12:12.514386
BUY-1763965650528-006468,SELL-1763965655393-001874,EQUITY,137.33,10,2026-01-20 12:12:12.514389
BUY-1763965650528-005943,SELL-1763965655393-001874,EQUITY,137.33,117,2026-01-20 12:12:12.514392
BUY-1763965650524-003085,SELL-1763965655398-004393,FOREX,8.82,340,2026-01-20 12:12:12.514398
BUY-1763965650524-003085,SELL-1763965655393-001939,FOREX,7.77,44,2026-01-20 12:12:12.514403
BUY-1763965650528-005984,SELL-1763965655393-001939,FOREX,7.77,16,2026-01-20 12:12:12.514406
BUY-1763965650524-003009,SELL-1763965655399-004557,CRYPTO,160.6,4,2026-01-20 12:12:12.514416
BUY-1763965650529-007455,SELL-1763965655399-004557,CRYPTO,160.6,9,2026-01-20 12:12:12.514419
BUY-1763965650527-005650,SELL-1763965655399-004557,CRYPTO,160.6,2,2026-01-20 12:12:12.514422
BUY-1763965650524-003663,SELL-1763965655392-001190,CRYPTO,1147.95,1,2026-01-20 12:12:12.514428
BUY-1763965650524-003121,SELL-1763965655392-001190,CRYPTO,1147.95,5,2026-01-20 12:12:12.514431
BUY-1763965650527-005370,SELL-1763965655392-001190,CRYPTO,1147.95,2,2026-01-20 12:12:12.514434
BUY-1763965650521-001527,SELL-1763965655392-001190,CRYPTO,1147.95,6,2026-01-20 12:12:12.514436
BUY-1763965650525-003808,SELL-1763965655392-001190,CRYPTO,1147.95,9,2026-01-20 12:12:12.514439
BUY-1763965650524-003468,SELL-1763965655392-001190,CRYPTO,1147.95,1,2026-01-20 12:12:12.514442
BUY-1763965650524-003468,SELL-1763965655395-002650,CRYPTO,3632.47,5,2026-01-20 12:12:12.514444
BUY-1763965650523-002473,SELL-1763965655395-002650,CRYPTO,3632.47,6,2026-01-20 12:12:12.514447
BUY-1763965650528-005984,SELL-1763965655396-003273,FOREX,5.42,151,2026-01-20 12:12:12.514456
BUY-1763965650523-002473,SELL-1763965655392-001253,CRYPTO,2715.18,3,2026-01-20 12:12:12.514461
BUY-1763965650524-003185,SELL-1763965655392-001253,CRYPTO,2715.18,1,2026-01-20 12:12:12.514464
BUY-1763965650527-005388,SELL-1763965655392-001253,CRYPTO,2715.18,9,2026-01-20 12:12:12.514466
BUY-1763965650528-005984,SELL-1763965655396-003272,FOREX,2.4,243,2026-01-20 12:12:12.514472
BUY-1763965650526-004860,SELL-1763965655396-003272,FOREX,2.4,149,2026-01-20 12:12:12.514475
BUY-1763965650526-004860,SELL-1763965655394-002420,FOREX,4.21,454,2026-01-20 12:12:12.514484
BUY-1763965650528-005943,SELL-1763965655392-000896,EQUITY,191.68,141,2026-01-20 12:12:12.514494
BUY-1763965650525-004149,SELL-1763965655392-000896,EQUITY,191.68,163,2026-01-20 12:12:12.514497
BUY-1763965650526-004860,SELL-1763965655393-001843,FOREX,5.66,118,2026-01-20 12:12:12.514506
BUY-1763965650528-005913,SELL-1763965655393-001843,FOREX,5.66,570,2026-01-20 12:12:12.514509
BUY-1763965650523-002957,SELL-1763965655393-001843,FOREX,5.66,64,2026-01-20 12:12:12.514512
BUY-1763965650528-006172,SELL-1763965655393-001843,FOREX,5.66,96,2026-01-20 12:12:12.514516
BUY-1763965650527-005388,SELL-1763965655396-003343,CRYPTO,330.73,2,2026-01-20 12:12:12.514521
BUY-1763965650520-000918,SELL-1763965655396-003343,CRYPTO,330.73,1,2026-01-20 12:12:12.514524
BUY-1763965650520-000918,SELL-1763965655391-000523,CRYPTO,847.14,11,2026-01-20 12:12:12.514530
BUY-1763965650527-005235,SELL-1763965655391-000523,CRYPTO,847.14,3,2026-01-20 12:12:12.514532
BUY-1763965650527-005765,SELL-1763965655391-000523,CRYPTO,847.14,1,2026-01-20 12:12:12.514535
BUY-1763965650522-001923,SELL-1763965655391-000523,CRYPTO,847.14,7,2026-01-20 12:12:12.514538
BUY-1763965650525-003839,SELL-1763965655391-000523,CRYPTO,847.14,2,2026-01-20 12:12:12.514541
BUY-1763965650529-006943,SELL-1763965655391-000523,CRYPTO,847.14,11,2026-01-20 12:12:12.514543
BUY-1763965650528-005890,SELL-1763965655391-000523,CRYPTO,847.14,1,2026-01-20 12:12:12.514545
BUY-1763965650528-005890,SELL-1763965655393-001619,CRYPTO,3615.73,4,2026-01-20 12:12:12.514551
BUY-1763965650528-006172,SELL-1763965655390-000195,FOREX,3.0,47,2026-01-20 12:12:12.514560
BUY-1763965650528-005890,SELL-1763965655399-005026,CRYPTO,3939.16,6,2026-01-20 12:12:12.514569
BUY-1763965650528-005890,SELL-1763965655394-001944,CRYPTO,3230.27,1,2026-01-20 12:12:12.514575
BUY-1763965650528-006496,SELL-1763965655399-004779,CRYPTO,4094.27,3,2026-01-20 12:12:12.514577
BUY-1763965650525-003878,SELL-1763965655395-002550,CRYPTO,4464.24,5,2026-01-20 12:12:12.514580
BUY-1763965650525-004149,SELL-1763965655392-001051,EQUITY,275.58,5,2026-01-20 12:12:12.514586
BUY-1763965650523-002493,SELL-1763965655392-001051,EQUITY,275.58,42,2026-01-20 12:12:12.514589
BUY-1763965650522-001646,SELL-1763965655392-001051,EQUITY,275.58,27,2026-01-20 12:12:12.514592
BUY-1763965650526-004940,SELL-1763965655392-001051,EQUITY,275.58,190,2026-01-20 12:12:12.514595
BUY-1763965650524-003286,SELL-1763965655392-001051,EQUITY,275.58,1,2026-01-20 12:12:12.514597
BUY-1763965650528-006261,SELL-1763965655392-001051,EQUITY,275.58,17,2026-01-20 12:12:12.514600
BUY-1763965650528-006261,SELL-1763965655396-003257,EQUITY,251.47,110,2026-01-20 12:12:12.514605
BUY-1763965650528-005848,SELL-1763965655396-003257,EQUITY,251.47,113,2026-01-20 12:12:12.514608
BUY-1763965650527-005689,SELL-1763965655396-003257,EQUITY,251.47,6,2026-01-20 12:12:12.514611
BUY-1763965650526-005056,SELL-1763965655396-003257,EQUITY,251.47,34,2026-01-20 12:12:12.514613
BUY-1763965650524-003548,SELL-1763965655393-001485,EQUITY,178.38,72,2026-01-20 12:12:12.514619
BUY-1763965650525-003878,SELL-1763965655397-003653,CRYPTO,2428.52,2,2026-01-20 12:12:12.514630
BUY-1763965650523-002587,SELL-1763965655397-003653,CRYPTO,2428.52,4,2026-01-20 12:12:12.514634
BUY-1763965650524-003548,SELL-1763965655396-003403,EQUITY,339.04,126,2026-01-20 12:12:12.514641
BUY-1763965650523-002870,SELL-1763965655392-001073,CRYPTO,486.43,2,2026-01-20 12:12:12.514647
BUY-1763965650528-006172,SELL-1763965655391-000485,FOREX,3.5,65,2026-01-20 12:12:12.514652
BUY-1763965650524-003548,SELL-1763965655391-000850,EQUITY,245.04,11,2026-01-20 12:12:12.514658
BUY-1763965650529-006721,SELL-1763965655391-000850,EQUITY,245.04,132,2026-01-20 12:12:12.514663
BUY-1763965650529-007104,SELL-1763965655391-000850,EQUITY,245.04,145,2026-01-20 12:12:12.514667
BUY-1763965650524-003573,SELL-1763965655391-000850,EQUITY,245.04,35,2026-01-20 12:12:12.514670
BUY-1763965650528-006172,SELL-1763965655398-004242,FOREX,7.36,187,2026-01-20 12:12:12.514676
BUY-1763965650528-006172,SELL-1763965655391-000804,FOREX,7.77,325,2026-01-20 12:12:12.514681
BUY-1763965650528-006318,SELL-1763965655391-000804,FOREX,7.77,4,2026-01-20 12:12:12.514684
BUY-1763965650523-002870,SELL-1763965655393-001456,CRYPTO,3493.19,2,2026-01-20 12:12:12.514691
BUY-1763965650522-002250,SELL-1763965655393-001456,CRYPTO,3493.19,9,2026-01-20 12:12:12.514693
BUY-1763965650523-002833,SELL-1763965655393-001456,CRYPTO,3493.19,2,2026-01-20 12:12:12.514696
BUY-1763965650524-003573,SELL-1763965655396-003045,EQUITY,92.49,96,2026-01-20 12:12:12.514705
BUY-1763965650529-007208,SELL-1763965655396-003045,EQUITY,92.49,18,2026-01-20 12:12:12.514707
BUY-1763965650524-003644,SELL-1763965655396-003045,EQUITY,92.49,154,2026-01-20 12:12:12.514710
BUY-1763965650521-001505,SELL-1763965655396-003045,EQUITY,92.49,1,2026-01-20 12:12:12.514713
BUY-1763965650528-006318,SELL-1763965655397-003685,FOREX,5.27,168,2026-01-20 12:12:12.514719
BUY-1763965650528-006318,SELL-1763965655399-004971,FOREX,7.27,81,2026-01-20 12:12:12.514724
BUY-1763965650529-007238,SELL-1763965655399-004971,FOREX,7.27,73,2026-01-20 12:12:12.514727
BUY-1763965650523-002833,SELL-1763965655397-003750,CRYPTO,3250.74,9,2026-01-20 12:12:12.514733
BUY-1763965650528-006192,SELL-1763965655397-003750,CRYPTO,3250.74,5,2026-01-20 12:12:12.514736
BUY-1763965650529-007238,SELL-1763965655397-003740,FOREX,3.23,293,2026-01-20 12:12:12.514742
BUY-1763965650525-003719,SELL-1763965655397-003740,FOREX,3.23,9,2026-01-20 12:12:12.514745
BUY-1763965650525-003719,SELL-1763965655396-003081,FOREX,4.07,53,2026-01-20 12:12:12.514750
BUY-1763965650521-001505,SELL-1763965655390-000009,EQUITY,150.0,52,2026-01-20 12:12:12.514756
BUY-1763965650521-001505,SELL-1763965655393-001650,EQUITY,304.89,6,2026-01-20 12:12:12.514761
BUY-1763965650524-002986,SELL-1763965655393-001650,EQUITY,304.89,70,2026-01-20 12:12:12.514764
BUY-1763965650524-002986,SELL-1763965655394-002339,EQUITY,360.33,37,2026-01-20 12:12:12.514769
BUY-1763965650523-002662,SELL-1763965655394-002339,EQUITY,360.33,1,2026-01-20 12:12:12.514776
BUY-1763965650525-003719,SELL-1763965655394-001955,FOREX,2.16,289,2026-01-20 12:12:12.514789
BUY-1763965650526-004664,SELL-1763965655394-001955,FOREX,2.16,156,2026-01-20 12:12:12.514793
BUY-1763965650527-005350,SELL-1763965655398-004372,CRYPTO,1468.51,9,2026-01-20 12:12:12.514798
BUY-1763965650520-001023,SELL-1763965655398-004372,CRYPTO,1468.51,4,2026-01-20 12:12:12.514801
BUY-1763965650529-006916,SELL-1763965655398-004372,CRYPTO,1468.51,10,2026-01-20 12:12:12.514808
BUY-1763965650524-003546,SELL-1763965655398-004372,CRYPTO,1468.51,1,2026-01-20 12:12:12.514810
BUY-1763965650521-001216,SELL-1763965655398-004372,CRYPTO,1468.51,2,2026-01-20 12:12:12.514813
BUY-1763965650521-001364,SELL-1763965655398-004372,CRYPTO,1468.51,8,2026-01-20 12:12:12.514816
BUY-1763965650521-001364,SELL-1763965655397-003750,CRYPTO,3250.74,1,2026-01-20 12:12:12.514818
BUY-1763965650529-006782,SELL-1763965655399-004601,CRYPTO,583.59,8,2026-01-20 12:12:12.514825
BUY-1763965650528-005918,SELL-1763965655399-004601,CRYPTO,583.59,3,2026-01-20 12:12:12.514828
BUY-1763965650527-005541,SELL-1763965655399-004601,CRYPTO,583.59,6,2026-01-20 12:12:12.514830
BUY-1763965650527-005541,SELL-1763965655398-004324,CRYPTO,3977.07,3,2026-01-20 12:12:12.514832
BUY-1763965650528-006141,SELL-1763965655398-004324,CRYPTO,3977.07,2,2026-01-20 12:12:12.514835
BUY-1763965650521-001592,SELL-1763965655398-004324,CRYPTO,3977.07,1,2026-01-20 12:12:12.514838
BUY-1763965650523-002662,SELL-1763965655395-002567,EQUITY,424.79,62,2026-01-20 12:12:12.514843
BUY-1763965650525-003902,SELL-1763965655395-002567,EQUITY,424.79,145,2026-01-20 12:12:12.514846
BUY-1763965650526-004664,SELL-1763965655399-004635,FOREX,1.81,321,2026-01-20 12:12:12.514852
BUY-1763965650525-003762,SELL-1763965655399-004635,FOREX,1.81,613,2026-01-20 12:12:12.514856
BUY-1763965650525-003762,SELL-1763965655392-001083,FOREX,8.14,6,2026-01-20 12:12:12.514861
BUY-1763965650522-002019,SELL-1763965655392-001083,FOREX,8.14,71,2026-01-20 12:12:12.514865
BUY-1763965650521-001592,SELL-1763965655391-000875,CRYPTO,1858.49,2,2026-01-20 12:12:12.514871
BUY-1763965650521-001383,SELL-1763965655391-000875,CRYPTO,1858.49,5,2026-01-20 12:12:12.514873
BUY-1763965650522-002019,SELL-1763965655393-001612,FOREX,7.09,399,2026-01-20 12:12:12.514879
BUY-1763965650522-002019,SELL-1763965655396-003373,FOREX,5.97,72,2026-01-20 12:12:12.514885
BUY-1763965650524-003199,SELL-1763965655396-003373,FOREX,5.97,45,2026-01-20 12:12:12.514889
BUY-1763965650524-003199,SELL-1763965655397-003510,FOREX,5.08,474,2026-01-20 12:12:12.514894
BUY-1763965650525-004169,SELL-1763965655397-003510,FOREX,5.08,378,2026-01-20 12:12:12.514897
BUY-1763965650525-003902,SELL-1763965655397-003861,EQUITY,278.95,2,2026-01-20 12:12:12.514903
BUY-1763965650521-001383,SELL-1763965655394-001943,CRYPTO,2632.87,6,2026-01-20 12:12:12.514909
BUY-1763965650522-002142,SELL-1763965655394-001943,CRYPTO,2632.87,6,2026-01-20 12:12:12.514911
BUY-1763965650520-001007,SELL-1763965655394-001943,CRYPTO,2632.87,6,2026-01-20 12:12:12.514919
BUY-1763965650520-001007,SELL-1763965655393-001683,CRYPTO,1211.05,1,2026-01-20 12:12:12.514924
BUY-1763965650529-006719,SELL-1763965655393-001683,CRYPTO,1211.05,1,2026-01-20 12:12:12.514927
BUY-1763965650520-000837,SELL-1763965655393-001683,CRYPTO,1211.05,9,2026-01-20 12:12:12.514930
BUY-1763965650525-003902,SELL-1763965655391-000880,EQUITY,300.72,72,2026-01-20 12:12:12.514936
BUY-1763965650528-005897,SELL-1763965655391-000880,EQUITY,300.72,188,2026-01-20 12:12:12.514939
BUY-1763965650520-000967,SELL-1763965655391-000880,EQUITY,300.72,70,2026-01-20 12:12:12.514942
BUY-1763965650525-004169,SELL-1763965655395-002774,FOREX,4.29,146,2026-01-20 12:12:12.514951
BUY-1763965650520-000837,SELL-1763965655393-001473,CRYPTO,152.04,2,2026-01-20 12:12:12.514956
BUY-1763965650520-000922,SELL-1763965655393-001473,CRYPTO,152.04,8,2026-01-20 12:12:12.514959
BUY-1763965650528-006419,SELL-1763965655393-001473,CRYPTO,152.04,12,2026-01-20 12:12:12.514962
BUY-1763965650522-002152,SELL-1763965655393-001473,CRYPTO,152.04,13,2026-01-20 12:12:12.514965
BUY-1763965650520-000892,SELL-1763965655393-001473,CRYPTO,152.04,7,2026-01-20 12:12:12.514967
BUY-1763965650524-003135,SELL-1763965655393-001473,CRYPTO,152.04,4,2026-01-20 12:12:12.514970
BUY-1763965650527-005141,SELL-1763965655393-001473,CRYPTO,152.04,9,2026-01-20 12:12:12.514973
BUY-1763965650522-002212,SELL-1763965655393-001473,CRYPTO,152.04,9,2026-01-20 12:12:12.514975
BUY-1763965650525-003969,SELL-1763965655393-001473,CRYPTO,152.04,11,2026-01-20 12:12:12.514978
BUY-1763965650523-002784,SELL-1763965655393-001473,CRYPTO,152.04,8,2026-01-20 12:12:12.514980
BUY-1763965650527-005251,SELL-1763965655393-001473,CRYPTO,152.04,10,2026-01-20 12:12:12.514983
BUY-1763965650519-000600,SELL-1763965655393-001473,CRYPTO,152.04,11,2026-01-20 12:12:12.514986
BUY-1763965650529-006883,SELL-1763965655393-001473,CRYPTO,152.04,3,2026-01-20 12:12:12.514988
BUY-1763965650523-002644,SELL-1763965655393-001473,CRYPTO,152.04,8,2026-01-20 12:12:12.514991
BUY-1763965650520-000862,SELL-1763965655393-001473,CRYPTO,152.04,6,2026-01-20 12:12:12.514993
BUY-1763965650525-004318,SELL-1763965655393-001473,CRYPTO,152.04,10,2026-01-20 12:12:12.514996
BUY-1763965650523-002313,SELL-1763965655393-001473,CRYPTO,152.04,10,2026-01-20 12:12:12.514999
BUY-1763965650529-007101,SELL-1763965655393-001473,CRYPTO,152.04,11,2026-01-20 12:12:12.515001
BUY-1763965650524-003061,SELL-1763965655393-001473,CRYPTO,152.04,2,2026-01-20 12:12:12.515003
BUY-1763965650526-004704,SELL-1763965655393-001473,CRYPTO,152.04,6,2026-01-20 12:12:12.515006
BUY-1763965650528-006289,SELL-1763965655393-001473,CRYPTO,152.04,2,2026-01-20 12:12:12.515008
BUY-1763965650527-005489,SELL-1763965655393-001473,CRYPTO,152.04,5,2026-01-20 12:12:12.515011
BUY-1763965650526-004706,SELL-1763965655393-001473,CRYPTO,152.04,1,2026-01-20 12:12:12.515013
BUY-1763965650528-006132,SELL-1763965655393-001473,CRYPTO,152.04,2,2026-01-20 12:12:12.515016
BUY-1763965650528-006371,SELL-1763965655393-001473,CRYPTO,152.04,1,2026-01-20 12:12:12.515023
BUY-1763965650522-002180,SELL-1763965655393-001473,CRYPTO,152.04,6,2026-01-20 12:12:12.515025
BUY-1763965650527-005648,SELL-1763965655393-001473,CRYPTO,152.04,12,2026-01-20 12:12:12.515030
BUY-1763965650523-002322,SELL-1763965655393-001473,CRYPTO,152.04,3,2026-01-20 12:12:12.515033
BUY-1763965650522-001649,SELL-1763965655393-001473,CRYPTO,152.04,9,2026-01-20 12:12:12.515036
BUY-1763965650522-001871,SELL-1763965655393-001473,CRYPTO,152.04,3,2026-01-20 12:12:12.515038
BUY-1763965650528-006540,SELL-1763965655393-001473,CRYPTO,152.04,1,2026-01-20 12:12:12.515041
BUY-1763965650521-001455,SELL-1763965655393-001473,CRYPTO,152.04,11,2026-01-20 12:12:12.515044
BUY-1763965650524-003356,SELL-1763965655393-001473,CRYPTO,152.04,8,2026-01-20 12:12:12.515046
BUY-1763965650523-002614,SELL-1763965655393-001473,CRYPTO,152.04,9,2026-01-20 12:12:12.515049
BUY-1763965650521-001280,SELL-1763965655393-001473,CRYPTO,152.04,3,2026-01-20 12:12:12.515051
BUY-1763965650526-004534,SELL-1763965655393-001473,CRYPTO,152.04,10,2026-01-20 12:12:12.515054
BUY-1763965650520-000639,SELL-1763965655393-001473,CRYPTO,152.04,2,2026-01-20 12:12:12.515056
BUY-1763965650525-003910,SELL-1763965655393-001473,CRYPTO,152.04,3,2026-01-20 12:12:12.515059
BUY-1763965650526-004638,SELL-1763965655393-001473,CRYPTO,152.04,7,2026-01-20 12:12:12.515061
BUY-1763965650525-004169,SELL-1763965655395-002687,FOREX,3.28,418,2026-01-20 12:12:12.515068
BUY-1763965650524-003623,SELL-1763965655395-002687,FOREX,3.28,302,2026-01-20 12:12:12.515071
BUY-1763965650520-000967,SELL-1763965655397-003747,EQUITY,229.79,57,2026-01-20 12:12:12.515077
BUY-1763965650521-001338,SELL-1763965655397-003747,EQUITY,229.79,17,2026-01-20 12:12:12.515080
BUY-1763965650524-003623,SELL-1763965655390-000200,FOREX,2.5,78,2026-01-20 12:12:12.515086
BUY-1763965650524-003623,SELL-1763965655393-001706,FOREX,6.33,506,2026-01-20 12:12:12.515091
BUY-1763965650525-004036,SELL-1763965655393-001706,FOREX,6.33,142,2026-01-20 12:12:12.515095
BUY-1763965650521-001338,SELL-1763965655395-002645,EQUITY,296.56,169,2026-01-20 12:12:12.515100
BUY-1763965650528-005909,SELL-1763965655395-002645,EQUITY,296.56,52,2026-01-20 12:12:12.515103
BUY-1763965650524-003028,SELL-1763965655395-002645,EQUITY,296.56,54,2026-01-20 12:12:12.515105
BUY-1763965650526-004638,SELL-1763965655394-002015,CRYPTO,250.83,3,2026-01-20 12:12:12.515116
BUY-1763965650529-007413,SELL-1763965655394-002015,CRYPTO,250.83,5,2026-01-20 12:12:12.515119
BUY-1763965650528-005824,SELL-1763965655394-002015,CRYPTO,250.83,7,2026-01-20 12:12:12.515122
BUY-1763965650521-001471,SELL-1763965655394-002015,CRYPTO,250.83,10,2026-01-20 12:12:12.515124
BUY-1763965650525-004233,SELL-1763965655394-002015,CRYPTO,250.83,6,2026-01-20 12:12:12.515127
BUY-1763965650521-001295,SELL-1763965655394-002015,CRYPTO,250.83,7,2026-01-20 12:12:12.515130
BUY-1763965650524-003385,SELL-1763965655394-002015,CRYPTO,250.83,11,2026-01-20 12:12:12.515132
BUY-1763965650527-005525,SELL-1763965655394-002015,CRYPTO,250.83,13,2026-01-20 12:12:12.515139
BUY-1763965650524-003542,SELL-1763965655394-002015,CRYPTO,250.83,7,2026-01-20 12:12:12.515142
BUY-1763965650528-006365,SELL-1763965655394-002015,CRYPTO,250.83,4,2026-01-20 12:12:12.515144
BUY-1763965650528-005994,SELL-1763965655394-002015,CRYPTO,250.83,4,2026-01-20 12:12:12.515147
BUY-1763965650523-002431,SELL-1763965655394-002015,CRYPTO,250.83,4,2026-01-20 12:12:12.515150
BUY-1763965650526-004422,SELL-1763965655394-002015,CRYPTO,250.83,1,2026-01-20 12:12:12.515152
BUY-1763965650522-002126,SELL-1763965655394-002015,CRYPTO,250.83,1,2026-01-20 12:12:12.515155
BUY-1763965650524-003307,SELL-1763965655394-002015,CRYPTO,250.83,6,2026-01-20 12:12:12.515157
BUY-1763965650525-003895,SELL-1763965655394-002015,CRYPTO,250.83,12,2026-01-20 12:12:12.515160
BUY-1763965650522-002035,SELL-1763965655394-002015,CRYPTO,250.83,5,2026-01-20 12:12:12.515162
BUY-1763965650523-002765,SELL-1763965655394-002015,CRYPTO,250.83,8,2026-01-20 12:12:12.515165
BUY-1763965650521-001561,SELL-1763965655394-002015,CRYPTO,250.83,11,2026-01-20 12:12:12.515168
BUY-1763965650529-006644,SELL-1763965655394-002015,CRYPTO,250.83,6,2026-01-20 12:12:12.515171
BUY-1763965650523-002934,SELL-1763965655394-002015,CRYPTO,250.83,5,2026-01-20 12:12:12.515173
BUY-1763965650519-000538,SELL-1763965655394-002015,CRYPTO,250.83,3,2026-01-20 12:12:12.515176
BUY-1763965650520-000891,SELL-1763965655394-002015,CRYPTO,250.83,2,2026-01-20 12:12:12.515179
BUY-1763965650519-000560,SELL-1763965655393-001477,EQUITY,114.25,12,2026-01-20 12:12:12.515185
BUY-1763965650527-005326,SELL-1763965655393-001477,EQUITY,114.25,123,2026-01-20 12:12:12.515188
BUY-1763965650521-001271,SELL-1763965655393-001477,EQUITY,114.25,18,2026-01-20 12:12:12.515191
BUY-1763965650527-005321,SELL-1763965655393-001477,EQUITY,114.25,120,2026-01-20 12:12:12.515194
BUY-1763965650524-003128,SELL-1763965655393-001477,EQUITY,114.25,174,2026-01-20 12:12:12.515196
BUY-1763965650525-003754,SELL-1763965655393-001477,EQUITY,114.25,37,2026-01-20 12:12:12.515199
BUY-1763965650522-001901,SELL-1763965655393-001477,EQUITY,114.25,100,2026-01-20 12:12:12.515202
BUY-1763965650526-004584,SELL-1763965655393-001477,EQUITY,114.25,7,2026-01-20 12:12:12.515205
BUY-1763965650526-004584,SELL-1763965655394-002018,EQUITY,94.01,157,2026-01-20 12:12:12.515210
BUY-1763965650523-002487,SELL-1763965655394-002018,EQUITY,94.01,48,2026-01-20 12:12:12.515213
BUY-1763965650520-000834,SELL-1763965655394-002018,EQUITY,94.01,83,2026-01-20 12:12:12.515216
BUY-1763965650529-006769,SELL-1763965655394-002018,EQUITY,94.01,133,2026-01-20 12:12:12.515219
BUY-1763965650522-001930,SELL-1763965655394-002018,EQUITY,94.01,138,2026-01-20 12:12:12.515221
BUY-1763965650524-003284,SELL-1763965655394-002018,EQUITY,94.01,26,2026-01-20 12:12:12.515224
BUY-1763965650526-005068,SELL-1763965655394-002018,EQUITY,94.01,99,2026-01-20 12:12:12.515226
BUY-1763965650522-001760,SELL-1763965655394-002018,EQUITY,94.01,4,2026-01-20 12:12:12.515233
BUY-1763965650528-005819,SELL-1763965655394-002018,EQUITY,94.01,41,2026-01-20 12:12:12.515236
BUY-1763965650528-005863,SELL-1763965655394-002018,EQUITY,94.01,42,2026-01-20 12:12:12.515239
BUY-1763965650520-000891,SELL-1763965655395-002531,CRYPTO,1590.7,7,2026-01-20 12:12:12.515245
BUY-1763965650527-005768,SELL-1763965655397-003854,CRYPTO,4455.51,6,2026-01-20 12:12:12.515248
BUY-1763965650527-005768,SELL-1763965655398-004243,CRYPTO,3284.04,2,2026-01-20 12:12:12.515254
BUY-1763965650524-003596,SELL-1763965655398-004243,CRYPTO,3284.04,1,2026-01-20 12:12:12.515257
BUY-1763965650524-003596,SELL-1763965655395-002526,CRYPTO,4349.73,4,2026-01-20 12:12:12.515259
BUY-1763965650528-005884,SELL-1763965655395-002526,CRYPTO,4349.73,3,2026-01-20 12:12:12.515261
BUY-1763965650528-005884,SELL-1763965655399-005052,CRYPTO,4763.45,3,2026-01-20 12:12:12.515263
BUY-1763965650528-005863,SELL-1763965655392-001143,EQUITY,377.81,30,2026-01-20 12:12:12.515273
BUY-1763965650528-006269,SELL-1763965655392-001052,CRYPTO,2100.74,5,2026-01-20 12:12:12.515279
BUY-1763965650529-007064,SELL-1763965655392-001052,CRYPTO,2100.74,4,2026-01-20 12:12:12.515281
BUY-1763965650526-004913,SELL-1763965655392-001052,CRYPTO,2100.74,2,2026-01-20 12:12:12.515284
BUY-1763965650526-004913,SELL-1763965655391-000500,CRYPTO,1459.4,10,2026-01-20 12:12:12.515293
BUY-1763965650522-002038,SELL-1763965655391-000500,CRYPTO,1459.4,7,2026-01-20 12:12:12.515296
BUY-1763965650526-004811,SELL-1763965655391-000500,CRYPTO,1459.4,6,2026-01-20 12:12:12.515299
BUY-1763965650523-002824,SELL-1763965655391-000500,CRYPTO,1459.4,3,2026-01-20 12:12:12.515301
BUY-1763965650525-004036,SELL-1763965655397-003841,FOREX,7.8,276,2026-01-20 12:12:12.515307
BUY-1763965650525-004036,SELL-1763965655396-003481,FOREX,9.36,44,2026-01-20 12:12:12.515313
BUY-1763965650528-005863,SELL-1763965655393-001847,EQUITY,221.33,29,2026-01-20 12:12:12.515318
BUY-1763965650524-003223,SELL-1763965655393-001847,EQUITY,221.33,137,2026-01-20 12:12:12.515321
BUY-1763965650526-004809,SELL-1763965655393-001847,EQUITY,221.33,36,2026-01-20 12:12:12.515324
BUY-1763965650526-004809,SELL-1763965655397-003745,EQUITY,357.99,25,2026-01-20 12:12:12.515329
BUY-1763965650526-004809,SELL-1763965655393-001416,EQUITY,467.86,120,2026-01-20 12:12:12.515331
BUY-1763965650520-000904,SELL-1763965655394-002367,EQUITY,131.89,254,2026-01-20 12:12:12.515337
BUY-1763965650521-001279,SELL-1763965655394-002367,EQUITY,131.89,64,2026-01-20 12:12:12.515340
BUY-1763965650522-002181,SELL-1763965655394-002367,EQUITY,131.89,115,2026-01-20 12:12:12.515343
BUY-1763965650524-003484,SELL-1763965655394-002367,EQUITY,131.89,19,2026-01-20 12:12:12.515346
BUY-1763965650528-006351,SELL-1763965655394-002367,EQUITY,131.89,85,2026-01-20 12:12:12.515348
BUY-1763965650525-004036,SELL-1763965655399-004908,FOREX,3.99,88,2026-01-20 12:12:12.515354
BUY-1763965650527-005666,SELL-1763965655399-004908,FOREX,3.99,485,2026-01-20 12:12:12.515357
BUY-1763965650524-003402,SELL-1763965655399-004908,FOREX,3.99,45,2026-01-20 12:12:12.515365
BUY-1763965650524-003402,SELL-1763965655393-001614,FOREX,2.59,840,2026-01-20 12:12:12.515374
BUY-1763965650523-002824,SELL-1763965655397-003974,CRYPTO,1796.11,3,2026-01-20 12:12:12.515380
BUY-1763965650528-005930,SELL-1763965655397-003974,CRYPTO,1796.11,3,2026-01-20 12:12:12.515383
BUY-1763965650523-002914,SELL-1763965655397-003974,CRYPTO,1796.11,1,2026-01-20 12:12:12.515386
BUY-1763965650529-007090,SELL-1763965655397-003974,CRYPTO,1796.11,6,2026-01-20 12:12:12.515388
BUY-1763965650528-006351,SELL-1763965655397-003642,EQUITY,181.35,88,2026-01-20 12:12:12.515397
BUY-1763965650527-005645,SELL-1763965655397-003642,EQUITY,181.35,200,2026-01-20 12:12:12.515400
BUY-1763965650529-006740,SELL-1763965655397-003642,EQUITY,181.35,20,2026-01-20 12:12:12.515403
BUY-1763965650526-004610,SELL-1763965655397-003642,EQUITY,181.35,27,2026-01-20 12:12:12.515405
BUY-1763965650520-000946,SELL-1763965655397-003642,EQUITY,181.35,110,2026-01-20 12:12:12.515408
BUY-1763965650524-003402,SELL-1763965655391-000846,FOREX,1.3,52,2026-01-20 12:12:12.515414
BUY-1763965650525-004153,SELL-1763965655391-000846,FOREX,1.3,245,2026-01-20 12:12:12.515417
BUY-1763965650528-006605,SELL-1763965655391-000846,FOREX,1.3,149,2026-01-20 12:12:12.515420
BUY-1763965650529-007090,SELL-1763965655391-000732,CRYPTO,2253.73,5,2026-01-20 12:12:12.515425
BUY-1763965650524-003664,SELL-1763965655391-000732,CRYPTO,2253.73,2,2026-01-20 12:12:12.515428
BUY-1763965650528-006605,SELL-1763965655397-003859,FOREX,8.86,125,2026-01-20 12:12:12.515439
BUY-1763965650528-005899,SELL-1763965655397-003859,FOREX,8.86,809,2026-01-20 12:12:12.515443
BUY-1763965650526-004492,SELL-1763965655394-002268,CRYPTO,3323.06,5,2026-01-20 12:12:12.515452
BUY-1763965650523-002321,SELL-1763965655394-002268,CRYPTO,3323.06,4,2026-01-20 12:12:12.515455
BUY-1763965650523-002321,SELL-1763965655391-000861,CRYPTO,3554.1,3,2026-01-20 12:12:12.515457
BUY-1763965650523-002321,SELL-1763965655398-004100,CRYPTO,376.32,3,2026-01-20 12:12:12.515462
BUY-1763965650529-007019,SELL-1763965655398-004100,CRYPTO,376.32,11,2026-01-20 12:12:12.515465
BUY-1763965650528-006340,SELL-1763965655398-004100,CRYPTO,376.32,11,2026-01-20 12:12:12.515470
BUY-1763965650525-004009,SELL-1763965655398-004100,CRYPTO,376.32,6,2026-01-20 12:12:12.515474
BUY-1763965650522-001938,SELL-1763965655398-004100,CRYPTO,376.32,4,2026-01-20 12:12:12.515478
BUY-1763965650521-001226,SELL-1763965655398-004100,CRYPTO,376.32,7,2026-01-20 12:12:12.515482
BUY-1763965650520-000819,SELL-1763965655398-004100,CRYPTO,376.32,13,2026-01-20 12:12:12.515486
BUY-1763965650522-001699,SELL-1763965655398-004100,CRYPTO,376.32,15,2026-01-20 12:12:12.515489
BUY-1763965650527-005318,SELL-1763965655398-004100,CRYPTO,376.32,9,2026-01-20 12:12:12.515493
BUY-1763965650523-002949,SELL-1763965655398-004100,CRYPTO,376.32,1,2026-01-20 12:12:12.515497
BUY-1763965650520-000946,SELL-1763965655394-002280,EQUITY,149.29,82,2026-01-20 12:12:12.515512
BUY-1763965650520-000905,SELL-1763965655394-002280,EQUITY,149.29,15,2026-01-20 12:12:12.515515
BUY-1763965650525-003706,SELL-1763965655394-002280,EQUITY,149.29,112,2026-01-20 12:12:12.515518
BUY-1763965650529-007187,SELL-1763965655394-002280,EQUITY,149.29,73,2026-01-20 12:12:12.515520
BUY-1763965650525-003886,SELL-1763965655394-002280,EQUITY,149.29,153,2026-01-20 12:12:12.515526
BUY-1763965650519-000505,SELL-1763965655394-002280,EQUITY,149.29,168,2026-01-20 12:12:12.515529
BUY-1763965650521-001202,SELL-1763965655394-002280,EQUITY,149.29,45,2026-01-20 12:12:12.515531
BUY-1763965650521-001202,SELL-1763965655394-002026,EQUITY,116.71,38,2026-01-20 12:12:12.515538
BUY-1763965650525-004297,SELL-1763965655394-002026,EQUITY,116.71,44,2026-01-20 12:12:12.515541
BUY-1763965650520-000916,SELL-1763965655394-002026,EQUITY,116.71,146,2026-01-20 12:12:12.515543
BUY-1763965650521-001563,SELL-1763965655394-002026,EQUITY,116.71,118,2026-01-20 12:12:12.515546
BUY-1763965650527-005406,SELL-1763965655394-002026,EQUITY,116.71,168,2026-01-20 12:12:12.515549
BUY-1763965650521-001465,SELL-1763965655394-002026,EQUITY,116.71,59,2026-01-20 12:12:12.515551
BUY-1763965650527-005783,SELL-1763965655394-002026,EQUITY,116.71,81,2026-01-20 12:12:12.515554
BUY-1763965650527-005783,SELL-1763965655394-002330,EQUITY,106.21,57,2026-01-20 12:12:12.515575
BUY-1763965650529-006663,SELL-1763965655394-002330,EQUITY,106.21,61,2026-01-20 12:12:12.515579
BUY-1763965650529-007403,SELL-1763965655394-002330,EQUITY,106.21,50,2026-01-20 12:12:12.515582
BUY-1763965650527-005735,SELL-1763965655394-002330,EQUITY,106.21,215,2026-01-20 12:12:12.515585
BUY-1763965650526-004986,SELL-1763965655394-002330,EQUITY,106.21,182,2026-01-20 12:12:12.515588
BUY-1763965650526-004880,SELL-1763965655394-002330,EQUITY,106.21,16,2026-01-20 12:12:12.515591
BUY-1763965650520-000978,SELL-1763965655394-002330,EQUITY,106.21,206,2026-01-20 12:12:12.515593
BUY-1763965650527-005631,SELL-1763965655394-002330,EQUITY,106.21,69,2026-01-20 12:12:12.515596
BUY-1763965650522-002139,SELL-1763965655394-002330,EQUITY,106.21,37,2026-01-20 12:12:12.515598
BUY-1763965650528-005899,SELL-1763965655399-005033,FOREX,7.84,35,2026-01-20 12:12:12.515605
BUY-1763965650527-005467,SELL-1763965655399-005033,FOREX,7.84,1,2026-01-20 12:12:12.515608
BUY-1763965650522-002139,SELL-1763965655397-003751,EQUITY,398.43,150,2026-01-20 12:12:12.515614
BUY-1763965650522-002139,SELL-1763965655399-004923,EQUITY,57.08,35,2026-01-20 12:12:12.515623
BUY-1763965650522-002013,SELL-1763965655399-004923,EQUITY,57.08,141,2026-01-20 12:12:12.515626
BUY-1763965650523-002398,SELL-1763965655399-004923,EQUITY,57.08,62,2026-01-20 12:12:12.515629
BUY-1763965650527-005467,SELL-1763965655399-004868,FOREX,2.61,361,2026-01-20 12:12:12.515634
BUY-1763965650529-007013,SELL-1763965655399-004868,FOREX,2.61,431,2026-01-20 12:12:12.515638
BUY-1763965650529-007013,SELL-1763965655396-003086,FOREX,7.78,519,2026-01-20 12:12:12.515643
BUY-1763965650527-005704,SELL-1763965655396-003086,FOREX,7.78,142,2026-01-20 12:12:12.515653
BUY-1763965650523-002398,SELL-1763965655396-003392,EQUITY,419.08,36,2026-01-20 12:12:12.515659
BUY-1763965650524-003257,SELL-1763965655396-003392,EQUITY,419.08,184,2026-01-20 12:12:12.515662
BUY-1763965650524-003257,SELL-1763965655393-001416,EQUITY,467.86,6,2026-01-20 12:12:12.515664
BUY-1763965650523-002949,SELL-1763965655398-004435,CRYPTO,589.63,9,2026-01-20 12:12:12.515670
BUY-1763965650528-006361,SELL-1763965655398-004435,CRYPTO,589.63,6,2026-01-20 12:12:12.515673
BUY-1763965650528-005900,SELL-1763965655398-004435,CRYPTO,589.63,3,2026-01-20 12:12:12.515676
BUY-1763965650528-005818,SELL-1763965655398-004435,CRYPTO,589.63,9,2026-01-20 12:12:12.515679
BUY-1763965650528-005818,SELL-1763965655391-000690,CRYPTO,2041.46,3,2026-01-20 12:12:12.515684
BUY-1763965650529-007285,SELL-1763965655391-000690,CRYPTO,2041.46,6,2026-01-20 12:12:12.515687
BUY-1763965650520-000869,SELL-1763965655391-000690,CRYPTO,2041.46,5,2026-01-20 12:12:12.515690
BUY-1763965650522-002151,SELL-1763965655391-000690,CRYPTO,2041.46,6,2026-01-20 12:12:12.515692
BUY-1763965650524-003053,SELL-1763965655391-000690,CRYPTO,2041.46,1,2026-01-20 12:12:12.515695
BUY-1763965650524-003053,SELL-1763965655397-003735,CRYPTO,2328.34,2,2026-01-20 12:12:12.515704
BUY-1763965650523-002410,SELL-1763965655397-003735,CRYPTO,2328.34,4,2026-01-20 12:12:12.515709
BUY-1763965650529-007011,SELL-1763965655397-003735,CRYPTO,2328.34,2,2026-01-20 12:12:12.515712
BUY-1763965650527-005704,SELL-1763965655398-004458,FOREX,2.08,286,2026-01-20 12:12:12.515717
BUY-1763965650525-004074,SELL-1763965655398-004458,FOREX,2.08,14,2026-01-20 12:12:12.515721
BUY-1763965650527-005282,SELL-1763965655398-004458,FOREX,2.08,271,2026-01-20 12:12:12.515724
BUY-1763965650521-001141,SELL-1763965655398-004458,FOREX,2.08,120,2026-01-20 12:12:12.515727
BUY-1763965650521-001141,SELL-1763965655393-001508,FOREX,3.25,285,2026-01-20 12:12:12.515733
BUY-1763965650529-007497,SELL-1763965655393-001508,FOREX,3.25,680,2026-01-20 12:12:12.515736
BUY-1763965650522-002234,SELL-1763965655396-003415,EQUITY,77.81,136,2026-01-20 12:12:12.515742
BUY-1763965650527-005748,SELL-1763965655396-003415,EQUITY,77.81,208,2026-01-20 12:12:12.515745
BUY-1763965650520-000926,SELL-1763965655396-003415,EQUITY,77.81,76,2026-01-20 12:12:12.515747
BUY-1763965650522-001913,SELL-1763965655396-003415,EQUITY,77.81,217,2026-01-20 12:12:12.515750
BUY-1763965650521-001556,SELL-1763965655396-003415,EQUITY,77.81,39,2026-01-20 12:12:12.515753
BUY-1763965650529-007011,SELL-1763965655398-004168,CRYPTO,122.81,1,2026-01-20 12:12:12.515758
BUY-1763965650528-006252,SELL-1763965655398-004168,CRYPTO,122.81,11,2026-01-20 12:12:12.515761
BUY-1763965650521-001139,SELL-1763965655398-004168,CRYPTO,122.81,10,2026-01-20 12:12:12.515763
BUY-1763965650520-000867,SELL-1763965655398-004168,CRYPTO,122.81,9,2026-01-20 12:12:12.515766
BUY-1763965650528-005953,SELL-1763965655398-004168,CRYPTO,122.81,9,2026-01-20 12:12:12.515773
BUY-1763965650525-004000,SELL-1763965655398-004168,CRYPTO,122.81,1,2026-01-20 12:12:12.515775
BUY-1763965650527-005503,SELL-1763965655398-004168,CRYPTO,122.81,2,2026-01-20 12:12:12.515778
BUY-1763965650519-000566,SELL-1763965655398-004168,CRYPTO,122.81,7,2026-01-20 12:12:12.515781
BUY-1763965650519-000566,SELL-1763965655393-001763,CRYPTO,4082.45,3,2026-01-20 12:12:12.515783
BUY-1763965650519-000546,SELL-1763965655393-001763,CRYPTO,4082.45,2,2026-01-20 12:12:12.515785
BUY-1763965650519-000546,SELL-1763965655394-002034,CRYPTO,1015.21,5,2026-01-20 12:12:12.515795
BUY-1763965650528-006222,SELL-1763965655394-002034,CRYPTO,1015.21,2,2026-01-20 12:12:12.515798
BUY-1763965650521-001556,SELL-1763965655398-004360,EQUITY,418.85,35,2026-01-20 12:12:12.515804
BUY-1763965650529-007307,SELL-1763965655398-004360,EQUITY,418.85,44,2026-01-20 12:12:12.515807
BUY-1763965650525-003713,SELL-1763965655398-004360,EQUITY,418.85,84,2026-01-20 12:12:12.515809
BUY-1763965650529-007497,SELL-1763965655399-004851,FOREX,4.55,65,2026-01-20 12:12:12.515815
BUY-1763965650524-003240,SELL-1763965655399-004851,FOREX,4.55,206,2026-01-20 12:12:12.515818
BUY-1763965650524-003147,SELL-1763965655399-004851,FOREX,4.55,313,2026-01-20 12:12:12.515822
BUY-1763965650524-003147,SELL-1763965655395-002537,FOREX,3.0,608,2026-01-20 12:12:12.515827
BUY-1763965650529-006766,SELL-1763965655395-002537,FOREX,3.0,215,2026-01-20 12:12:12.515831
BUY-1763965650525-003713,SELL-1763965655393-001925,EQUITY,199.02,120,2026-01-20 12:12:12.515836
BUY-1763965650526-005010,SELL-1763965655393-001925,EQUITY,199.02,62,2026-01-20 12:12:12.515839
BUY-1763965650526-005010,SELL-1763965655392-000986,EQUITY,406.16,64,2026-01-20 12:12:12.515845
BUY-1763965650521-001116,SELL-1763965655392-000986,EQUITY,406.16,66,2026-01-20 12:12:12.515848
BUY-1763965650529-006766,SELL-1763965655398-004091,FOREX,9.01,288,2026-01-20 12:12:12.515857
BUY-1763965650529-006766,SELL-1763965655393-001513,FOREX,2.96,173,2026-01-20 12:12:12.515862
BUY-1763965650524-003665,SELL-1763965655393-001513,FOREX,2.96,467,2026-01-20 12:12:12.515866
BUY-1763965650526-004612,SELL-1763965655393-001513,FOREX,2.96,26,2026-01-20 12:12:12.515869
BUY-1763965650521-001116,SELL-1763965655390-000125,EQUITY,150.0,30,2026-01-20 12:12:12.515879
BUY-1763965650526-004612,SELL-1763965655392-001202,FOREX,5.66,500,2026-01-20 12:12:12.515885
BUY-1763965650521-001116,SELL-1763965655390-000035,EQUITY,200.0,2,2026-01-20 12:12:12.515891
BUY-1763965650528-006328,SELL-1763965655390-000035,EQUITY,200.0,27,2026-01-20 12:12:12.515893
BUY-1763965650526-004612,SELL-1763965655394-001981,FOREX,4.93,155,2026-01-20 12:12:12.515906
BUY-1763965650524-003258,SELL-1763965655394-001981,FOREX,4.93,51,2026-01-20 12:12:12.515909
BUY-1763965650527-005085,SELL-1763965655394-001981,FOREX,4.93,84,2026-01-20 12:12:12.515912
BUY-1763965650527-005085,SELL-1763965655394-002014,FOREX,9.31,308,2026-01-20 12:12:12.515914
BUY-1763965650528-006328,SELL-1763965655394-002309,EQUITY,360.32,65,2026-01-20 12:12:12.515929
BUY-1763965650529-007370,SELL-1763965655394-002309,EQUITY,360.32,24,2026-01-20 12:12:12.515932
BUY-1763965650529-007370,SELL-1763965655400-005709,EQUITY,111.3,5,2026-01-20 12:12:12.515938
BUY-1763965650526-004973,SELL-1763965655400-005709,EQUITY,111.3,112,2026-01-20 12:12:12.515940
BUY-1763965650528-006329,SELL-1763965655402-006798,FOREX,3.11,223,2026-01-20 12:12:12.515946
BUY-1763965650526-004674,SELL-1763965655402-006798,FOREX,3.11,325,2026-01-20 12:12:12.515949
BUY-1763965650526-004392,SELL-1763965655402-006798,FOREX,3.11,42,2026-01-20 12:12:12.515953
BUY-1763965650528-006222,SELL-1763965655402-006349,CRYPTO,3886.28,5,2026-01-20 12:12:12.515965
BUY-1763965650528-006222,SELL-1763965655397-003688,CRYPTO,3815.88,3,2026-01-20 12:12:12.515968
BUY-1763965650520-000760,SELL-1763965655397-003688,CRYPTO,3815.88,3,2026-01-20 12:12:12.515971
BUY-1763965650526-004392,SELL-1763965655402-006702,FOREX,2.78,599,2026-01-20 12:12:12.515977
BUY-1763965650529-007116,SELL-1763965655402-006702,FOREX,2.78,238,2026-01-20 12:12:12.515980
BUY-1763965650525-003853,SELL-1763965655402-006702,FOREX,2.78,5,2026-01-20 12:12:12.515983
BUY-1763965650525-003853,SELL-1763965655394-002014,FOREX,9.31,357,2026-01-20 12:12:12.515985
BUY-1763965650526-004973,SELL-1763965655401-005963,EQUITY,337.0,11,2026-01-20 12:12:12.515992
BUY-1763965650524-003068,SELL-1763965655401-005963,EQUITY,337.0,211,2026-01-20 12:12:12.515995
BUY-1763965650528-006232,SELL-1763965655401-005963,EQUITY,337.0,17,2026-01-20 12:12:12.515998
BUY-1763965650528-006232,SELL-1763965655401-005808,EQUITY,196.05,37,2026-01-20 12:12:12.516003
BUY-1763965650527-005167,SELL-1763965655401-005808,EQUITY,196.05,143,2026-01-20 12:12:12.516006
BUY-1763965650529-007430,SELL-1763965655401-005808,EQUITY,196.05,17,2026-01-20 12:12:12.516009
BUY-1763965650529-007430,SELL-1763965655403-007280,EQUITY,438.1,28,2026-01-20 12:12:12.516011
BUY-1763965650522-001764,SELL-1763965655390-000201,FOREX,3.5,92,2026-01-20 12:12:12.516021
BUY-1763965650523-002559,SELL-1763965655390-000201,FOREX,3.5,11,2026-01-20 12:12:12.516024
BUY-1763965650522-001886,SELL-1763965655395-002935,CRYPTO,2921.64,1,2026-01-20 12:12:12.516029
BUY-1763965650523-002559,SELL-1763965655400-005410,FOREX,4.0,95,2026-01-20 12:12:12.516035
BUY-1763965650527-005082,SELL-1763965655400-005410,FOREX,4.0,281,2026-01-20 12:12:12.516038
BUY-1763965650526-005040,SELL-1763965655400-005410,FOREX,4.0,120,2026-01-20 12:12:12.516041
BUY-1763965650529-006793,SELL-1763965655400-005410,FOREX,4.0,391,2026-01-20 12:12:12.516045
BUY-1763965650529-006793,SELL-1763965655394-002014,FOREX,9.31,81,2026-01-20 12:12:12.516047
BUY-1763965650529-006793,SELL-1763965655393-001844,FOREX,1.17,166,2026-01-20 12:12:12.516052
BUY-1763965650521-001393,SELL-1763965655393-001844,FOREX,1.17,217,2026-01-20 12:12:12.516055
BUY-1763965650529-007430,SELL-1763965655401-005939,EQUITY,272.52,88,2026-01-20 12:12:12.516061
BUY-1763965650519-000543,SELL-1763965655401-005939,EQUITY,272.52,60,2026-01-20 12:12:12.516069
BUY-1763965650519-000543,SELL-1763965655401-005927,EQUITY,176.24,68,2026-01-20 12:12:12.516075
BUY-1763965650524-003403,SELL-1763965655401-005927,EQUITY,176.24,12,2026-01-20 12:12:12.516077
BUY-1763965650519-000535,SELL-1763965655401-005927,EQUITY,176.24,16,2026-01-20 12:12:12.516080
BUY-1763965650519-000553,SELL-1763965655401-005927,EQUITY,176.24,127,2026-01-20 12:12:12.516083
BUY-1763965650522-001693,SELL-1763965655401-005927,EQUITY,176.24,39,2026-01-20 12:12:12.516085
BUY-1763965650527-005441,SELL-1763965655401-005927,EQUITY,176.24,35,2026-01-20 12:12:12.516088
BUY-1763965650519-000612,SELL-1763965655401-005927,EQUITY,176.24,162,2026-01-20 12:12:12.516091
BUY-1763965650521-001349,SELL-1763965655401-005927,EQUITY,176.24,35,2026-01-20 12:12:12.516093
BUY-1763965650526-004471,SELL-1763965655401-005927,EQUITY,176.24,15,2026-01-20 12:12:12.516096
BUY-1763965650526-004471,SELL-1763965655393-001416,EQUITY,467.86,51,2026-01-20 12:12:12.516098
BUY-1763965650526-004471,SELL-1763965655395-002733,EQUITY,244.48,36,2026-01-20 12:12:12.516104
BUY-1763965650520-001032,SELL-1763965655395-002733,EQUITY,244.48,45,2026-01-20 12:12:12.516107
BUY-1763965650521-001393,SELL-1763965655390-000223,FOREX,3.0,49,2026-01-20 12:12:12.516112
BUY-1763965650521-001393,SELL-1763965655401-005941,FOREX,7.14,212,2026-01-20 12:12:12.516118
BUY-1763965650520-001032,SELL-1763965655403-007402,EQUITY,144.57,158,2026-01-20 12:12:12.516123
BUY-1763965650527-005736,SELL-1763965655403-007402,EQUITY,144.57,149,2026-01-20 12:12:12.516126
BUY-1763965650529-006826,SELL-1763965655403-007402,EQUITY,144.57,145,2026-01-20 12:12:12.516129
BUY-1763965650528-006574,SELL-1763965655403-007402,EQUITY,144.57,175,2026-01-20 12:12:12.516132
BUY-1763965650521-001393,SELL-1763965655401-005956,FOREX,1.85,307,2026-01-20 12:12:12.516137
BUY-1763965650528-006574,SELL-1763965655402-006579,EQUITY,439.46,1,2026-01-20 12:12:12.516146
BUY-1763965650525-004296,SELL-1763965655402-006579,EQUITY,439.46,42,2026-01-20 12:12:12.516150
BUY-1763965650522-001886,SELL-1763965655402-006640,CRYPTO,1829.0,3,2026-01-20 12:12:12.516156
BUY-1763965650525-004296,SELL-1763965655393-001713,EQUITY,55.56,16,2026-01-20 12:12:12.516162
BUY-1763965650524-003391,SELL-1763965655393-001713,EQUITY,55.56,193,2026-01-20 12:12:12.516165
BUY-1763965650520-000839,SELL-1763965655393-001713,EQUITY,55.56,209,2026-01-20 12:12:12.516168
BUY-1763965650529-006977,SELL-1763965655393-001713,EQUITY,55.56,68,2026-01-20 12:12:12.516170
BUY-1763965650519-000557,SELL-1763965655393-001713,EQUITY,55.56,148,2026-01-20 12:12:12.516173
BUY-1763965650526-004600,SELL-1763965655393-001713,EQUITY,55.56,11,2026-01-20 12:12:12.516181
BUY-1763965650526-004600,SELL-1763965655392-000923,EQUITY,178.52,122,2026-01-20 12:12:12.516187
BUY-1763965650527-005684,SELL-1763965655392-000923,EQUITY,178.52,22,2026-01-20 12:12:12.516190
BUY-1763965650528-006066,SELL-1763965655392-000923,EQUITY,178.52,154,2026-01-20 12:12:12.516192
BUY-1763965650523-002373,SELL-1763965655392-000923,EQUITY,178.52,185,2026-01-20 12:12:12.516199
BUY-1763965650524-003255,SELL-1763965655392-000923,EQUITY,178.52,30,2026-01-20 12:12:12.516202
BUY-1763965650524-003255,SELL-1763965655403-007132,EQUITY,144.39,135,2026-01-20 12:12:12.516208
BUY-1763965650521-001393,SELL-1763965655397-003710,FOREX,7.78,67,2026-01-20 12:12:12.516213
BUY-1763965650527-005657,SELL-1763965655397-003710,FOREX,7.78,190,2026-01-20 12:12:12.516217
BUY-1763965650523-002514,SELL-1763965655397-003710,FOREX,7.78,102,2026-01-20 12:12:12.516220
BUY-1763965650523-002514,SELL-1763965655394-002020,FOREX,7.6,612,2026-01-20 12:12:12.516228
BUY-1763965650525-004166,SELL-1763965655394-002020,FOREX,7.6,158,2026-01-20 12:12:12.516231
BUY-1763965650525-004166,SELL-1763965655398-004333,FOREX,7.62,287,2026-01-20 12:12:12.516237
BUY-1763965650526-004709,SELL-1763965655398-004333,FOREX,7.62,364,2026-01-20 12:12:12.516240
BUY-1763965650526-004709,SELL-1763965655398-004279,FOREX,1.47,421,2026-01-20 12:12:12.516245
BUY-1763965650528-006154,SELL-1763965655398-004279,FOREX,1.47,12,2026-01-20 12:12:12.516248
BUY-1763965650527-005660,SELL-1763965655398-004279,FOREX,1.47,42,2026-01-20 12:12:12.516251
BUY-1763965650529-006914,SELL-1763965655398-004279,FOREX,1.47,168,2026-01-20 12:12:12.516254
BUY-1763965650529-006914,SELL-1763965655400-005359,FOREX,1.96,308,2026-01-20 12:12:12.516260
BUY-1763965650529-006914,SELL-1763965655398-004395,FOREX,4.66,227,2026-01-20 12:12:12.516265
BUY-1763965650528-006078,SELL-1763965655398-004395,FOREX,4.66,236,2026-01-20 12:12:12.516268
BUY-1763965650529-006779,SELL-1763965655398-004395,FOREX,4.66,21,2026-01-20 12:12:12.516272
BUY-1763965650524-003255,SELL-1763965655402-006666,EQUITY,439.99,45,2026-01-20 12:12:12.516282
BUY-1763965650528-006500,SELL-1763965655403-007424,EQUITY,102.94,38,2026-01-20 12:12:12.516288
BUY-1763965650528-006500,SELL-1763965655395-002950,EQUITY,294.5,87,2026-01-20 12:12:12.516296
BUY-1763965650524-003206,SELL-1763965655395-002950,EQUITY,294.5,156,2026-01-20 12:12:12.516298
BUY-1763965650523-002965,SELL-1763965655395-002950,EQUITY,294.5,76,2026-01-20 12:12:12.516301
BUY-1763965650523-002965,SELL-1763965655396-003398,EQUITY,249.83,129,2026-01-20 12:12:12.516307
BUY-1763965650522-001815,SELL-1763965655396-003398,EQUITY,249.83,39,2026-01-20 12:12:12.516311
BUY-1763965650524-003114,SELL-1763965655396-003398,EQUITY,249.83,13,2026-01-20 12:12:12.516315
BUY-1763965650522-001886,SELL-1763965655401-005764,CRYPTO,1671.64,1,2026-01-20 12:12:12.516321
BUY-1763965650524-003419,SELL-1763965655401-005764,CRYPTO,1671.64,12,2026-01-20 12:12:12.516325
BUY-1763965650528-005883,SELL-1763965655401-005764,CRYPTO,1671.64,7,2026-01-20 12:12:12.516328
BUY-1763965650522-001890,SELL-1763965655401-005764,CRYPTO,1671.64,1,2026-01-20 12:12:12.516331
BUY-1763965650522-001890,SELL-1763965655400-005310,CRYPTO,3524.6,1,2026-01-20 12:12:12.516337
BUY-1763965650528-006406,SELL-1763965655400-005310,CRYPTO,3524.6,2,2026-01-20 12:12:12.516344
BUY-1763965650529-006647,SELL-1763965655400-005310,CRYPTO,3524.6,8,2026-01-20 12:12:12.516347
BUY-1763965650529-006647,SELL-1763965655397-003688,CRYPTO,3815.88,2,2026-01-20 12:12:12.516349
BUY-1763965650524-003114,SELL-1763965655395-002677,EQUITY,233.85,82,2026-01-20 12:12:12.516355
BUY-1763965650529-006779,SELL-1763965655394-002002,FOREX,6.68,369,2026-01-20 12:12:12.516360
BUY-1763965650529-006647,SELL-1763965655403-007090,CRYPTO,3073.39,1,2026-01-20 12:12:12.516366
BUY-1763965650524-003114,SELL-1763965655395-002556,EQUITY,78.82,66,2026-01-20 12:12:12.516371
BUY-1763965650521-001310,SELL-1763965655395-002556,EQUITY,78.82,4,2026-01-20 12:12:12.516375
BUY-1763965650522-001737,SELL-1763965655395-002556,EQUITY,78.82,82,2026-01-20 12:12:12.516377
BUY-1763965650523-002912,SELL-1763965655395-002556,EQUITY,78.82,118,2026-01-20 12:12:12.516380
BUY-1763965650527-005265,SELL-1763965655395-002556,EQUITY,78.82,52,2026-01-20 12:12:12.516383
BUY-1763965650520-000726,SELL-1763965655395-002556,EQUITY,78.82,43,2026-01-20 12:12:12.516386
BUY-1763965650521-001261,SELL-1763965655395-002556,EQUITY,78.82,56,2026-01-20 12:12:12.516388
BUY-1763965650520-000810,SELL-1763965655395-002556,EQUITY,78.82,178,2026-01-20 12:12:12.516391
BUY-1763965650526-005039,SELL-1763965655395-002556,EQUITY,78.82,126,2026-01-20 12:12:12.516394
BUY-1763965650526-004420,SELL-1763965655395-002556,EQUITY,78.82,124,2026-01-20 12:12:12.516397
BUY-1763965650520-000817,SELL-1763965655395-002556,EQUITY,78.82,23,2026-01-20 12:12:12.516399
BUY-1763965650524-003195,SELL-1763965655395-002556,EQUITY,78.82,54,2026-01-20 12:12:12.516402
BUY-1763965650524-003195,SELL-1763965655392-001061,EQUITY,164.62,152,2026-01-20 12:12:12.516408
BUY-1763965650521-001334,SELL-1763965655392-001061,EQUITY,164.62,74,2026-01-20 12:12:12.516410
BUY-1763965650527-005602,SELL-1763965655392-001061,EQUITY,164.62,89,2026-01-20 12:12:12.516413
BUY-1763965650524-003394,SELL-1763965655392-001061,EQUITY,164.62,85,2026-01-20 12:12:12.516416
BUY-1763965650528-006080,SELL-1763965655392-001061,EQUITY,164.62,134,2026-01-20 12:12:12.516419
BUY-1763965650528-006080,SELL-1763965655402-006666,EQUITY,439.99,18,2026-01-20 12:12:12.516421
BUY-1763965650525-004333,SELL-1763965655402-006666,EQUITY,439.99,58,2026-01-20 12:12:12.516423
BUY-1763965650525-004333,SELL-1763965655395-002761,EQUITY,293.4,59,2026-01-20 12:12:12.516429
BUY-1763965650529-007280,SELL-1763965655400-005309,EQUITY,235.58,25,2026-01-20 12:12:12.516435
BUY-1763965650529-006647,SELL-1763965655395-002740,CRYPTO,2676.71,1,2026-01-20 12:12:12.516441
BUY-1763965650524-003657,SELL-1763965655395-002740,CRYPTO,2676.71,2,2026-01-20 12:12:12.516444
BUY-1763965650524-003657,SELL-1763965655394-002320,CRYPTO,2494.55,8,2026-01-20 12:12:12.516449
BUY-1763965650525-003693,SELL-1763965655394-002320,CRYPTO,2494.55,1,2026-01-20 12:12:12.516452
BUY-1763965650526-004990,SELL-1763965655394-002320,CRYPTO,2494.55,5,2026-01-20 12:12:12.516454
BUY-1763965650526-004990,SELL-1763965655400-005682,CRYPTO,1756.81,2,2026-01-20 12:12:12.516468
BUY-1763965650529-006779,SELL-1763965655400-005695,FOREX,6.1,118,2026-01-20 12:12:12.516474
BUY-1763965650521-001372,SELL-1763965655400-005695,FOREX,6.1,171,2026-01-20 12:12:12.516477
BUY-1763965650529-007280,SELL-1763965655396-003004,EQUITY,204.63,50,2026-01-20 12:12:12.516486
BUY-1763965650523-002489,SELL-1763965655396-003004,EQUITY,204.63,137,2026-01-20 12:12:12.516489
BUY-1763965650526-004808,SELL-1763965655396-003004,EQUITY,204.63,32,2026-01-20 12:12:12.516493
BUY-1763965650526-004808,SELL-1763965655394-002308,EQUITY,257.71,61,2026-01-20 12:12:12.516498
BUY-1763965650521-001372,SELL-1763965655391-000588,FOREX,2.26,416,2026-01-20 12:12:12.516504
BUY-1763965650527-005303,SELL-1763965655391-000588,FOREX,2.26,60,2026-01-20 12:12:12.516507
BUY-1763965650521-001145,SELL-1763965655391-000588,FOREX,2.26,14,2026-01-20 12:12:12.516510
BUY-1763965650523-002703,SELL-1763965655391-000588,FOREX,2.26,433,2026-01-20 12:12:12.516513
BUY-1763965650524-003073,SELL-1763965655391-000588,FOREX,2.26,64,2026-01-20 12:12:12.516516
BUY-1763965650524-003073,SELL-1763965655399-004623,FOREX,4.23,47,2026-01-20 12:12:12.516522
BUY-1763965650526-004808,SELL-1763965655397-003757,EQUITY,78.14,179,2026-01-20 12:12:12.516528
BUY-1763965650521-001480,SELL-1763965655397-003757,EQUITY,78.14,126,2026-01-20 12:12:12.516530
BUY-1763965650524-003073,SELL-1763965655403-007498,FOREX,8.49,754,2026-01-20 12:12:12.516539
BUY-1763965650524-003073,SELL-1763965655402-006665,FOREX,7.94,51,2026-01-20 12:12:12.516545
BUY-1763965650522-002214,SELL-1763965655402-006665,FOREX,7.94,154,2026-01-20 12:12:12.516548
BUY-1763965650526-004990,SELL-1763965655397-003850,CRYPTO,3193.51,1,2026-01-20 12:12:12.516558
BUY-1763965650526-004990,SELL-1763965655399-004683,CRYPTO,2074.09,2,2026-01-20 12:12:12.516564
BUY-1763965650526-004990,SELL-1763965655394-002040,CRYPTO,1317.76,1,2026-01-20 12:12:12.516570
BUY-1763965650528-006555,SELL-1763965655394-002040,CRYPTO,1317.76,3,2026-01-20 12:12:12.516572
BUY-1763965650527-005255,SELL-1763965655394-002040,CRYPTO,1317.76,6,2026-01-20 12:12:12.516575
BUY-1763965650528-006570,SELL-1763965655394-002040,CRYPTO,1317.76,12,2026-01-20 12:12:12.516577
BUY-1763965650528-006259,SELL-1763965655394-002040,CRYPTO,1317.76,1,2026-01-20 12:12:12.516580
BUY-1763965650521-001480,SELL-1763965655400-005446,EQUITY,102.71,70,2026-01-20 12:12:12.516586
BUY-1763965650525-003877,SELL-1763965655400-005446,EQUITY,102.71,481,2026-01-20 12:12:12.516589
BUY-1763965650520-000889,SELL-1763965655400-005446,EQUITY,102.71,111,2026-01-20 12:12:12.516592
BUY-1763965650526-004703,SELL-1763965655400-005446,EQUITY,102.71,108,2026-01-20 12:12:12.516594
BUY-1763965650522-002214,SELL-1763965655402-006583,FOREX,2.28,41,2026-01-20 12:12:12.516600
BUY-1763965650523-002771,SELL-1763965655402-006583,FOREX,2.28,253,2026-01-20 12:12:12.516603
BUY-1763965650523-002771,SELL-1763965655398-004255,FOREX,5.37,44,2026-01-20 12:12:12.516609
BUY-1763965650522-001999,SELL-1763965655398-004255,FOREX,5.37,42,2026-01-20 12:12:12.516616
BUY-1763965650528-006259,SELL-1763965655393-001632,CRYPTO,2710.36,2,2026-01-20 12:12:12.516622
BUY-1763965650528-006398,SELL-1763965655393-001632,CRYPTO,2710.36,6,2026-01-20 12:12:12.516625
BUY-1763965650525-003795,SELL-1763965655393-001632,CRYPTO,2710.36,8,2026-01-20 12:12:12.516627
BUY-1763965650522-001999,SELL-1763965655394-002073,FOREX,1.48,309,2026-01-20 12:12:12.516633
BUY-1763965650526-004649,SELL-1763965655394-002073,FOREX,1.48,124,2026-01-20 12:12:12.516637
BUY-1763965650526-004703,SELL-1763965655395-002682,EQUITY,175.22,24,2026-01-20 12:12:12.516642
BUY-1763965650520-000700,SELL-1763965655395-002682,EQUITY,175.22,153,2026-01-20 12:12:12.516645
BUY-1763965650525-003795,SELL-1763965655395-002886,CRYPTO,1227.49,5,2026-01-20 12:12:12.516651
BUY-1763965650526-005059,SELL-1763965655395-002886,CRYPTO,1227.49,1,2026-01-20 12:12:12.516654
BUY-1763965650520-000700,SELL-1763965655392-001223,EQUITY,121.28,17,2026-01-20 12:12:12.516659
BUY-1763965650522-001916,SELL-1763965655392-001223,EQUITY,121.28,44,2026-01-20 12:12:12.516662
BUY-1763965650528-006278,SELL-1763965655392-001223,EQUITY,121.28,147,2026-01-20 12:12:12.516665
BUY-1763965650527-005305,SELL-1763965655392-001223,EQUITY,121.28,12,2026-01-20 12:12:12.516668
BUY-1763965650522-001640,SELL-1763965655392-001223,EQUITY,121.28,90,2026-01-20 12:12:12.516670
BUY-1763965650526-005059,SELL-1763965655403-007457,CRYPTO,4099.66,3,2026-01-20 12:12:12.516676
BUY-1763965650520-000734,SELL-1763965655403-007457,CRYPTO,4099.66,2,2026-01-20 12:12:12.516679
BUY-1763965650526-004556,SELL-1763965655394-002451,CRYPTO,2091.09,10,2026-01-20 12:12:12.516685
BUY-1763965650525-003970,SELL-1763965655394-002451,CRYPTO,2091.09,7,2026-01-20 12:12:12.516687
BUY-1763965650525-003970,SELL-1763965655403-007457,CRYPTO,4099.66,1,2026-01-20 12:12:12.516690
BUY-1763965650526-004649,SELL-1763965655391-000584,FOREX,5.96,472,2026-01-20 12:12:12.516696
BUY-1763965650522-001640,SELL-1763965655402-006561,EQUITY,59.23,145,2026-01-20 12:12:12.516705
BUY-1763965650524-003066,SELL-1763965655402-006561,EQUITY,59.23,238,2026-01-20 12:12:12.516708
BUY-1763965650521-001092,SELL-1763965655402-006561,EQUITY,59.23,119,2026-01-20 12:12:12.516711
BUY-1763965650523-002466,SELL-1763965655402-006561,EQUITY,59.23,160,2026-01-20 12:12:12.516714
BUY-1763965650523-002748,SELL-1763965655402-006561,EQUITY,59.23,198,2026-01-20 12:12:12.516717
BUY-1763965650526-004649,SELL-1763965655395-002915,FOREX,3.42,17,2026-01-20 12:12:12.516722
BUY-1763965650529-006671,SELL-1763965655396-003430,CRYPTO,1476.58,10,2026-01-20 12:12:12.516732
BUY-1763965650523-002748,SELL-1763965655397-003697,EQUITY,258.8,4,2026-01-20 12:12:12.516738
BUY-1763965650526-004718,SELL-1763965655397-003697,EQUITY,258.8,78,2026-01-20 12:12:12.516741
BUY-1763965650526-004718,SELL-1763965655402-006562,EQUITY,131.27,192,2026-01-20 12:12:12.516747
BUY-1763965650521-001449,SELL-1763965655402-006562,EQUITY,131.27,4,2026-01-20 12:12:12.516749
BUY-1763965650527-005127,SELL-1763965655402-006562,EQUITY,131.27,87,2026-01-20 12:12:12.516757
BUY-1763965650529-006900,SELL-1763965655402-006562,EQUITY,131.27,41,2026-01-20 12:12:12.516759
BUY-1763965650526-004735,SELL-1763965655402-006562,EQUITY,131.27,106,2026-01-20 12:12:12.516762
BUY-1763965650520-000709,SELL-1763965655402-006562,EQUITY,131.27,123,2026-01-20 12:12:12.516765
BUY-1763965650523-002737,SELL-1763965655402-006562,EQUITY,131.27,145,2026-01-20 12:12:12.516767
BUY-1763965650526-004649,SELL-1763965655401-005760,FOREX,2.18,372,2026-01-20 12:12:12.516773
BUY-1763965650529-007240,SELL-1763965655401-005760,FOREX,2.18,485,2026-01-20 12:12:12.516777
BUY-1763965650529-007240,SELL-1763965655394-002408,FOREX,2.43,450,2026-01-20 12:12:12.516782
BUY-1763965650527-005567,SELL-1763965655394-002408,FOREX,2.43,506,2026-01-20 12:12:12.516786
BUY-1763965650529-006671,SELL-1763965655402-006568,CRYPTO,1131.33,6,2026-01-20 12:12:12.516791
BUY-1763965650527-005567,SELL-1763965655398-004277,FOREX,8.42,463,2026-01-20 12:12:12.516797
BUY-1763965650522-001902,SELL-1763965655398-004277,FOREX,8.42,30,2026-01-20 12:12:12.516800
BUY-1763965650527-005450,SELL-1763965655398-004277,FOREX,8.42,321,2026-01-20 12:12:12.516803
BUY-1763965650527-005450,SELL-1763965655400-005708,FOREX,2.8,172,2026-01-20 12:12:12.516809
BUY-1763965650523-002737,SELL-1763965655399-004838,EQUITY,110.64,88,2026-01-20 12:12:12.516821
BUY-1763965650525-004129,SELL-1763965655399-004838,EQUITY,110.64,84,2026-01-20 12:12:12.516824
BUY-1763965650522-001747,SELL-1763965655399-004838,EQUITY,110.64,30,2026-01-20 12:12:12.516827
BUY-1763965650527-005193,SELL-1763965655399-004838,EQUITY,110.64,140,2026-01-20 12:12:12.516830
BUY-1763965650529-006823,SELL-1763965655399-004838,EQUITY,110.64,89,2026-01-20 12:12:12.516832
BUY-1763965650527-005383,SELL-1763965655399-004838,EQUITY,110.64,27,2026-01-20 12:12:12.516835
BUY-1763965650528-006363,SELL-1763965655399-004838,EQUITY,110.64,124,2026-01-20 12:12:12.516838
BUY-1763965650527-005450,SELL-1763965655396-003480,FOREX,2.17,242,2026-01-20 12:12:12.516843
BUY-1763965650524-003643,SELL-1763965655396-003480,FOREX,2.17,260,2026-01-20 12:12:12.516848
BUY-1763965650522-001939,SELL-1763965655396-003480,FOREX,2.17,10,2026-01-20 12:12:12.516851
BUY-1763965650527-005461,SELL-1763965655396-003480,FOREX,2.17,208,2026-01-20 12:12:12.516854
BUY-1763965650524-003224,SELL-1763965655396-003480,FOREX,2.17,240,2026-01-20 12:12:12.516857
BUY-1763965650528-006363,SELL-1763965655396-003421,EQUITY,238.73,18,2026-01-20 12:12:12.516863
BUY-1763965650523-002712,SELL-1763965655396-003421,EQUITY,238.73,64,2026-01-20 12:12:12.516866
BUY-1763965650524-003321,SELL-1763965655396-003421,EQUITY,238.73,71,2026-01-20 12:12:12.516869
BUY-1763965650524-003321,SELL-1763965655401-005806,EQUITY,107.65,7,2026-01-20 12:12:12.516878
BUY-1763965650524-003224,SELL-1763965655401-005812,FOREX,4.13,118,2026-01-20 12:12:12.516887
BUY-1763965650524-003321,SELL-1763965655400-005282,EQUITY,186.0,48,2026-01-20 12:12:12.516898
BUY-1763965650524-003224,SELL-1763965655401-005800,FOREX,4.82,599,2026-01-20 12:12:12.516907
BUY-1763965650528-006529,SELL-1763965655401-005800,FOREX,4.82,298,2026-01-20 12:12:12.516910
BUY-1763965650528-006529,SELL-1763965655402-006906,FOREX,8.92,217,2026-01-20 12:12:12.516916
BUY-1763965650528-006529,SELL-1763965655398-004160,FOREX,9.02,292,2026-01-20 12:12:12.516922
BUY-1763965650528-006529,SELL-1763965655403-006978,FOREX,1.24,147,2026-01-20 12:12:12.516931
BUY-1763965650525-004048,SELL-1763965655403-006978,FOREX,1.24,140,2026-01-20 12:12:12.516934
BUY-1763965650525-004048,SELL-1763965655391-000751,FOREX,8.16,209,2026-01-20 12:12:12.516940
BUY-1763965650524-003321,SELL-1763965655392-001233,EQUITY,254.34,12,2026-01-20 12:12:12.516953
BUY-1763965650521-001570,SELL-1763965655392-001233,EQUITY,254.34,36,2026-01-20 12:12:12.516957
BUY-1763965650526-004647,SELL-1763965655392-001233,EQUITY,254.34,20,2026-01-20 12:12:12.516959
BUY-1763965650526-004647,SELL-1763965655400-005319,EQUITY,359.69,34,2026-01-20 12:12:12.516961
BUY-1763965650523-002508,SELL-1763965655400-005319,EQUITY,359.69,47,2026-01-20 12:12:12.516964
BUY-1763965650523-002623,SELL-1763965655400-005319,EQUITY,359.69,145,2026-01-20 12:12:12.516966
BUY-1763965650523-002623,SELL-1763965655395-002761,EQUITY,293.4,77,2026-01-20 12:12:12.516969
BUY-1763965650523-002623,SELL-1763965655402-006429,EQUITY,202.47,4,2026-01-20 12:12:12.516975
BUY-1763965650526-004469,SELL-1763965655402-006429,EQUITY,202.47,180,2026-01-20 12:12:12.516978
BUY-1763965650527-005290,SELL-1763965655402-006429,EQUITY,202.47,112,2026-01-20 12:12:12.516980
BUY-1763965650527-005322,SELL-1763965655402-006429,EQUITY,202.47,115,2026-01-20 12:12:12.516983
BUY-1763965650522-002010,SELL-1763965655402-006429,EQUITY,202.47,33,2026-01-20 12:12:12.516985
BUY-1763965650525-004048,SELL-1763965655403-007074,FOREX,3.32,234,2026-01-20 12:12:12.516991
BUY-1763965650522-002010,SELL-1763965655394-002324,EQUITY,315.0,20,2026-01-20 12:12:12.517010
BUY-1763965650529-007475,SELL-1763965655394-002324,EQUITY,315.0,58,2026-01-20 12:12:12.517013
BUY-1763965650525-004048,SELL-1763965655391-000712,FOREX,4.43,190,2026-01-20 12:12:12.517023
BUY-1763965650522-001608,SELL-1763965655391-000712,FOREX,4.43,183,2026-01-20 12:12:12.517026
BUY-1763965650520-000994,SELL-1763965655391-000712,FOREX,4.43,523,2026-01-20 12:12:12.517029
BUY-1763965650520-000645,SELL-1763965655393-001719,EQUITY,86.92,128,2026-01-20 12:12:12.517042
BUY-1763965650520-000912,SELL-1763965655393-001719,EQUITY,86.92,275,2026-01-20 12:12:12.517045
BUY-1763965650518-000028,SELL-1763965655393-001719,EQUITY,86.92,27,2026-01-20 12:12:12.517048
BUY-1763965650518-000007,SELL-1763965655393-001719,EQUITY,86.92,35,2026-01-20 12:12:12.517050
BUY-1763965650520-000714,SELL-1763965655393-001719,EQUITY,86.92,37,2026-01-20 12:12:12.517054
BUY-1763965650521-001084,SELL-1763965655393-001719,EQUITY,86.92,57,2026-01-20 12:12:12.517056
BUY-1763965650529-007190,SELL-1763965655393-001719,EQUITY,86.92,142,2026-01-20 12:12:12.517059
BUY-1763965650529-007190,SELL-1763965655394-002324,EQUITY,315.0,15,2026-01-20 12:12:12.517065
BUY-1763965650523-002624,SELL-1763965655394-002324,EQUITY,315.0,175,2026-01-20 12:12:12.517068
BUY-1763965650520-000994,SELL-1763965655402-006467,FOREX,4.27,212,2026-01-20 12:12:12.517074
BUY-1763965650523-002659,SELL-1763965655402-006467,FOREX,4.27,49,2026-01-20 12:12:12.517077
BUY-1763965650523-002659,SELL-1763965655403-007045,FOREX,5.94,697,2026-01-20 12:12:12.517083
BUY-1763965650523-002546,SELL-1763965655403-007045,FOREX,5.94,11,2026-01-20 12:12:12.517086
BUY-1763965650523-002546,SELL-1763965655401-005817,FOREX,9.07,283,2026-01-20 12:12:12.517098
BUY-1763965650524-003025,SELL-1763965655401-005817,FOREX,9.07,264,2026-01-20 12:12:12.517104
BUY-1763965650529-007135,SELL-1763965655401-005817,FOREX,9.07,39,2026-01-20 12:12:12.517110
BUY-1763965650523-002624,SELL-1763965655401-005830,EQUITY,348.37,69,2026-01-20 12:12:12.517121
BUY-1763965650520-000785,SELL-1763965655401-005830,EQUITY,348.37,69,2026-01-20 12:12:12.517125
BUY-1763965650520-000785,SELL-1763965655398-004373,EQUITY,75.97,6,2026-01-20 12:12:12.517142
BUY-1763965650529-007135,SELL-1763965655392-000913,FOREX,3.16,580,2026-01-20 12:12:12.517149
BUY-1763965650522-001743,SELL-1763965655392-000913,FOREX,3.16,70,2026-01-20 12:12:12.517154
BUY-1763965650522-001743,SELL-1763965655401-005715,FOREX,1.1,394,2026-01-20 12:12:12.517160
BUY-1763965650529-006671,SELL-1763965655390-000257,CRYPTO,1000.0,3,2026-01-20 12:12:12.517168
BUY-1763965650523-002743,SELL-1763965655390-000257,CRYPTO,1000.0,13,2026-01-20 12:12:12.517172
BUY-1763965650523-002786,SELL-1763965655390-000257,CRYPTO,1000.0,4,2026-01-20 12:12:12.517175
BUY-1763965650523-002786,SELL-1763965655403-007078,CRYPTO,2875.1,10,2026-01-20 12:12:12.517178
BUY-1763965650528-006513,SELL-1763965655403-007078,CRYPTO,2875.1,2,2026-01-20 12:12:12.517180
BUY-1763965650526-004634,SELL-1763965655403-007078,CRYPTO,2875.1,1,2026-01-20 12:12:12.517183
BUY-1763965650526-004634,SELL-1763965655393-001922,CRYPTO,1629.17,10,2026-01-20 12:12:12.517185
BUY-1763965650528-005923,SELL-1763965655393-001922,CRYPTO,1629.17,4,2026-01-20 12:12:12.517187
BUY-1763965650522-002094,SELL-1763965655393-001922,CRYPTO,1629.17,3,2026-01-20 12:12:12.517190
BUY-1763965650524-003452,SELL-1763965655393-001922,CRYPTO,1629.17,5,2026-01-20 12:12:12.517192
BUY-1763965650524-003452,SELL-1763965655401-005994,CRYPTO,1820.34,3,2026-01-20 12:12:12.517202
BUY-1763965650521-001180,SELL-1763965655401-005994,CRYPTO,1820.34,1,2026-01-20 12:12:12.517205
BUY-1763965650524-003075,SELL-1763965655401-005994,CRYPTO,1820.34,2,2026-01-20 12:12:12.517207
BUY-1763965650527-005701,SELL-1763965655401-005994,CRYPTO,1820.34,4,2026-01-20 12:12:12.517210
BUY-1763965650528-006208,SELL-1763965655401-005994,CRYPTO,1820.34,10,2026-01-20 12:12:12.517212
BUY-1763965650527-005223,SELL-1763965655401-005994,CRYPTO,1820.34,7,2026-01-20 12:12:12.517215
BUY-1763965650527-005223,SELL-1763965655396-003014,CRYPTO,3028.9,2,2026-01-20 12:12:12.517217
BUY-1763965650522-001743,SELL-1763965655391-000743,FOREX,8.62,168,2026-01-20 12:12:12.517229
BUY-1763965650524-003236,SELL-1763965655391-000743,FOREX,8.62,31,2026-01-20 12:12:12.517232
BUY-1763965650529-007459,SELL-1763965655391-000743,FOREX,8.62,249,2026-01-20 12:12:12.517235
BUY-1763965650529-007459,SELL-1763965655399-004864,FOREX,8.34,21,2026-01-20 12:12:12.517241
BUY-1763965650527-005223,SELL-1763965655391-000508,CRYPTO,2508.03,5,2026-01-20 12:12:12.517250
BUY-1763965650524-003188,SELL-1763965655391-000508,CRYPTO,2508.03,11,2026-01-20 12:12:12.517253
BUY-1763965650526-004750,SELL-1763965655391-000508,CRYPTO,2508.03,3,2026-01-20 12:12:12.517255
BUY-1763965650526-004750,SELL-1763965655401-005798,CRYPTO,2840.95,5,2026-01-20 12:12:12.517257
BUY-1763965650520-000644,SELL-1763965655401-005798,CRYPTO,2840.95,9,2026-01-20 12:12:12.517260
BUY-1763965650520-000644,SELL-1763965655396-003442,CRYPTO,325.82,1,2026-01-20 12:12:12.517265
BUY-1763965650526-004553,SELL-1763965655396-003442,CRYPTO,325.82,2,2026-01-20 12:12:12.517268
BUY-1763965650527-005445,SELL-1763965655396-003442,CRYPTO,325.82,2,2026-01-20 12:12:12.517271
BUY-1763965650527-005513,SELL-1763965655396-003442,CRYPTO,325.82,9,2026-01-20 12:12:12.517273
BUY-1763965650523-002698,SELL-1763965655396-003442,CRYPTO,325.82,11,2026-01-20 12:12:12.517275
BUY-1763965650525-003997,SELL-1763965655396-003442,CRYPTO,325.82,1,2026-01-20 12:12:12.517278
BUY-1763965650523-002609,SELL-1763965655396-003442,CRYPTO,325.82,18,2026-01-20 12:12:12.517280
BUY-1763965650522-001768,SELL-1763965655396-003442,CRYPTO,325.82,5,2026-01-20 12:12:12.517283
BUY-1763965650529-006788,SELL-1763965655396-003442,CRYPTO,325.82,1,2026-01-20 12:12:12.517286
BUY-1763965650522-001692,SELL-1763965655396-003442,CRYPTO,325.82,2,2026-01-20 12:12:12.517288
BUY-1763965650526-004603,SELL-1763965655396-003442,CRYPTO,325.82,9,2026-01-20 12:12:12.517291
BUY-1763965650526-004603,SELL-1763965655398-004278,CRYPTO,2850.24,4,2026-01-20 12:12:12.517293
BUY-1763965650528-006238,SELL-1763965655398-004278,CRYPTO,2850.24,4,2026-01-20 12:12:12.517295
BUY-1763965650528-005878,SELL-1763965655398-004278,CRYPTO,2850.24,5,2026-01-20 12:12:12.517298
BUY-1763965650528-005878,SELL-1763965655391-000720,CRYPTO,3604.58,3,2026-01-20 12:12:12.517300
BUY-1763965650520-000785,SELL-1763965655391-000672,EQUITY,250.94,137,2026-01-20 12:12:12.517306
BUY-1763965650529-007459,SELL-1763965655392-000951,FOREX,4.34,114,2026-01-20 12:12:12.517315
BUY-1763965650519-000517,SELL-1763965655392-000951,FOREX,4.34,176,2026-01-20 12:12:12.517319
BUY-1763965650525-004250,SELL-1763965655400-005427,CRYPTO,2845.83,7,2026-01-20 12:12:12.517337
BUY-1763965650525-004250,SELL-1763965655402-006904,CRYPTO,2357.16,4,2026-01-20 12:12:12.517343
BUY-1763965650526-004628,SELL-1763965655402-006904,CRYPTO,2357.16,1,2026-01-20 12:12:12.517345
BUY-1763965650528-006610,SELL-1763965655402-006904,CRYPTO,2357.16,8,2026-01-20 12:12:12.517348
BUY-1763965650528-006610,SELL-1763965655391-000720,CRYPTO,3604.58,1,2026-01-20 12:12:12.517350
BUY-1763965650521-001332,SELL-1763965655391-000720,CRYPTO,3604.58,7,2026-01-20 12:12:12.517363
BUY-1763965650519-000517,SELL-1763965655400-005706,FOREX,8.27,303,2026-01-20 12:12:12.517370
BUY-1763965650527-005713,SELL-1763965655400-005706,FOREX,8.27,519,2026-01-20 12:12:12.517374
BUY-1763965650527-005713,SELL-1763965655393-001642,FOREX,3.44,470,2026-01-20 12:12:12.517383
BUY-1763965650520-000669,SELL-1763965655393-001642,FOREX,3.44,11,2026-01-20 12:12:12.517387
BUY-1763965650520-000785,SELL-1763965655394-002454,EQUITY,282.69,14,2026-01-20 12:12:12.517393
BUY-1763965650524-003564,SELL-1763965655394-002454,EQUITY,282.69,29,2026-01-20 12:12:12.517396
BUY-1763965650522-001978,SELL-1763965655394-002454,EQUITY,282.69,44,2026-01-20 12:12:12.517399
BUY-1763965650526-004399,SELL-1763965655394-002454,EQUITY,282.69,46,2026-01-20 12:12:12.517401
BUY-1763965650526-004399,SELL-1763965655397-003613,EQUITY,297.7,4,2026-01-20 12:12:12.517404
BUY-1763965650526-004399,SELL-1763965655400-005304,EQUITY,412.91,40,2026-01-20 12:12:12.517406
BUY-1763965650528-006533,SELL-1763965655391-000621,CRYPTO,1825.71,5,2026-01-20 12:12:12.517412
BUY-1763965650522-001636,SELL-1763965655391-000621,CRYPTO,1825.71,2,2026-01-20 12:12:12.517415
BUY-1763965650522-001636,SELL-1763965655395-002522,CRYPTO,3127.12,10,2026-01-20 12:12:12.517420
BUY-1763965650522-001636,SELL-1763965655403-007071,CRYPTO,3029.69,1,2026-01-20 12:12:12.517423
BUY-1763965650522-001753,SELL-1763965655403-007071,CRYPTO,3029.69,1,2026-01-20 12:12:12.517425
BUY-1763965650524-002972,SELL-1763965655403-007071,CRYPTO,3029.69,7,2026-01-20 12:12:12.517428
BUY-1763965650524-002972,SELL-1763965655394-002047,CRYPTO,3569.33,3,2026-01-20 12:12:12.517434
BUY-1763965650524-002972,SELL-1763965655400-005698,CRYPTO,3310.27,1,2026-01-20 12:12:12.517436
BUY-1763965650523-002929,SELL-1763965655400-005698,CRYPTO,3310.27,2,2026-01-20 12:12:12.517439
BUY-1763965650526-004403,SELL-1763965655400-005698,CRYPTO,3310.27,1,2026-01-20 12:12:12.517441
BUY-1763965650521-001316,SELL-1763965655400-005698,CRYPTO,3310.27,2,2026-01-20 12:12:12.517444
BUY-1763965650524-002993,SELL-1763965655400-005698,CRYPTO,3310.27,2,2026-01-20 12:12:12.517446
BUY-1763965650529-007332,SELL-1763965655400-005698,CRYPTO,3310.27,5,2026-01-20 12:12:12.517449
BUY-1763965650520-000669,SELL-1763965655395-002595,FOREX,5.8,424,2026-01-20 12:12:12.517455
BUY-1763965650520-000845,SELL-1763965655395-002595,FOREX,5.8,94,2026-01-20 12:12:12.517458
BUY-1763965650529-007332,SELL-1763965655399-004609,CRYPTO,3875.89,2,2026-01-20 12:12:12.517464
BUY-1763965650520-000850,SELL-1763965655399-004609,CRYPTO,3875.89,3,2026-01-20 12:12:12.517467
BUY-1763965650526-004399,SELL-1763965655397-003654,EQUITY,265.72,13,2026-01-20 12:12:12.517473
BUY-1763965650520-000908,SELL-1763965655397-003654,EQUITY,265.72,107,2026-01-20 12:12:12.517476
BUY-1763965650525-004309,SELL-1763965655397-003654,EQUITY,265.72,144,2026-01-20 12:12:12.517478
BUY-1763965650528-006595,SELL-1763965655397-003654,EQUITY,265.72,86,2026-01-20 12:12:12.517486
BUY-1763965650520-000845,SELL-1763965655402-006427,FOREX,5.37,623,2026-01-20 12:12:12.517492
BUY-1763965650521-001136,SELL-1763965655402-006427,FOREX,5.37,341,2026-01-20 12:12:12.517496
BUY-1763965650521-001136,SELL-1763965655392-001286,FOREX,6.43,142,2026-01-20 12:12:12.517505
BUY-1763965650529-006689,SELL-1763965655392-001286,FOREX,6.43,48,2026-01-20 12:12:12.517507
BUY-1763965650529-006689,SELL-1763965655401-005767,FOREX,2.86,94,2026-01-20 12:12:12.517516
BUY-1763965650523-002858,SELL-1763965655401-005767,FOREX,2.86,418,2026-01-20 12:12:12.517520
BUY-1763965650528-006595,SELL-1763965655401-005960,EQUITY,53.69,53,2026-01-20 12:12:12.517526
BUY-1763965650521-001110,SELL-1763965655401-005960,EQUITY,53.69,206,2026-01-20 12:12:12.517528
BUY-1763965650529-007359,SELL-1763965655401-005960,EQUITY,53.69,14,2026-01-20 12:12:12.517531
BUY-1763965650529-007359,SELL-1763965655392-001201,EQUITY,257.86,143,2026-01-20 12:12:12.517537
BUY-1763965650527-005802,SELL-1763965655392-001201,EQUITY,257.86,128,2026-01-20 12:12:12.517540
BUY-1763965650523-002858,SELL-1763965655396-003282,FOREX,1.1,450,2026-01-20 12:12:12.517549
BUY-1763965650523-002360,SELL-1763965655396-003282,FOREX,1.1,457,2026-01-20 12:12:12.517552
BUY-1763965650520-000850,SELL-1763965655401-005922,CRYPTO,1538.93,5,2026-01-20 12:12:12.517558
BUY-1763965650529-006865,SELL-1763965655401-005922,CRYPTO,1538.93,11,2026-01-20 12:12:12.517561
BUY-1763965650523-002366,SELL-1763965655401-005922,CRYPTO,1538.93,8,2026-01-20 12:12:12.517563
BUY-1763965650523-002366,SELL-1763965655395-002904,CRYPTO,2857.4,1,2026-01-20 12:12:12.517576
BUY-1763965650523-002360,SELL-1763965655396-003060,FOREX,3.24,22,2026-01-20 12:12:12.517583
BUY-1763965650523-002366,SELL-1763965655400-005570,CRYPTO,1725.58,4,2026-01-20 12:12:12.517589
BUY-1763965650525-004275,SELL-1763965655400-005570,CRYPTO,1725.58,7,2026-01-20 12:12:12.517592
BUY-1763965650528-006488,SELL-1763965655400-005570,CRYPTO,1725.58,6,2026-01-20 12:12:12.517594
BUY-1763965650523-002360,SELL-1763965655402-006523,FOREX,5.92,299,2026-01-20 12:12:12.517600
BUY-1763965650521-001447,SELL-1763965655402-006523,FOREX,5.92,32,2026-01-20 12:12:12.517603
BUY-1763965650527-005212,SELL-1763965655402-006523,FOREX,5.92,65,2026-01-20 12:12:12.517606
BUY-1763965650524-003306,SELL-1763965655402-006523,FOREX,5.92,1,2026-01-20 12:12:12.517609
BUY-1763965650528-006195,SELL-1763965655402-006523,FOREX,5.92,284,2026-01-20 12:12:12.517612
BUY-1763965650528-006195,SELL-1763965655402-006887,FOREX,5.45,217,2026-01-20 12:12:12.517618
BUY-1763965650528-006195,SELL-1763965655401-005839,FOREX,2.45,37,2026-01-20 12:12:12.517626
BUY-1763965650527-005802,SELL-1763965655400-005710,EQUITY,239.13,78,2026-01-20 12:12:12.517632
BUY-1763965650527-005802,SELL-1763965655393-001510,EQUITY,126.47,93,2026-01-20 12:12:12.517641
BUY-1763965650528-006270,SELL-1763965655393-001510,EQUITY,126.47,155,2026-01-20 12:12:12.517644
BUY-1763965650519-000587,SELL-1763965655393-001510,EQUITY,126.47,74,2026-01-20 12:12:12.517652
BUY-1763965650523-002477,SELL-1763965655393-001510,EQUITY,126.47,68,2026-01-20 12:12:12.517655
BUY-1763965650528-006195,SELL-1763965655391-000571,FOREX,4.84,173,2026-01-20 12:12:12.517661
BUY-1763965650520-000949,SELL-1763965655391-000571,FOREX,4.84,12,2026-01-20 12:12:12.517664
BUY-1763965650528-006488,SELL-1763965655403-007063,CRYPTO,831.16,3,2026-01-20 12:12:12.517670
BUY-1763965650529-007184,SELL-1763965655403-007063,CRYPTO,831.16,6,2026-01-20 12:12:12.517673
BUY-1763965650526-004569,SELL-1763965655403-007063,CRYPTO,831.16,2,2026-01-20 12:12:12.517675
BUY-1763965650520-000949,SELL-1763965655390-000221,FOREX,3.0,59,2026-01-20 12:12:12.517683
BUY-1763965650526-004569,SELL-1763965655402-006613,CRYPTO,2171.84,5,2026-01-20 12:12:12.517693
BUY-1763965650529-007496,SELL-1763965655402-006613,CRYPTO,2171.84,2,2026-01-20 12:12:12.517696
BUY-1763965650523-002477,SELL-1763965655398-004431,EQUITY,271.7,56,2026-01-20 12:12:12.517702
BUY-1763965650524-003183,SELL-1763965655398-004431,EQUITY,271.7,84,2026-01-20 12:12:12.517707
BUY-1763965650520-000949,SELL-1763965655403-007051,FOREX,3.8,859,2026-01-20 12:12:12.517713
BUY-1763965650520-001033,SELL-1763965655403-007051,FOREX,3.8,87,2026-01-20 12:12:12.517717
BUY-1763965650525-003828,SELL-1763965655395-002962,CRYPTO,2102.64,12,2026-01-20 12:12:12.517723
BUY-1763965650520-001034,SELL-1763965655395-002962,CRYPTO,2102.64,3,2026-01-20 12:12:12.517725
BUY-1763965650520-001033,SELL-1763965655391-000808,FOREX,1.22,234,2026-01-20 12:12:12.517737
BUY-1763965650521-001345,SELL-1763965655391-000808,FOREX,1.22,40,2026-01-20 12:12:12.517741
BUY-1763965650526-005075,SELL-1763965655391-000808,FOREX,1.22,507,2026-01-20 12:12:12.517748
BUY-1763965650528-006518,SELL-1763965655391-000808,FOREX,1.22,41,2026-01-20 12:12:12.517751
BUY-1763965650528-006518,SELL-1763965655403-007360,FOREX,2.66,256,2026-01-20 12:12:12.517758
BUY-1763965650526-004798,SELL-1763965655403-007360,FOREX,2.66,308,2026-01-20 12:12:12.517761
BUY-1763965650524-003183,SELL-1763965655399-004637,EQUITY,281.53,32,2026-01-20 12:12:12.517770
BUY-1763965650524-003183,SELL-1763965655396-003015,EQUITY,221.3,11,2026-01-20 12:12:12.517776
BUY-1763965650524-003183,SELL-1763965655401-005784,EQUITY,156.0,90,2026-01-20 12:12:12.517781
BUY-1763965650528-006625,SELL-1763965655401-005784,EQUITY,156.0,104,2026-01-20 12:12:12.517784
BUY-1763965650521-001555,SELL-1763965655401-005784,EQUITY,156.0,145,2026-01-20 12:12:12.517787
BUY-1763965650520-000816,SELL-1763965655401-005784,EQUITY,156.0,170,2026-01-20 12:12:12.517790
BUY-1763965650525-004213,SELL-1763965655401-005784,EQUITY,156.0,100,2026-01-20 12:12:12.517792
BUY-1763965650520-001034,SELL-1763965655401-005958,CRYPTO,1849.67,5,2026-01-20 12:12:12.517798
BUY-1763965650524-003602,SELL-1763965655401-005958,CRYPTO,1849.67,4,2026-01-20 12:12:12.517801
BUY-1763965650524-003275,SELL-1763965655401-005958,CRYPTO,1849.67,4,2026-01-20 12:12:12.517803
BUY-1763965650526-004798,SELL-1763965655391-000504,FOREX,4.11,40,2026-01-20 12:12:12.517823
BUY-1763965650526-004798,SELL-1763965655400-005569,FOREX,6.78,394,2026-01-20 12:12:12.517829
BUY-1763965650524-003249,SELL-1763965655400-005569,FOREX,6.78,396,2026-01-20 12:12:12.517832
BUY-1763965650525-004213,SELL-1763965655396-003200,EQUITY,248.56,84,2026-01-20 12:12:12.517838
BUY-1763965650526-004445,SELL-1763965655396-003200,EQUITY,248.56,68,2026-01-20 12:12:12.517841
BUY-1763965650524-003016,SELL-1763965655396-003200,EQUITY,248.56,99,2026-01-20 12:12:12.517844
BUY-1763965650527-005300,SELL-1763965655396-003200,EQUITY,248.56,93,2026-01-20 12:12:12.517847
BUY-1763965650524-003275,SELL-1763965655394-002244,CRYPTO,1121.16,2,2026-01-20 12:12:12.517853
BUY-1763965650527-005300,SELL-1763965655392-001204,EQUITY,162.63,59,2026-01-20 12:12:12.517859
BUY-1763965650528-006100,SELL-1763965655392-001204,EQUITY,162.63,15,2026-01-20 12:12:12.517862
BUY-1763965650525-003832,SELL-1763965655392-001204,EQUITY,162.63,100,2026-01-20 12:12:12.517865
BUY-1763965650529-006839,SELL-1763965655392-001204,EQUITY,162.63,65,2026-01-20 12:12:12.517867
BUY-1763965650521-001238,SELL-1763965655392-001204,EQUITY,162.63,119,2026-01-20 12:12:12.517870
BUY-1763965650524-003249,SELL-1763965655399-005058,FOREX,6.68,480,2026-01-20 12:12:12.517879
BUY-1763965650523-002715,SELL-1763965655399-005058,FOREX,6.68,131,2026-01-20 12:12:12.517884
BUY-1763965650523-002728,SELL-1763965655399-005058,FOREX,6.68,168,2026-01-20 12:12:12.517889
BUY-1763965650523-002728,SELL-1763965655391-000604,FOREX,2.86,749,2026-01-20 12:12:12.517904
BUY-1763965650525-003992,SELL-1763965655391-000604,FOREX,2.86,209,2026-01-20 12:12:12.517909
BUY-1763965650525-003992,SELL-1763965655400-005702,FOREX,6.53,140,2026-01-20 12:12:12.517929
BUY-1763965650522-001957,SELL-1763965655403-007082,CRYPTO,387.48,43,2026-01-20 12:12:12.517945
BUY-1763965650521-001076,SELL-1763965655403-007082,CRYPTO,387.48,9,2026-01-20 12:12:12.517950
BUY-1763965650524-002985,SELL-1763965655403-007082,CRYPTO,387.48,11,2026-01-20 12:12:12.517955
BUY-1763965650528-005846,SELL-1763965655403-007082,CRYPTO,387.48,9,2026-01-20 12:12:12.517959
BUY-1763965650524-003331,SELL-1763965655403-007082,CRYPTO,387.48,10,2026-01-20 12:12:12.517963
BUY-1763965650520-000991,SELL-1763965655403-007082,CRYPTO,387.48,2,2026-01-20 12:12:12.517968
BUY-1763965650529-007440,SELL-1763965655403-007082,CRYPTO,387.48,13,2026-01-20 12:12:12.517972
BUY-1763965650521-001208,SELL-1763965655403-007082,CRYPTO,387.48,4,2026-01-20 12:12:12.517979
BUY-1763965650524-003620,SELL-1763965655403-007082,CRYPTO,387.48,11,2026-01-20 12:12:12.517985
BUY-1763965650528-006090,SELL-1763965655403-007082,CRYPTO,387.48,1,2026-01-20 12:12:12.517989
BUY-1763965650521-001282,SELL-1763965655403-007082,CRYPTO,387.48,12,2026-01-20 12:12:12.517992
BUY-1763965650524-003629,SELL-1763965655403-007082,CRYPTO,387.48,3,2026-01-20 12:12:12.517995
BUY-1763965650525-003992,SELL-1763965655403-007494,FOREX,1.15,149,2026-01-20 12:12:12.518010
BUY-1763965650524-003568,SELL-1763965655403-007494,FOREX,1.15,431,2026-01-20 12:12:12.518034
BUY-1763965650524-003568,SELL-1763965655398-004512,FOREX,2.24,100,2026-01-20 12:12:12.518052
BUY-1763965650523-002423,SELL-1763965655398-004512,FOREX,2.24,13,2026-01-20 12:12:12.518057
BUY-1763965650519-000613,SELL-1763965655398-004512,FOREX,2.24,627,2026-01-20 12:12:12.518062
BUY-1763965650521-001238,SELL-1763965655393-001798,EQUITY,210.63,113,2026-01-20 12:12:12.518072
BUY-1763965650527-005508,SELL-1763965655393-001798,EQUITY,210.63,126,2026-01-20 12:12:12.518077
BUY-1763965650527-005508,SELL-1763965655399-004967,EQUITY,101.86,34,2026-01-20 12:12:12.518087
BUY-1763965650519-000613,SELL-1763965655401-005976,FOREX,7.84,244,2026-01-20 12:12:12.518102
BUY-1763965650525-003996,SELL-1763965655401-005976,FOREX,7.84,480,2026-01-20 12:12:12.518107
BUY-1763965650527-005508,SELL-1763965655390-000032,EQUITY,100.0,1,2026-01-20 12:12:12.518117
BUY-1763965650526-004571,SELL-1763965655390-000032,EQUITY,100.0,22,2026-01-20 12:12:12.518122
BUY-1763965650524-003629,SELL-1763965655391-000597,CRYPTO,3657.33,2,2026-01-20 12:12:12.518132
BUY-1763965650524-003629,SELL-1763965655394-002244,CRYPTO,1121.16,5,2026-01-20 12:12:12.518135
BUY-1763965650528-006556,SELL-1763965655394-002244,CRYPTO,1121.16,14,2026-01-20 12:12:12.518139
BUY-1763965650523-002735,SELL-1763965655394-002244,CRYPTO,1121.16,12,2026-01-20 12:12:12.518144
BUY-1763965650525-003984,SELL-1763965655394-002244,CRYPTO,1121.16,7,2026-01-20 12:12:12.518148
BUY-1763965650525-003984,SELL-1763965655399-004957,CRYPTO,2337.3,6,2026-01-20 12:12:12.518158
BUY-1763965650521-001357,SELL-1763965655399-004957,CRYPTO,2337.3,4,2026-01-20 12:12:12.518162
BUY-1763965650524-003226,SELL-1763965655399-004957,CRYPTO,2337.3,4,2026-01-20 12:12:12.518167
BUY-1763965650526-004571,SELL-1763965655403-007108,EQUITY,119.86,207,2026-01-20 12:12:12.518177
BUY-1763965650529-006751,SELL-1763965655403-007108,EQUITY,119.86,207,2026-01-20 12:12:12.518182
BUY-1763965650527-005544,SELL-1763965655403-007108,EQUITY,119.86,109,2026-01-20 12:12:12.518187
BUY-1763965650527-005523,SELL-1763965655403-007108,EQUITY,119.86,202,2026-01-20 12:12:12.518191
BUY-1763965650527-005523,SELL-1763965655401-005834,EQUITY,240.09,16,2026-01-20 12:12:12.518207
BUY-1763965650523-002899,SELL-1763965655401-005834,EQUITY,240.09,148,2026-01-20 12:12:12.518211
BUY-1763965650524-003226,SELL-1763965655392-001209,CRYPTO,308.59,8,2026-01-20 12:12:12.518221
BUY-1763965650520-000836,SELL-1763965655392-001209,CRYPTO,308.59,2,2026-01-20 12:12:12.518226
BUY-1763965650528-005868,SELL-1763965655392-001209,CRYPTO,308.59,21,2026-01-20 12:12:12.518230
BUY-1763965650529-007060,SELL-1763965655392-001209,CRYPTO,308.59,20,2026-01-20 12:12:12.518234
BUY-1763965650529-006851,SELL-1763965655392-001209,CRYPTO,308.59,23,2026-01-20 12:12:12.518238
BUY-1763965650524-003652,SELL-1763965655392-001209,CRYPTO,308.59,9,2026-01-20 12:12:12.518242
BUY-1763965650529-007153,SELL-1763965655392-001209,CRYPTO,308.59,14,2026-01-20 12:12:12.518250
BUY-1763965650528-006112,SELL-1763965655392-001209,CRYPTO,308.59,9,2026-01-20 12:12:12.518255
BUY-1763965650528-006281,SELL-1763965655392-001209,CRYPTO,308.59,6,2026-01-20 12:12:12.518259
BUY-1763965650528-006588,SELL-1763965655392-001209,CRYPTO,308.59,1,2026-01-20 12:12:12.518267
BUY-1763965650523-002863,SELL-1763965655392-001209,CRYPTO,308.59,20,2026-01-20 12:12:12.518272
BUY-1763965650523-002863,SELL-1763965655402-006412,CRYPTO,962.81,5,2026-01-20 12:12:12.518282
BUY-1763965650527-005661,SELL-1763965655402-006412,CRYPTO,962.81,2,2026-01-20 12:12:12.518287
BUY-1763965650524-003658,SELL-1763965655402-006412,CRYPTO,962.81,3,2026-01-20 12:12:12.518291
BUY-1763965650521-001579,SELL-1763965655402-006412,CRYPTO,962.81,5,2026-01-20 12:12:12.518299
BUY-1763965650521-001579,SELL-1763965655400-005281,CRYPTO,1922.03,4,2026-01-20 12:12:12.518309
BUY-1763965650524-003476,SELL-1763965655400-005281,CRYPTO,1922.03,4,2026-01-20 12:12:12.518313
BUY-1763965650524-003476,SELL-1763965655401-005823,CRYPTO,3480.54,5,2026-01-20 12:12:12.518323
BUY-1763965650524-003476,SELL-1763965655390-000222,CRYPTO,1000.0,2,2026-01-20 12:12:12.518333
BUY-1763965650522-001826,SELL-1763965655390-000222,CRYPTO,1000.0,3,2026-01-20 12:12:12.518337
BUY-1763965650528-006038,SELL-1763965655390-000222,CRYPTO,1000.0,6,2026-01-20 12:12:12.518341
BUY-1763965650522-001681,SELL-1763965655390-000222,CRYPTO,1000.0,4,2026-01-20 12:12:12.518345
BUY-1763965650529-007426,SELL-1763965655390-000222,CRYPTO,1000.0,9,2026-01-20 12:12:12.518349
BUY-1763965650525-004243,SELL-1763965655390-000222,CRYPTO,1000.0,13,2026-01-20 12:12:12.518353
BUY-1763965650528-006442,SELL-1763965655390-000222,CRYPTO,1000.0,7,2026-01-20 12:12:12.518358
BUY-1763965650524-003405,SELL-1763965655390-000222,CRYPTO,1000.0,1,2026-01-20 12:12:12.518362
BUY-1763965650525-003996,SELL-1763965655393-001424,FOREX,3.96,490,2026-01-20 12:12:12.518372
BUY-1763965650526-004695,SELL-1763965655393-001424,FOREX,3.96,103,2026-01-20 12:12:12.518377
BUY-1763965650528-006186,SELL-1763965655393-001424,FOREX,3.96,2,2026-01-20 12:12:12.518382
BUY-1763965650528-006186,SELL-1763965655403-007068,FOREX,8.13,233,2026-01-20 12:12:12.518392
BUY-1763965650524-003405,SELL-1763965655400-005414,CRYPTO,2522.09,5,2026-01-20 12:12:12.518401
BUY-1763965650528-006186,SELL-1763965655400-005480,FOREX,4.51,484,2026-01-20 12:12:12.518411
BUY-1763965650524-003405,SELL-1763965655397-003604,CRYPTO,599.74,2,2026-01-20 12:12:12.518432
BUY-1763965650526-004437,SELL-1763965655397-003604,CRYPTO,599.74,7,2026-01-20 12:12:12.518436
BUY-1763965650528-006040,SELL-1763965655397-003604,CRYPTO,599.74,4,2026-01-20 12:12:12.518441
BUY-1763965650524-003447,SELL-1763965655397-003604,CRYPTO,599.74,9,2026-01-20 12:12:12.518445
BUY-1763965650528-006186,SELL-1763965655399-004615,FOREX,2.43,176,2026-01-20 12:12:12.518466
BUY-1763965650528-005937,SELL-1763965655399-004615,FOREX,2.43,420,2026-01-20 12:12:12.518471
BUY-1763965650529-007313,SELL-1763965655399-004615,FOREX,2.43,6,2026-01-20 12:12:12.518480
BUY-1763965650523-002899,SELL-1763965655395-002765,EQUITY,286.87,17,2026-01-20 12:12:12.518490
BUY-1763965650523-002385,SELL-1763965655395-002765,EQUITY,286.87,194,2026-01-20 12:12:12.518495
BUY-1763965650523-002385,SELL-1763965655400-005293,EQUITY,324.66,9,2026-01-20 12:12:12.518505
BUY-1763965650528-006492,SELL-1763965655400-005293,EQUITY,324.66,190,2026-01-20 12:12:12.518510
BUY-1763965650528-006492,SELL-1763965655396-002997,EQUITY,120.27,3,2026-01-20 12:12:12.518520
BUY-1763965650528-006492,SELL-1763965655400-005287,EQUITY,151.17,33,2026-01-20 12:12:12.518529
BUY-1763965650529-006906,SELL-1763965655400-005287,EQUITY,151.17,93,2026-01-20 12:12:12.518534
BUY-1763965650529-006906,SELL-1763965655397-003866,EQUITY,199.37,116,2026-01-20 12:12:12.518543
BUY-1763965650524-003447,SELL-1763965655394-002025,CRYPTO,173.83,10,2026-01-20 12:12:12.518553
BUY-1763965650521-001568,SELL-1763965655394-002025,CRYPTO,173.83,5,2026-01-20 12:12:12.518558
BUY-1763965650526-004597,SELL-1763965655394-002025,CRYPTO,173.83,4,2026-01-20 12:12:12.518562
BUY-1763965650525-003854,SELL-1763965655394-002025,CRYPTO,173.83,8,2026-01-20 12:12:12.518566
BUY-1763965650520-001005,SELL-1763965655394-002025,CRYPTO,173.83,18,2026-01-20 12:12:12.518570
BUY-1763965650529-006906,SELL-1763965655395-002946,EQUITY,120.61,19,2026-01-20 12:12:12.518592
BUY-1763965650529-007313,SELL-1763965655402-006434,FOREX,9.13,318,2026-01-20 12:12:12.518608
BUY-1763965650520-001005,SELL-1763965655391-000683,CRYPTO,488.65,18,2026-01-20 12:12:12.518664
BUY-1763965650529-007206,SELL-1763965655391-000683,CRYPTO,488.65,8,2026-01-20 12:12:12.518669
BUY-1763965650528-006091,SELL-1763965655391-000683,CRYPTO,488.65,7,2026-01-20 12:12:12.518673
BUY-1763965650524-003140,SELL-1763965655391-000683,CRYPTO,488.65,3,2026-01-20 12:12:12.518677
BUY-1763965650524-003140,SELL-1763965655398-004249,CRYPTO,852.71,4,2026-01-20 12:12:12.518681
BUY-1763965650524-003140,SELL-1763965655391-000639,CRYPTO,3324.88,5,2026-01-20 12:12:12.518684
BUY-1763965650529-007133,SELL-1763965655402-006637,CRYPTO,546.95,2,2026-01-20 12:12:12.518701
BUY-1763965650528-006177,SELL-1763965655402-006637,CRYPTO,546.95,12,2026-01-20 12:12:12.518706
BUY-1763965650526-004865,SELL-1763965655402-006637,CRYPTO,546.95,5,2026-01-20 12:12:12.518710
BUY-1763965650529-006906,SELL-1763965655400-005519,EQUITY,191.45,53,2026-01-20 12:12:12.518721
BUY-1763965650521-001401,SELL-1763965655400-005519,EQUITY,191.45,14,2026-01-20 12:12:12.518725
BUY-1763965650521-001401,SELL-1763965655401-005923,EQUITY,299.62,206,2026-01-20 12:12:12.518729
BUY-1763965650527-005643,SELL-1763965655401-005923,EQUITY,299.62,125,2026-01-20 12:12:12.518733
BUY-1763965650527-005643,SELL-1763965655398-004161,EQUITY,364.81,36,2026-01-20 12:12:12.518737
BUY-1763965650525-003728,SELL-1763965655398-004161,EQUITY,364.81,72,2026-01-20 12:12:12.518741
BUY-1763965650525-003728,SELL-1763965655399-004785,EQUITY,185.68,78,2026-01-20 12:12:12.518752
BUY-1763965650527-005647,SELL-1763965655399-004785,EQUITY,185.68,89,2026-01-20 12:12:12.518760
BUY-1763965650525-003823,SELL-1763965655399-004785,EQUITY,185.68,103,2026-01-20 12:12:12.518764
BUY-1763965650522-002017,SELL-1763965655396-003337,CRYPTO,2093.7,8,2026-01-20 12:12:12.518775
BUY-1763965650529-007313,SELL-1763965655403-007428,FOREX,8.18,260,2026-01-20 12:12:12.518786
BUY-1763965650529-007313,SELL-1763965655392-001117,FOREX,1.19,63,2026-01-20 12:12:12.518796
BUY-1763965650523-002773,SELL-1763965655392-001117,FOREX,1.19,186,2026-01-20 12:12:12.518801
BUY-1763965650523-002773,SELL-1763965655403-007485,FOREX,9.79,124,2026-01-20 12:12:12.518805
BUY-1763965650523-002773,SELL-1763965655400-005315,FOREX,9.81,142,2026-01-20 12:12:12.518809
BUY-1763965650523-002773,SELL-1763965655402-006641,FOREX,9.75,41,2026-01-20 12:12:12.518813
BUY-1763965650524-003051,SELL-1763965655391-000449,FOREX,2.5,41,2026-01-20 12:12:12.518824
BUY-1763965650525-003823,SELL-1763965655402-006914,EQUITY,98.86,73,2026-01-20 12:12:12.518840
BUY-1763965650527-005710,SELL-1763965655402-006914,EQUITY,98.86,117,2026-01-20 12:12:12.518845
BUY-1763965650522-002249,SELL-1763965655402-006914,EQUITY,98.86,14,2026-01-20 12:12:12.518849
BUY-1763965650524-003222,SELL-1763965655402-006914,EQUITY,98.86,211,2026-01-20 12:12:12.518854
BUY-1763965650526-004489,SELL-1763965655402-006914,EQUITY,98.86,72,2026-01-20 12:12:12.518858
BUY-1763965650522-001735,SELL-1763965655402-006914,EQUITY,98.86,41,2026-01-20 12:12:12.518863
BUY-1763965650528-006166,SELL-1763965655402-006914,EQUITY,98.86,31,2026-01-20 12:12:12.518867
BUY-1763965650524-003051,SELL-1763965655398-004262,FOREX,5.84,623,2026-01-20 12:12:12.518884
BUY-1763965650528-006166,SELL-1763965655393-001506,EQUITY,95.87,54,2026-01-20 12:12:12.518894
BUY-1763965650523-002884,SELL-1763965655393-001506,EQUITY,95.87,101,2026-01-20 12:12:12.518898
BUY-1763965650526-004491,SELL-1763965655393-001506,EQUITY,95.87,158,2026-01-20 12:12:12.518903
BUY-1763965650527-005188,SELL-1763965655393-001506,EQUITY,95.87,41,2026-01-20 12:12:12.518907
BUY-1763965650524-003030,SELL-1763965655393-001506,EQUITY,95.87,5,2026-01-20 12:12:12.518912
BUY-1763965650526-004483,SELL-1763965655393-001506,EQUITY,95.87,39,2026-01-20 12:12:12.518916
BUY-1763965650528-006199,SELL-1763965655393-001506,EQUITY,95.87,78,2026-01-20 12:12:12.518921
BUY-1763965650523-002275,SELL-1763965655393-001506,EQUITY,95.87,106,2026-01-20 12:12:12.518925
BUY-1763965650523-002275,SELL-1763965655400-005518,EQUITY,285.1,39,2026-01-20 12:12:12.518935
BUY-1763965650525-003893,SELL-1763965655400-005518,EQUITY,285.1,40,2026-01-20 12:12:12.518940
BUY-1763965650524-003051,SELL-1763965655403-007374,FOREX,6.27,162,2026-01-20 12:12:12.518950
BUY-1763965650529-007229,SELL-1763965655403-007374,FOREX,6.27,803,2026-01-20 12:12:12.518956
BUY-1763965650529-006805,SELL-1763965655399-005051,CRYPTO,150.42,7,2026-01-20 12:12:12.518977
BUY-1763965650528-006135,SELL-1763965655399-005051,CRYPTO,150.42,26,2026-01-20 12:12:12.518982
BUY-1763965650523-002843,SELL-1763965655399-005051,CRYPTO,150.42,15,2026-01-20 12:12:12.518990
BUY-1763965650528-005843,SELL-1763965655399-005051,CRYPTO,150.42,14,2026-01-20 12:12:12.518994
BUY-1763965650528-006573,SELL-1763965655399-005051,CRYPTO,150.42,3,2026-01-20 12:12:12.518999
BUY-1763965650528-006573,SELL-1763965655396-003337,CRYPTO,2093.7,2,2026-01-20 12:12:12.519002
BUY-1763965650521-001587,SELL-1763965655396-003337,CRYPTO,2093.7,8,2026-01-20 12:12:12.519007
BUY-1763965650521-001587,SELL-1763965655402-006850,CRYPTO,1332.01,5,2026-01-20 12:12:12.519011
BUY-1763965650528-006460,SELL-1763965655402-006850,CRYPTO,1332.01,4,2026-01-20 12:12:12.519015
BUY-1763965650528-006460,SELL-1763965655396-003339,CRYPTO,1410.34,8,2026-01-20 12:12:12.519130
BUY-1763965650522-002132,SELL-1763965655396-003339,CRYPTO,1410.34,6,2026-01-20 12:12:12.519143
BUY-1763965650528-006179,SELL-1763965655396-003339,CRYPTO,1410.34,10,2026-01-20 12:12:12.519149
BUY-1763965650529-007229,SELL-1763965655398-004468,FOREX,8.49,100,2026-01-20 12:12:12.519163
BUY-1763965650527-005143,SELL-1763965655398-004468,FOREX,8.49,339,2026-01-20 12:12:12.519171
BUY-1763965650528-006179,SELL-1763965655398-004156,CRYPTO,813.88,7,2026-01-20 12:12:12.519185
BUY-1763965650529-006905,SELL-1763965655398-004156,CRYPTO,813.88,17,2026-01-20 12:12:12.519190
BUY-1763965650522-002208,SELL-1763965655392-001102,FOREX,6.89,66,2026-01-20 12:12:12.519202
BUY-1763965650522-002208,SELL-1763965655390-000320,FOREX,1.5,45,2026-01-20 12:12:12.519213
BUY-1763965650522-002208,SELL-1763965655398-004506,FOREX,1.77,305,2026-01-20 12:12:12.519231
BUY-1763965650522-002208,SELL-1763965655399-005080,FOREX,6.75,577,2026-01-20 12:12:12.519242
BUY-1763965650524-003294,SELL-1763965655399-005080,FOREX,6.75,92,2026-01-20 12:12:12.519248
BUY-1763965650524-003294,SELL-1763965655398-004468,FOREX,8.49,163,2026-01-20 12:12:12.519252
BUY-1763965650524-003294,SELL-1763965655402-006754,FOREX,5.08,31,2026-01-20 12:12:12.519279
BUY-1763965650528-005991,SELL-1763965655402-006754,FOREX,5.08,347,2026-01-20 12:12:12.519285
BUY-1763965650528-005991,SELL-1763965655398-004196,FOREX,7.66,104,2026-01-20 12:12:12.519347
BUY-1763965650529-006905,SELL-1763965655398-004422,CRYPTO,717.54,1,2026-01-20 12:12:12.519370
BUY-1763965650526-004847,SELL-1763965655398-004422,CRYPTO,717.54,9,2026-01-20 12:12:12.519380
BUY-1763965650522-002092,SELL-1763965655398-004422,CRYPTO,717.54,10,2026-01-20 12:12:12.519385
BUY-1763965650524-003485,SELL-1763965655398-004422,CRYPTO,717.54,14,2026-01-20 12:12:12.519390
BUY-1763965650523-002962,SELL-1763965655398-004422,CRYPTO,717.54,14,2026-01-20 12:12:12.519395
BUY-1763965650526-004661,SELL-1763965655398-004422,CRYPTO,717.54,3,2026-01-20 12:12:12.519400
BUY-1763965650521-001497,SELL-1763965655398-004422,CRYPTO,717.54,3,2026-01-20 12:12:12.519405
BUY-1763965650528-005991,SELL-1763965655400-005689,FOREX,8.16,547,2026-01-20 12:12:12.519427
BUY-1763965650528-006156,SELL-1763965655400-005689,FOREX,8.16,320,2026-01-20 12:12:12.519549
BUY-1763965650521-001497,SELL-1763965655403-007066,CRYPTO,1275.97,12,2026-01-20 12:12:12.519576
BUY-1763965650524-003432,SELL-1763965655403-007066,CRYPTO,1275.97,14,2026-01-20 12:12:12.519582
BUY-1763965650528-006156,SELL-1763965655399-004963,FOREX,8.39,295,2026-01-20 12:12:12.519602
BUY-1763965650525-004134,SELL-1763965655399-004963,FOREX,8.39,411,2026-01-20 12:12:12.519608
BUY-1763965650525-004134,SELL-1763965655395-002552,FOREX,1.62,274,2026-01-20 12:12:12.519626
BUY-1763965650521-001291,SELL-1763965655395-002552,FOREX,1.62,468,2026-01-20 12:12:12.519632
BUY-1763965650521-001291,SELL-1763965655393-001862,FOREX,6.69,68,2026-01-20 12:12:12.519660
BUY-1763965650525-003688,SELL-1763965655393-001862,FOREX,6.69,297,2026-01-20 12:12:12.519666
BUY-1763965650525-003688,SELL-1763965655403-007134,FOREX,1.23,189,2026-01-20 12:12:12.519676
BUY-1763965650528-006583,SELL-1763965655403-007134,FOREX,1.23,312,2026-01-20 12:12:12.519682
BUY-1763965650528-006583,SELL-1763965655400-005300,FOREX,4.28,599,2026-01-20 12:12:12.519704
BUY-1763965650521-001577,SELL-1763965655400-005300,FOREX,4.28,218,2026-01-20 12:12:12.519710
BUY-1763965650524-003432,SELL-1763965655400-005432,CRYPTO,1898.75,1,2026-01-20 12:12:12.519726
BUY-1763965650521-001577,SELL-1763965655400-005295,FOREX,3.3,312,2026-01-20 12:12:12.519736
BUY-1763965650523-002872,SELL-1763965655400-005295,FOREX,3.3,581,2026-01-20 12:12:12.519743
BUY-1763965650523-002872,SELL-1763965655402-006599,FOREX,4.09,37,2026-01-20 12:12:12.519753
BUY-1763965650522-001791,SELL-1763965655402-006599,FOREX,4.09,1,2026-01-20 12:12:12.519760
BUY-1763965650522-001791,SELL-1763965655400-005402,FOREX,9.64,19,2026-01-20 12:12:12.519771
BUY-1763965650525-003893,SELL-1763965655390-000276,EQUITY,250.0,37,2026-01-20 12:12:12.519790
BUY-1763965650521-001424,SELL-1763965655390-000276,EQUITY,250.0,33,2026-01-20 12:12:12.519797
BUY-1763965650521-001424,SELL-1763965655399-004693,EQUITY,454.01,176,2026-01-20 12:12:12.519801
BUY-1763965650522-001791,SELL-1763965655402-006654,FOREX,9.34,451,2026-01-20 12:12:12.519813
BUY-1763965650524-003432,SELL-1763965655401-006271,CRYPTO,676.78,3,2026-01-20 12:12:12.519828
BUY-1763965650524-003347,SELL-1763965655401-006271,CRYPTO,676.78,12,2026-01-20 12:12:12.519833
BUY-1763965650529-006654,SELL-1763965655401-006271,CRYPTO,676.78,5,2026-01-20 12:12:12.519838
BUY-1763965650519-000540,SELL-1763965655401-006271,CRYPTO,676.78,5,2026-01-20 12:12:12.519842
BUY-1763965650521-001205,SELL-1763965655401-006271,CRYPTO,676.78,13,2026-01-20 12:12:12.519847
BUY-1763965650522-001775,SELL-1763965655401-006271,CRYPTO,676.78,2,2026-01-20 12:12:12.519851
BUY-1763965650528-005942,SELL-1763965655401-006271,CRYPTO,676.78,2,2026-01-20 12:12:12.519855
BUY-1763965650528-005942,SELL-1763965655403-007167,CRYPTO,2458.22,2,2026-01-20 12:12:12.519858
BUY-1763965650524-003343,SELL-1763965655403-007181,EQUITY,372.17,84,2026-01-20 12:12:12.519869
BUY-1763965650526-004755,SELL-1763965655403-007181,EQUITY,372.17,29,2026-01-20 12:12:12.519883
BUY-1763965650528-005942,SELL-1763965655393-001627,CRYPTO,1513.57,6,2026-01-20 12:12:12.519894
BUY-1763965650524-003263,SELL-1763965655399-004719,FOREX,5.79,271,2026-01-20 12:12:12.519910
BUY-1763965650526-004755,SELL-1763965655395-002883,EQUITY,327.27,31,2026-01-20 12:12:12.519925
BUY-1763965650523-002937,SELL-1763965655395-002883,EQUITY,327.27,134,2026-01-20 12:12:12.519930
BUY-1763965650526-004520,SELL-1763965655395-002883,EQUITY,327.27,136,2026-01-20 12:12:12.519934
BUY-1763965650524-003263,SELL-1763965655390-000224,FOREX,3.5,29,2026-01-20 12:12:12.519949
BUY-1763965650524-003208,SELL-1763965655400-005705,CRYPTO,334.0,80,2026-01-20 12:12:12.519963
BUY-1763965650524-003530,SELL-1763965655400-005705,CRYPTO,334.0,2,2026-01-20 12:12:12.519968
BUY-1763965650526-004752,SELL-1763965655400-005705,CRYPTO,334.0,2,2026-01-20 12:12:12.519971
BUY-1763965650521-001298,SELL-1763965655400-005705,CRYPTO,334.0,12,2026-01-20 12:12:12.519992
BUY-1763965650527-005624,SELL-1763965655400-005705,CRYPTO,334.0,9,2026-01-20 12:12:12.519997
BUY-1763965650519-000365,SELL-1763965655400-005705,CRYPTO,334.0,24,2026-01-20 12:12:12.520002
BUY-1763965650524-003263,SELL-1763965655390-000325,FOREX,3.0,70,2026-01-20 12:12:12.520028
BUY-1763965650526-004520,SELL-1763965655390-000351,EQUITY,150.0,30,2026-01-20 12:12:12.520043
BUY-1763965650526-004520,SELL-1763965655400-005275,EQUITY,119.69,35,2026-01-20 12:12:12.520059
BUY-1763965650525-003742,SELL-1763965655400-005275,EQUITY,119.69,173,2026-01-20 12:12:12.520066
BUY-1763965650524-003175,SELL-1763965655400-005275,EQUITY,119.69,59,2026-01-20 12:12:12.520071
BUY-1763965650527-005173,SELL-1763965655400-005275,EQUITY,119.69,31,2026-01-20 12:12:12.520077
BUY-1763965650527-005173,SELL-1763965655398-004411,EQUITY,73.06,66,2026-01-20 12:12:12.520095
BUY-1763965650521-001553,SELL-1763965655398-004411,EQUITY,73.06,125,2026-01-20 12:12:12.520101
BUY-1763965650529-007172,SELL-1763965655398-004411,EQUITY,73.06,82,2026-01-20 12:12:12.520106
BUY-1763965650527-005373,SELL-1763965655398-004411,EQUITY,73.06,67,2026-01-20 12:12:12.520111
BUY-1763965650529-007079,SELL-1763965655398-004411,EQUITY,73.06,101,2026-01-20 12:12:12.520116
BUY-1763965650526-004848,SELL-1763965655398-004411,EQUITY,73.06,116,2026-01-20 12:12:12.520121
BUY-1763965650526-004504,SELL-1763965655398-004411,EQUITY,73.06,274,2026-01-20 12:12:12.520126
BUY-1763965650529-007373,SELL-1763965655398-004411,EQUITY,73.06,121,2026-01-20 12:12:12.520132
BUY-1763965650519-000365,SELL-1763965655398-004162,CRYPTO,229.62,26,2026-01-20 12:12:12.520144
BUY-1763965650529-007492,SELL-1763965655398-004162,CRYPTO,229.62,5,2026-01-20 12:12:12.520150
BUY-1763965650527-005277,SELL-1763965655398-004162,CRYPTO,229.62,4,2026-01-20 12:12:12.520156
BUY-1763965650521-001322,SELL-1763965655398-004162,CRYPTO,229.62,2,2026-01-20 12:12:12.520161
BUY-1763965650523-002775,SELL-1763965655398-004162,CRYPTO,229.62,2,2026-01-20 12:12:12.520171
BUY-1763965650525-004005,SELL-1763965655398-004162,CRYPTO,229.62,9,2026-01-20 12:12:12.520185
BUY-1763965650522-002138,SELL-1763965655398-004162,CRYPTO,229.62,13,2026-01-20 12:12:12.520192
BUY-1763965650529-007465,SELL-1763965655398-004162,CRYPTO,229.62,1,2026-01-20 12:12:12.520198
BUY-1763965650526-005018,SELL-1763965655398-004162,CRYPTO,229.62,22,2026-01-20 12:12:12.520203
BUY-1763965650527-005604,SELL-1763965655398-004162,CRYPTO,229.62,8,2026-01-20 12:12:12.520209
BUY-1763965650527-005604,SELL-1763965655403-007168,CRYPTO,2404.59,3,2026-01-20 12:12:12.520214
BUY-1763965650524-003088,SELL-1763965655403-007168,CRYPTO,2404.59,11,2026-01-20 12:12:12.520219
BUY-1763965650524-003088,SELL-1763965655393-001627,CRYPTO,1513.57,6,2026-01-20 12:12:12.520223
BUY-1763965650529-007216,SELL-1763965655393-001627,CRYPTO,1513.57,1,2026-01-20 12:12:12.520228
BUY-1763965650525-003800,SELL-1763965655393-001627,CRYPTO,1513.57,16,2026-01-20 12:12:12.520233
BUY-1763965650527-005600,SELL-1763965655393-001627,CRYPTO,1513.57,4,2026-01-20 12:12:12.520236
BUY-1763965650527-005600,SELL-1763965655392-001211,CRYPTO,2566.18,5,2026-01-20 12:12:12.520240
BUY-1763965650527-005561,SELL-1763965655392-001211,CRYPTO,2566.18,3,2026-01-20 12:12:12.520245
BUY-1763965650527-005561,SELL-1763965655402-006663,CRYPTO,3118.62,1,2026-01-20 12:12:12.520249
BUY-1763965650521-001224,SELL-1763965655402-006663,CRYPTO,3118.62,11,2026-01-20 12:12:12.520256
BUY-1763965650521-001224,SELL-1763965655394-002001,CRYPTO,2974.86,2,2026-01-20 12:12:12.520261
BUY-1763965650524-003263,SELL-1763965655398-004142,FOREX,3.19,335,2026-01-20 12:12:12.520275
BUY-1763965650528-005835,SELL-1763965655398-004142,FOREX,3.19,78,2026-01-20 12:12:12.520283
BUY-1763965650528-005835,SELL-1763965655401-005964,FOREX,9.15,86,2026-01-20 12:12:12.520288
BUY-1763965650528-005835,SELL-1763965655402-006654,FOREX,9.34,110,2026-01-20 12:12:12.520292
BUY-1763965650529-007373,SELL-1763965655395-002778,EQUITY,93.38,22,2026-01-20 12:12:12.520304
BUY-1763965650523-002406,SELL-1763965655395-002778,EQUITY,93.38,118,2026-01-20 12:12:12.520310
BUY-1763965650524-003160,SELL-1763965655395-002778,EQUITY,93.38,36,2026-01-20 12:12:12.520315
BUY-1763965650529-006965,SELL-1763965655395-002778,EQUITY,93.38,77,2026-01-20 12:12:12.520319
BUY-1763965650529-007222,SELL-1763965655395-002778,EQUITY,93.38,166,2026-01-20 12:12:12.520324
BUY-1763965650526-004675,SELL-1763965655395-002778,EQUITY,93.38,238,2026-01-20 12:12:12.520329
BUY-1763965650524-003680,SELL-1763965655395-002778,EQUITY,93.38,17,2026-01-20 12:12:12.520334
BUY-1763965650525-004106,SELL-1763965655395-002608,CRYPTO,1599.57,3,2026-01-20 12:12:12.520352
BUY-1763965650524-003680,SELL-1763965655399-004844,EQUITY,326.19,24,2026-01-20 12:12:12.520364
BUY-1763965650522-002225,SELL-1763965655399-004844,EQUITY,326.19,7,2026-01-20 12:12:12.520370
BUY-1763965650528-005835,SELL-1763965655397-003870,FOREX,6.91,320,2026-01-20 12:12:12.520382
BUY-1763965650528-005835,SELL-1763965655402-006564,FOREX,1.68,54,2026-01-20 12:12:12.520417
BUY-1763965650529-006789,SELL-1763965655402-006564,FOREX,1.68,635,2026-01-20 12:12:12.520437
BUY-1763965650529-006971,SELL-1763965655402-006564,FOREX,1.68,247,2026-01-20 12:12:12.520444
BUY-1763965650529-006971,SELL-1763965655390-000126,FOREX,2.0,91,2026-01-20 12:12:12.520457
BUY-1763965650529-006971,SELL-1763965655401-005921,FOREX,7.87,365,2026-01-20 12:12:12.520477
BUY-1763965650523-002444,SELL-1763965655401-005921,FOREX,7.87,232,2026-01-20 12:12:12.520483
BUY-1763965650522-002225,SELL-1763965655394-002275,EQUITY,142.59,177,2026-01-20 12:12:12.520495
BUY-1763965650525-003801,SELL-1763965655394-002275,EQUITY,142.59,2,2026-01-20 12:12:12.520501
BUY-1763965650521-001537,SELL-1763965655394-002275,EQUITY,142.59,189,2026-01-20 12:12:12.520506
BUY-1763965650527-005194,SELL-1763965655394-002275,EQUITY,142.59,129,2026-01-20 12:12:12.520511
BUY-1763965650523-002444,SELL-1763965655390-000247,FOREX,3.5,69,2026-01-20 12:12:12.520523
BUY-1763965650523-002444,SELL-1763965655397-003687,FOREX,2.49,695,2026-01-20 12:12:12.520535
BUY-1763965650527-005336,SELL-1763965655397-003687,FOREX,2.49,108,2026-01-20 12:12:12.520541
BUY-1763965650527-005336,SELL-1763965655403-007145,FOREX,2.16,365,2026-01-20 12:12:12.520553
BUY-1763965650526-004870,SELL-1763965655403-007145,FOREX,2.16,286,2026-01-20 12:12:12.520558
BUY-1763965650525-004106,SELL-1763965655398-004086,CRYPTO,1416.79,12,2026-01-20 12:12:12.520571
BUY-1763965650529-007200,SELL-1763965655398-004086,CRYPTO,1416.79,3,2026-01-20 12:12:12.520576
BUY-1763965650529-007200,SELL-1763965655394-002001,CRYPTO,2974.86,7,2026-01-20 12:12:12.520580
BUY-1763965650526-004870,SELL-1763965655402-006437,FOREX,6.74,102,2026-01-20 12:12:12.520607
BUY-1763965650526-004871,SELL-1763965655402-006437,FOREX,6.74,31,2026-01-20 12:12:12.520613
BUY-1763965650521-001140,SELL-1763965655402-006437,FOREX,6.74,197,2026-01-20 12:12:12.520619
BUY-1763965650525-003924,SELL-1763965655402-006437,FOREX,6.74,132,2026-01-20 12:12:12.520624
BUY-1763965650528-006170,SELL-1763965655402-006437,FOREX,6.74,91,2026-01-20 12:12:12.520629
BUY-1763965650528-006170,SELL-1763965655394-002041,FOREX,8.9,140,2026-01-20 12:12:12.520634
BUY-1763965650528-006170,SELL-1763965655402-006578,FOREX,4.22,28,2026-01-20 12:12:12.520645
BUY-1763965650527-005142,SELL-1763965655402-006400,CRYPTO,291.91,3,2026-01-20 12:12:12.520658
BUY-1763965650523-002363,SELL-1763965655402-006400,CRYPTO,291.91,12,2026-01-20 12:12:12.520663
BUY-1763965650528-005817,SELL-1763965655402-006400,CRYPTO,291.91,19,2026-01-20 12:12:12.520668
BUY-1763965650529-007086,SELL-1763965655402-006400,CRYPTO,291.91,10,2026-01-20 12:12:12.520673
BUY-1763965650520-000705,SELL-1763965655402-006400,CRYPTO,291.91,2,2026-01-20 12:12:12.520678
BUY-1763965650523-002924,SELL-1763965655402-006400,CRYPTO,291.91,2,2026-01-20 12:12:12.520683
BUY-1763965650523-002575,SELL-1763965655402-006400,CRYPTO,291.91,7,2026-01-20 12:12:12.520688
BUY-1763965650521-001446,SELL-1763965655402-006400,CRYPTO,291.91,2,2026-01-20 12:12:12.520697
BUY-1763965650523-002701,SELL-1763965655402-006400,CRYPTO,291.91,15,2026-01-20 12:12:12.520702
BUY-1763965650523-002701,SELL-1763965655401-006300,CRYPTO,185.15,2,2026-01-20 12:12:12.520715
BUY-1763965650528-006197,SELL-1763965655401-006300,CRYPTO,185.15,12,2026-01-20 12:12:12.520720
BUY-1763965650520-001014,SELL-1763965655401-006300,CRYPTO,185.15,10,2026-01-20 12:12:12.520725
BUY-1763965650524-003424,SELL-1763965655401-006300,CRYPTO,185.15,6,2026-01-20 12:12:12.520730
BUY-1763965650523-002964,SELL-1763965655401-006300,CRYPTO,185.15,17,2026-01-20 12:12:12.520735
BUY-1763965650529-006871,SELL-1763965655401-006300,CRYPTO,185.15,5,2026-01-20 12:12:12.520740
BUY-1763965650526-004900,SELL-1763965655401-006300,CRYPTO,185.15,9,2026-01-20 12:12:12.520745
BUY-1763965650523-002555,SELL-1763965655401-006300,CRYPTO,185.15,5,2026-01-20 12:12:12.520753
BUY-1763965650521-001514,SELL-1763965655401-006300,CRYPTO,185.15,4,2026-01-20 12:12:12.520758
BUY-1763965650525-003682,SELL-1763965655401-006300,CRYPTO,185.15,13,2026-01-20 12:12:12.520763
BUY-1763965650522-001947,SELL-1763965655401-006300,CRYPTO,185.15,13,2026-01-20 12:12:12.520768
BUY-1763965650519-000427,SELL-1763965655401-006300,CRYPTO,185.15,19,2026-01-20 12:12:12.520773
BUY-1763965650524-003289,SELL-1763965655401-006300,CRYPTO,185.15,16,2026-01-20 12:12:12.520778
BUY-1763965650522-002161,SELL-1763965655401-006300,CRYPTO,185.15,3,2026-01-20 12:12:12.520783
BUY-1763965650522-002161,SELL-1763965655394-002001,CRYPTO,2974.86,2,2026-01-20 12:12:12.520787
BUY-1763965650528-006170,SELL-1763965655393-001766,FOREX,4.53,129,2026-01-20 12:12:12.520808
BUY-1763965650523-002678,SELL-1763965655393-001449,CRYPTO,1198.25,15,2026-01-20 12:12:12.520835
BUY-1763965650525-004313,SELL-1763965655393-001449,CRYPTO,1198.25,2,2026-01-20 12:12:12.520840
BUY-1763965650520-000764,SELL-1763965655393-001449,CRYPTO,1198.25,8,2026-01-20 12:12:12.520845
BUY-1763965650528-006170,SELL-1763965655401-005805,FOREX,7.8,373,2026-01-20 12:12:12.520857
BUY-1763965650523-002692,SELL-1763965655401-005805,FOREX,7.8,161,2026-01-20 12:12:12.520863
BUY-1763965650527-005194,SELL-1763965655401-006256,EQUITY,182.15,46,2026-01-20 12:12:12.520875
BUY-1763965650523-002692,SELL-1763965655403-007076,FOREX,7.08,242,2026-01-20 12:12:12.520887
BUY-1763965650520-000764,SELL-1763965655398-004259,CRYPTO,2256.63,5,2026-01-20 12:12:12.520899
BUY-1763965650529-006685,SELL-1763965655398-004259,CRYPTO,2256.63,10,2026-01-20 12:12:12.520904
BUY-1763965650529-006685,SELL-1763965655394-002001,CRYPTO,2974.86,2,2026-01-20 12:12:12.520909
BUY-1763965650523-002692,SELL-1763965655390-000389,FOREX,2.5,72,2026-01-20 12:12:12.520921
BUY-1763965650528-006133,SELL-1763965655403-007005,CRYPTO,434.06,17,2026-01-20 12:12:12.520940
BUY-1763965650528-006628,SELL-1763965655403-007005,CRYPTO,434.06,7,2026-01-20 12:12:12.520945
BUY-1763965650529-007051,SELL-1763965655403-007005,CRYPTO,434.06,2,2026-01-20 12:12:12.520950
BUY-1763965650527-005575,SELL-1763965655403-007005,CRYPTO,434.06,4,2026-01-20 12:12:12.520958
BUY-1763965650529-007171,SELL-1763965655403-007005,CRYPTO,434.06,9,2026-01-20 12:12:12.520964
BUY-1763965650521-001233,SELL-1763965655403-007005,CRYPTO,434.06,4,2026-01-20 12:12:12.520969
BUY-1763965650527-005226,SELL-1763965655403-007005,CRYPTO,434.06,1,2026-01-20 12:12:12.520974
BUY-1763965650523-002478,SELL-1763965655403-007005,CRYPTO,434.06,4,2026-01-20 12:12:12.520979
BUY-1763965650528-005980,SELL-1763965655403-007005,CRYPTO,434.06,7,2026-01-20 12:12:12.520984
BUY-1763965650523-002578,SELL-1763965655403-007005,CRYPTO,434.06,1,2026-01-20 12:12:12.520988
BUY-1763965650519-000511,SELL-1763965655403-007005,CRYPTO,434.06,12,2026-01-20 12:12:12.520993
BUY-1763965650525-003860,SELL-1763965655403-007005,CRYPTO,434.06,2,2026-01-20 12:12:12.520998
BUY-1763965650525-004376,SELL-1763965655403-007005,CRYPTO,434.06,22,2026-01-20 12:12:12.521004
BUY-1763965650522-002207,SELL-1763965655403-007005,CRYPTO,434.06,11,2026-01-20 12:12:12.521009
BUY-1763965650524-003453,SELL-1763965655403-007005,CRYPTO,434.06,1,2026-01-20 12:12:12.521014
BUY-1763965650527-005194,SELL-1763965655397-003514,EQUITY,161.12,15,2026-01-20 12:12:12.521034
BUY-1763965650526-004538,SELL-1763965655397-003514,EQUITY,161.12,55,2026-01-20 12:12:12.521039
BUY-1763965650519-000615,SELL-1763965655397-003514,EQUITY,161.12,52,2026-01-20 12:12:12.521044
BUY-1763965650529-007165,SELL-1763965655397-003514,EQUITY,161.12,22,2026-01-20 12:12:12.521050
BUY-1763965650523-002692,SELL-1763965655399-004960,FOREX,4.09,201,2026-01-20 12:12:12.521077
BUY-1763965650523-002692,SELL-1763965655400-005151,FOREX,6.38,161,2026-01-20 12:12:12.521089
BUY-1763965650524-003453,SELL-1763965655403-007046,CRYPTO,1585.57,2,2026-01-20 12:12:12.521101
BUY-1763965650524-003453,SELL-1763965655394-002001,CRYPTO,2974.86,1,2026-01-20 12:12:12.521106
BUY-1763965650524-003453,SELL-1763965655402-006634,CRYPTO,2667.21,4,2026-01-20 12:12:12.521118
BUY-1763965650522-001867,SELL-1763965655402-006634,CRYPTO,2667.21,1,2026-01-20 12:12:12.521123
BUY-1763965650519-000604,SELL-1763965655402-006634,CRYPTO,2667.21,5,2026-01-20 12:12:12.521128
BUY-1763965650523-002692,SELL-1763965655392-001320,FOREX,2.36,10,2026-01-20 12:12:12.521156
BUY-1763965650522-002020,SELL-1763965655392-001320,FOREX,2.36,256,2026-01-20 12:12:12.521161
BUY-1763965650522-002020,SELL-1763965655403-007127,FOREX,8.86,63,2026-01-20 12:12:12.521166
BUY-1763965650525-003776,SELL-1763965655403-006962,CRYPTO,1270.99,6,2026-01-20 12:12:12.521178
BUY-1763965650520-000730,SELL-1763965655402-006797,CRYPTO,3005.27,6,2026-01-20 12:12:12.521184
BUY-1763965650526-004401,SELL-1763965655398-004263,CRYPTO,453.18,17,2026-01-20 12:12:12.521204
BUY-1763965650527-005256,SELL-1763965655398-004263,CRYPTO,453.18,1,2026-01-20 12:12:12.521209
BUY-1763965650522-001793,SELL-1763965655398-004263,CRYPTO,453.18,14,2026-01-20 12:12:12.521214
BUY-1763965650526-004714,SELL-1763965655398-004263,CRYPTO,453.18,2,2026-01-20 12:12:12.521219
BUY-1763965650527-005270,SELL-1763965655398-004263,CRYPTO,453.18,10,2026-01-20 12:12:12.521227
BUY-1763965650524-003109,SELL-1763965655398-004263,CRYPTO,453.18,2,2026-01-20 12:12:12.521232
BUY-1763965650523-002441,SELL-1763965655398-004263,CRYPTO,453.18,4,2026-01-20 12:12:12.521237
BUY-1763965650524-003550,SELL-1763965655398-004263,CRYPTO,453.18,34,2026-01-20 12:12:12.521242
BUY-1763965650521-001548,SELL-1763965655398-004263,CRYPTO,453.18,2,2026-01-20 12:12:12.521247
BUY-1763965650529-007165,SELL-1763965655401-005831,EQUITY,157.16,134,2026-01-20 12:12:12.521268
BUY-1763965650529-006875,SELL-1763965655401-005831,EQUITY,157.16,125,2026-01-20 12:12:12.521276
BUY-1763965650523-002607,SELL-1763965655401-005831,EQUITY,157.16,175,2026-01-20 12:12:12.521282
BUY-1763965650521-001548,SELL-1763965655396-003489,CRYPTO,919.18,17,2026-01-20 12:12:12.521295
BUY-1763965650528-006616,SELL-1763965655396-003489,CRYPTO,919.18,4,2026-01-20 12:12:12.521300
BUY-1763965650528-006454,SELL-1763965655396-003489,CRYPTO,919.18,7,2026-01-20 12:12:12.521306
BUY-1763965650528-006344,SELL-1763965655396-003489,CRYPTO,919.18,12,2026-01-20 12:12:12.521311
BUY-1763965650521-001363,SELL-1763965655396-003489,CRYPTO,919.18,4,2026-01-20 12:12:12.521316
BUY-1763965650522-002020,SELL-1763965655402-006840,FOREX,1.46,24,2026-01-20 12:12:12.521329
BUY-1763965650528-006052,SELL-1763965655401-006301,CRYPTO,2000.09,19,2026-01-20 12:12:12.521341
BUY-1763965650520-000864,SELL-1763965655401-006301,CRYPTO,2000.09,5,2026-01-20 12:12:12.521346
BUY-1763965650522-002020,SELL-1763965655391-000534,FOREX,1.97,240,2026-01-20 12:12:12.521358
BUY-1763965650528-006353,SELL-1763965655391-000534,FOREX,1.97,247,2026-01-20 12:12:12.521363
BUY-1763965650528-006353,SELL-1763965655391-000501,FOREX,2.96,182,2026-01-20 12:12:12.521376
BUY-1763965650527-005514,SELL-1763965655391-000501,FOREX,2.96,599,2026-01-20 12:12:12.521381
BUY-1763965650525-004092,SELL-1763965655391-000501,FOREX,2.96,113,2026-01-20 12:12:12.521387
BUY-1763965650523-002607,SELL-1763965655397-003842,EQUITY,295.45,37,2026-01-20 12:12:12.521399
BUY-1763965650526-005015,SELL-1763965655397-003842,EQUITY,295.45,32,2026-01-20 12:12:12.521405
BUY-1763965650529-007262,SELL-1763965655397-003842,EQUITY,295.45,141,2026-01-20 12:12:12.521410
BUY-1763965650522-002182,SELL-1763965655397-003842,EQUITY,295.45,116,2026-01-20 12:12:12.521415
BUY-1763965650522-002182,SELL-1763965655396-003483,EQUITY,305.99,109,2026-01-20 12:12:12.521427
BUY-1763965650526-004611,SELL-1763965655396-003483,EQUITY,305.99,107,2026-01-20 12:12:12.521433
BUY-1763965650525-004092,SELL-1763965655402-006601,FOREX,2.51,374,2026-01-20 12:12:12.521445
BUY-1763965650520-000853,SELL-1763965655402-006601,FOREX,2.51,156,2026-01-20 12:12:12.521450
BUY-1763965650520-000864,SELL-1763965655397-003853,CRYPTO,1974.53,4,2026-01-20 12:12:12.521495
BUY-1763965650528-006404,SELL-1763965655397-003853,CRYPTO,1974.53,3,2026-01-20 12:12:12.521510
BUY-1763965650522-002046,SELL-1763965655397-003853,CRYPTO,1974.53,11,2026-01-20 12:12:12.521515
BUY-1763965650520-000853,SELL-1763965655399-004841,FOREX,3.85,46,2026-01-20 12:12:12.521532
BUY-1763965650524-003586,SELL-1763965655399-004841,FOREX,3.85,470,2026-01-20 12:12:12.521538
BUY-1763965650524-003586,SELL-1763965655400-005254,FOREX,1.41,312,2026-01-20 12:12:12.521550
BUY-1763965650525-003698,SELL-1763965655400-005254,FOREX,1.41,52,2026-01-20 12:12:12.521556
BUY-1763965650525-003698,SELL-1763965655402-006423,FOREX,5.19,394,2026-01-20 12:12:12.521581
BUY-1763965650526-004611,SELL-1763965655397-004006,EQUITY,166.36,47,2026-01-20 12:12:12.521602
BUY-1763965650525-003772,SELL-1763965655397-004006,EQUITY,166.36,100,2026-01-20 12:12:12.521607
BUY-1763965650525-004020,SELL-1763965655397-004006,EQUITY,166.36,216,2026-01-20 12:12:12.521612
BUY-1763965650526-004505,SELL-1763965655397-004006,EQUITY,166.36,160,2026-01-20 12:12:12.521618
BUY-1763965650524-003332,SELL-1763965655397-004006,EQUITY,166.36,6,2026-01-20 12:12:12.521623
BUY-1763965650524-003332,SELL-1763965655391-000725,EQUITY,170.61,6,2026-01-20 12:12:12.521639
BUY-1763965650524-003332,SELL-1763965655402-006642,EQUITY,72.29,36,2026-01-20 12:12:12.521651
BUY-1763965650519-000574,SELL-1763965655402-006642,EQUITY,72.29,159,2026-01-20 12:12:12.521657
BUY-1763965650529-006991,SELL-1763965655402-006642,EQUITY,72.29,38,2026-01-20 12:12:12.521662
BUY-1763965650524-003384,SELL-1763965655402-006642,EQUITY,72.29,75,2026-01-20 12:12:12.521668
BUY-1763965650528-006183,SELL-1763965655402-006642,EQUITY,72.29,167,2026-01-20 12:12:12.521673
BUY-1763965650525-003698,SELL-1763965655399-004976,FOREX,3.72,483,2026-01-20 12:12:12.521685
BUY-1763965650524-003076,SELL-1763965655399-004976,FOREX,3.72,417,2026-01-20 12:12:12.521693
BUY-1763965650524-003076,SELL-1763965655394-002401,FOREX,4.85,228,2026-01-20 12:12:12.521705
BUY-1763965650525-003815,SELL-1763965655394-002401,FOREX,4.85,150,2026-01-20 12:12:12.521711
BUY-1763965650525-003815,SELL-1763965655394-002029,FOREX,7.46,203,2026-01-20 12:12:12.521767
BUY-1763965650528-006532,SELL-1763965655394-002029,FOREX,7.46,383,2026-01-20 12:12:12.521773
BUY-1763965650528-006532,SELL-1763965655402-006757,FOREX,1.74,176,2026-01-20 12:12:12.521785
BUY-1763965650523-002328,SELL-1763965655402-006924,CRYPTO,1082.84,20,2026-01-20 12:12:12.521846
BUY-1763965650520-000872,SELL-1763965655402-006924,CRYPTO,1082.84,12,2026-01-20 12:12:12.521852
BUY-1763965650524-003213,SELL-1763965655402-006924,CRYPTO,1082.84,5,2026-01-20 12:12:12.521858
BUY-1763965650529-006892,SELL-1763965655402-006924,CRYPTO,1082.84,4,2026-01-20 12:12:12.521864
BUY-1763965650528-006532,SELL-1763965655391-000745,FOREX,2.99,427,2026-01-20 12:12:12.521884
BUY-1763965650521-001516,SELL-1763965655391-000745,FOREX,2.99,289,2026-01-20 12:12:12.521891
BUY-1763965650521-001516,SELL-1763965655402-006742,FOREX,8.08,476,2026-01-20 12:12:12.521926
BUY-1763965650521-001516,SELL-1763965655402-006544,FOREX,6.91,38,2026-01-20 12:12:12.521955
BUY-1763965650521-001516,SELL-1763965655395-002660,FOREX,7.11,179,2026-01-20 12:12:12.521974
BUY-1763965650521-001176,SELL-1763965655395-002660,FOREX,7.11,21,2026-01-20 12:12:12.521981
BUY-1763965650520-000965,SELL-1763965655395-002660,FOREX,7.11,26,2026-01-20 12:12:12.522001
BUY-1763965650520-000965,SELL-1763965655396-003263,FOREX,1.74,223,2026-01-20 12:12:12.522022
BUY-1763965650528-006604,SELL-1763965655396-003263,FOREX,1.74,54,2026-01-20 12:12:12.522028
BUY-1763965650528-006183,SELL-1763965655401-006084,EQUITY,111.49,2,2026-01-20 12:12:12.522050
BUY-1763965650522-002061,SELL-1763965655401-006084,EQUITY,111.49,205,2026-01-20 12:12:12.522057
BUY-1763965650526-004713,SELL-1763965655401-006084,EQUITY,111.49,130,2026-01-20 12:12:12.522063
BUY-1763965650520-000749,SELL-1763965655401-006084,EQUITY,111.49,87,2026-01-20 12:12:12.522069
BUY-1763965650528-006395,SELL-1763965655401-006084,EQUITY,111.49,58,2026-01-20 12:12:12.522076
BUY-1763965650526-005064,SELL-1763965655401-006084,EQUITY,111.49,88,2026-01-20 12:12:12.522082
BUY-1763965650527-005594,SELL-1763965655401-006084,EQUITY,111.49,27,2026-01-20 12:12:12.522087
BUY-1763965650525-003989,SELL-1763965655401-006084,EQUITY,111.49,27,2026-01-20 12:12:12.522094
BUY-1763965650529-007188,SELL-1763965655401-006084,EQUITY,111.49,56,2026-01-20 12:12:12.522102
BUY-1763965650529-006892,SELL-1763965655400-005572,CRYPTO,106.71,5,2026-01-20 12:12:12.522122
BUY-1763965650528-005978,SELL-1763965655400-005572,CRYPTO,106.71,2,2026-01-20 12:12:12.522135
BUY-1763965650529-007339,SELL-1763965655400-005572,CRYPTO,106.71,9,2026-01-20 12:12:12.522142
BUY-1763965650520-000717,SELL-1763965655400-005572,CRYPTO,106.71,9,2026-01-20 12:12:12.522148
BUY-1763965650526-004883,SELL-1763965655400-005572,CRYPTO,106.71,14,2026-01-20 12:12:12.522153
BUY-1763965650527-005681,SELL-1763965655400-005572,CRYPTO,106.71,7,2026-01-20 12:12:12.522159
BUY-1763965650529-006692,SELL-1763965655400-005572,CRYPTO,106.71,3,2026-01-20 12:12:12.522165
BUY-1763965650521-001397,SELL-1763965655400-005572,CRYPTO,106.71,7,2026-01-20 12:12:12.522170
BUY-1763965650528-005932,SELL-1763965655400-005572,CRYPTO,106.71,10,2026-01-20 12:12:12.522175
BUY-1763965650520-000715,SELL-1763965655400-005572,CRYPTO,106.71,5,2026-01-20 12:12:12.522181
BUY-1763965650529-006717,SELL-1763965655400-005572,CRYPTO,106.71,12,2026-01-20 12:12:12.522187
BUY-1763965650528-006436,SELL-1763965655400-005572,CRYPTO,106.71,13,2026-01-20 12:12:12.522192
BUY-1763965650524-002998,SELL-1763965655400-005572,CRYPTO,106.71,5,2026-01-20 12:12:12.522197
BUY-1763965650524-002998,SELL-1763965655397-003853,CRYPTO,1974.53,6,2026-01-20 12:12:12.522203
BUY-1763965650529-007326,SELL-1763965655397-003853,CRYPTO,1974.53,1,2026-01-20 12:12:12.522208
BUY-1763965650529-007326,SELL-1763965655402-006894,CRYPTO,1993.1,5,2026-01-20 12:12:12.522213
BUY-1763965650527-005739,SELL-1763965655402-006894,CRYPTO,1993.1,4,2026-01-20 12:12:12.522217
BUY-1763965650522-002174,SELL-1763965655402-006894,CRYPTO,1993.1,2,2026-01-20 12:12:12.522223
BUY-1763965650522-002174,SELL-1763965655397-003873,CRYPTO,2231.77,1,2026-01-20 12:12:12.522232
BUY-1763965650524-003338,SELL-1763965655397-003873,CRYPTO,2231.77,5,2026-01-20 12:12:12.522237
BUY-1763965650529-007188,SELL-1763965655398-004037,EQUITY,271.04,32,2026-01-20 12:12:12.522258
BUY-1763965650523-002448,SELL-1763965655398-004037,EQUITY,271.04,20,2026-01-20 12:12:12.522264
BUY-1763965650521-001590,SELL-1763965655398-004037,EQUITY,271.04,262,2026-01-20 12:12:12.522269
BUY-1763965650528-006604,SELL-1763965655403-007112,FOREX,3.79,135,2026-01-20 12:12:12.522282
BUY-1763965650524-003338,SELL-1763965655402-006591,CRYPTO,1115.11,5,2026-01-20 12:12:12.522321
BUY-1763965650528-006604,SELL-1763965655401-006284,FOREX,2.25,432,2026-01-20 12:12:12.522333
BUY-1763965650526-004846,SELL-1763965655401-006284,FOREX,2.25,466,2026-01-20 12:12:12.522339
BUY-1763965650521-001590,SELL-1763965655394-002295,EQUITY,221.98,22,2026-01-20 12:12:12.522351
BUY-1763965650527-005207,SELL-1763965655394-002295,EQUITY,221.98,108,2026-01-20 12:12:12.522357
BUY-1763965650526-004736,SELL-1763965655394-002295,EQUITY,221.98,18,2026-01-20 12:12:12.522362
BUY-1763965650522-001884,SELL-1763965655394-002295,EQUITY,221.98,38,2026-01-20 12:12:12.522367
BUY-1763965650522-001884,SELL-1763965655397-003709,EQUITY,127.22,255,2026-01-20 12:12:12.522394
BUY-1763965650524-003497,SELL-1763965655397-003709,EQUITY,127.22,10,2026-01-20 12:12:12.522400
BUY-1763965650524-003497,SELL-1763965655399-004928,EQUITY,216.3,79,2026-01-20 12:12:12.522419
BUY-1763965650524-003338,SELL-1763965655400-005162,CRYPTO,2027.04,1,2026-01-20 12:12:12.522432
BUY-1763965650527-005763,SELL-1763965655400-005162,CRYPTO,2027.04,14,2026-01-20 12:12:12.522437
BUY-1763965650525-003988,SELL-1763965655400-005162,CRYPTO,2027.04,2,2026-01-20 12:12:12.522442
BUY-1763965650525-003988,SELL-1763965655394-002345,CRYPTO,384.62,9,2026-01-20 12:12:12.522462
BUY-1763965650529-007197,SELL-1763965655394-002345,CRYPTO,384.62,6,2026-01-20 12:12:12.522467
BUY-1763965650524-003164,SELL-1763965655394-002345,CRYPTO,384.62,8,2026-01-20 12:12:12.522476
BUY-1763965650522-002172,SELL-1763965655394-002345,CRYPTO,384.62,10,2026-01-20 12:12:12.522482
BUY-1763965650521-001187,SELL-1763965655394-002345,CRYPTO,384.62,2,2026-01-20 12:12:12.522486
BUY-1763965650524-003217,SELL-1763965655394-002345,CRYPTO,384.62,4,2026-01-20 12:12:12.522492
BUY-1763965650521-001560,SELL-1763965655394-002345,CRYPTO,384.62,10,2026-01-20 12:12:12.522496
BUY-1763965650520-000741,SELL-1763965655394-002345,CRYPTO,384.62,43,2026-01-20 12:12:12.522501
BUY-1763965650527-005308,SELL-1763965655394-002345,CRYPTO,384.62,5,2026-01-20 12:12:12.522506
BUY-1763965650524-003522,SELL-1763965655394-002345,CRYPTO,384.62,9,2026-01-20 12:12:12.522511
BUY-1763965650524-003270,SELL-1763965655394-002345,CRYPTO,384.62,13,2026-01-20 12:12:12.522516
BUY-1763965650524-003497,SELL-1763965655398-004366,EQUITY,64.37,44,2026-01-20 12:12:12.522529
BUY-1763965650525-004123,SELL-1763965655398-004366,EQUITY,64.37,114,2026-01-20 12:12:12.522534
BUY-1763965650527-005131,SELL-1763965655398-004366,EQUITY,64.37,22,2026-01-20 12:12:12.522543
BUY-1763965650527-005555,SELL-1763965655398-004366,EQUITY,64.37,63,2026-01-20 12:12:12.522548
BUY-1763965650529-007031,SELL-1763965655398-004366,EQUITY,64.37,17,2026-01-20 12:12:12.522554
BUY-1763965650520-001038,SELL-1763965655398-004366,EQUITY,64.37,139,2026-01-20 12:12:12.522559
BUY-1763965650527-005098,SELL-1763965655398-004366,EQUITY,64.37,210,2026-01-20 12:12:12.522564
BUY-1763965650528-006493,SELL-1763965655398-004366,EQUITY,64.37,125,2026-01-20 12:12:12.522569
BUY-1763965650529-007026,SELL-1763965655398-004366,EQUITY,64.37,52,2026-01-20 12:12:12.522575
BUY-1763965650526-004814,SELL-1763965655398-004366,EQUITY,64.37,122,2026-01-20 12:12:12.522580
BUY-1763965650527-005180,SELL-1763965655398-004366,EQUITY,64.37,63,2026-01-20 12:12:12.522589
BUY-1763965650524-003270,SELL-1763965655402-006845,CRYPTO,1140.16,3,2026-01-20 12:12:12.522602
BUY-1763965650527-005180,SELL-1763965655401-006086,EQUITY,206.8,37,2026-01-20 12:12:12.522640
BUY-1763965650526-004535,SELL-1763965655401-006086,EQUITY,206.8,176,2026-01-20 12:12:12.522645
BUY-1763965650523-002927,SELL-1763965655401-006086,EQUITY,206.8,33,2026-01-20 12:12:12.522651
BUY-1763965650525-003841,SELL-1763965655401-006086,EQUITY,206.8,27,2026-01-20 12:12:12.522656
BUY-1763965650525-003841,SELL-1763965655398-004187,EQUITY,299.44,58,2026-01-20 12:12:12.522668
BUY-1763965650520-000719,SELL-1763965655398-004187,EQUITY,299.44,153,2026-01-20 12:12:12.522673
BUY-1763965650525-004337,SELL-1763965655398-004187,EQUITY,299.44,80,2026-01-20 12:12:12.522678
BUY-1763965650526-004846,SELL-1763965655390-000396,FOREX,2.5,65,2026-01-20 12:12:12.522690
BUY-1763965650526-004846,SELL-1763965655391-000541,FOREX,8.19,257,2026-01-20 12:12:12.522717
BUY-1763965650529-006801,SELL-1763965655391-000541,FOREX,8.19,571,2026-01-20 12:12:12.522723
BUY-1763965650529-006801,SELL-1763965655400-005472,FOREX,4.25,22,2026-01-20 12:12:12.522742
BUY-1763965650527-005495,SELL-1763965655400-005472,FOREX,4.25,377,2026-01-20 12:12:12.522748
BUY-1763965650525-004337,SELL-1763965655403-007439,EQUITY,211.45,36,2026-01-20 12:12:12.522776
BUY-1763965650527-005495,SELL-1763965655402-006875,FOREX,9.03,266,2026-01-20 12:12:12.522793
BUY-1763965650522-001707,SELL-1763965655402-006875,FOREX,9.03,57,2026-01-20 12:12:12.522798
BUY-1763965650520-000713,SELL-1763965655398-004245,FOREX,4.3,20,2026-01-20 12:12:12.522826
BUY-1763965650527-005764,SELL-1763965655398-004245,FOREX,4.3,101,2026-01-20 12:12:12.522832
BUY-1763965650525-004337,SELL-1763965655400-005312,EQUITY,265.46,13,2026-01-20 12:12:12.522844
BUY-1763965650526-004666,SELL-1763965655401-005946,CRYPTO,638.76,11,2026-01-20 12:12:12.522887
BUY-1763965650521-001469,SELL-1763965655401-005946,CRYPTO,638.76,5,2026-01-20 12:12:12.522892
BUY-1763965650521-001469,SELL-1763965655400-005681,CRYPTO,738.82,6,2026-01-20 12:12:12.522897
BUY-1763965650529-006844,SELL-1763965655400-005681,CRYPTO,738.82,10,2026-01-20 12:12:12.522902
BUY-1763965650529-007217,SELL-1763965655400-005681,CRYPTO,738.82,2,2026-01-20 12:12:12.522911
BUY-1763965650525-004350,SELL-1763965655400-005681,CRYPTO,738.82,2,2026-01-20 12:12:12.522916
BUY-1763965650526-005065,SELL-1763965655400-005681,CRYPTO,738.82,4,2026-01-20 12:12:12.522921
BUY-1763965650521-001545,SELL-1763965655400-005681,CRYPTO,738.82,11,2026-01-20 12:12:12.522926
BUY-1763965650525-004055,SELL-1763965655400-005681,CRYPTO,738.82,2,2026-01-20 12:12:12.522932
BUY-1763965650526-004995,SELL-1763965655400-005681,CRYPTO,738.82,8,2026-01-20 12:12:12.522939
BUY-1763965650527-005091,SELL-1763965655400-005681,CRYPTO,738.82,2,2026-01-20 12:12:12.522945
BUY-1763965650518-000088,SELL-1763965655401-006109,EQUITY,239.21,13,2026-01-20 12:12:12.522966
BUY-1763965650527-005764,SELL-1763965655401-005775,FOREX,2.77,826,2026-01-20 12:12:12.522979
BUY-1763965650525-003784,SELL-1763965655401-005775,FOREX,2.77,111,2026-01-20 12:12:12.522984
BUY-1763965650525-003784,SELL-1763965655402-006875,FOREX,9.03,505,2026-01-20 12:12:12.522989
BUY-1763965650518-000088,SELL-1763965655392-001068,EQUITY,113.15,26,2026-01-20 12:12:12.523001
BUY-1763965650525-004262,SELL-1763965655392-001068,EQUITY,113.15,139,2026-01-20 12:12:12.523006
BUY-1763965650519-000381,SELL-1763965655392-001068,EQUITY,113.15,79,2026-01-20 12:12:12.523012
BUY-1763965650521-001245,SELL-1763965655392-001068,EQUITY,113.15,239,2026-01-20 12:12:12.523017
BUY-1763965650525-004257,SELL-1763965655392-001068,EQUITY,113.15,17,2026-01-20 12:12:12.523022
BUY-1763965650529-006881,SELL-1763965655392-001068,EQUITY,113.15,39,2026-01-20 12:12:12.523027
BUY-1763965650529-006881,SELL-1763965655400-005312,EQUITY,265.46,81,2026-01-20 12:12:12.523032
BUY-1763965650522-002078,SELL-1763965655400-005312,EQUITY,265.46,100,2026-01-20 12:12:12.523037
BUY-1763965650525-003784,SELL-1763965655393-001861,FOREX,8.85,378,2026-01-20 12:12:12.523049
BUY-1763965650522-002078,SELL-1763965655394-002004,EQUITY,292.88,42,2026-01-20 12:12:12.523063
BUY-1763965650526-005024,SELL-1763965655394-002004,EQUITY,292.88,152,2026-01-20 12:12:12.523068
BUY-1763965650526-005024,SELL-1763965655396-003320,EQUITY,279.77,56,2026-01-20 12:12:12.523080
BUY-1763965650525-004054,SELL-1763965655396-003320,EQUITY,279.77,110,2026-01-20 12:12:12.523086
BUY-1763965650521-001317,SELL-1763965655394-002375,FOREX,6.13,528,2026-01-20 12:12:12.523113
BUY-1763965650521-001317,SELL-1763965655399-004613,FOREX,3.68,5,2026-01-20 12:12:12.523125
BUY-1763965650524-003538,SELL-1763965655399-004613,FOREX,3.68,354,2026-01-20 12:12:12.523131
BUY-1763965650529-007397,SELL-1763965655399-004613,FOREX,3.68,110,2026-01-20 12:12:12.523137
BUY-1763965650526-004444,SELL-1763965655399-004613,FOREX,3.68,258,2026-01-20 12:12:12.523142
BUY-1763965650528-005811,SELL-1763965655399-004613,FOREX,3.68,181,2026-01-20 12:12:12.523148
BUY-1763965650528-005811,SELL-1763965655393-001861,FOREX,8.85,288,2026-01-20 12:12:12.523152
BUY-1763965650525-004380,SELL-1763965655393-001861,FOREX,8.85,7,2026-01-20 12:12:12.523162
BUY-1763965650525-004380,SELL-1763965655403-007075,FOREX,4.54,298,2026-01-20 12:12:12.523174
BUY-1763965650525-004380,SELL-1763965655393-001662,FOREX,5.85,247,2026-01-20 12:12:12.523201
BUY-1763965650521-001107,SELL-1763965655393-001662,FOREX,5.85,54,2026-01-20 12:12:12.523207
BUY-1763965650527-005091,SELL-1763965655397-003703,CRYPTO,245.63,17,2026-01-20 12:12:12.523220
BUY-1763965650523-002658,SELL-1763965655397-003703,CRYPTO,245.63,13,2026-01-20 12:12:12.523225
BUY-1763965650525-003870,SELL-1763965655397-003703,CRYPTO,245.63,7,2026-01-20 12:12:12.523231
BUY-1763965650523-002739,SELL-1763965655397-003703,CRYPTO,245.63,8,2026-01-20 12:12:12.523235
BUY-1763965650529-007020,SELL-1763965655397-003703,CRYPTO,245.63,6,2026-01-20 12:12:12.523241
BUY-1763965650524-003633,SELL-1763965655397-003703,CRYPTO,245.63,10,2026-01-20 12:12:12.523246
BUY-1763965650522-001676,SELL-1763965655397-003703,CRYPTO,245.63,5,2026-01-20 12:12:12.523254
BUY-1763965650521-001407,SELL-1763965655397-003703,CRYPTO,245.63,7,2026-01-20 12:12:12.523260
BUY-1763965650528-006613,SELL-1763965655397-003703,CRYPTO,245.63,2,2026-01-20 12:12:12.523265
BUY-1763965650518-000060,SELL-1763965655397-003703,CRYPTO,245.63,44,2026-01-20 12:12:12.523269
BUY-1763965650522-001690,SELL-1763965655397-003703,CRYPTO,245.63,11,2026-01-20 12:12:12.523274
BUY-1763965650528-006220,SELL-1763965655397-003703,CRYPTO,245.63,21,2026-01-20 12:12:12.523279
BUY-1763965650525-003882,SELL-1763965655397-003703,CRYPTO,245.63,5,2026-01-20 12:12:12.523285
BUY-1763965650528-006354,SELL-1763965655397-003703,CRYPTO,245.63,8,2026-01-20 12:12:12.523290
BUY-1763965650527-005210,SELL-1763965655397-003703,CRYPTO,245.63,6,2026-01-20 12:12:12.523295
BUY-1763965650525-004259,SELL-1763965655397-003703,CRYPTO,245.63,3,2026-01-20 12:12:12.523300
BUY-1763965650520-000681,SELL-1763965655397-003703,CRYPTO,245.63,7,2026-01-20 12:12:12.523305
BUY-1763965650522-001870,SELL-1763965655397-003703,CRYPTO,245.63,2,2026-01-20 12:12:12.523310
BUY-1763965650521-001107,SELL-1763965655399-004854,FOREX,7.13,696,2026-01-20 12:12:12.523323
BUY-1763965650523-002402,SELL-1763965655399-004854,FOREX,7.13,181,2026-01-20 12:12:12.523329
BUY-1763965650525-004054,SELL-1763965655392-001269,EQUITY,224.94,82,2026-01-20 12:12:12.523341
BUY-1763965650525-004054,SELL-1763965655401-006290,EQUITY,239.93,64,2026-01-20 12:12:12.523353
BUY-1763965650523-002402,SELL-1763965655396-003294,FOREX,1.98,130,2026-01-20 12:12:12.523365
BUY-1763965650529-006728,SELL-1763965655396-003294,FOREX,1.98,281,2026-01-20 12:12:12.523371
BUY-1763965650521-001135,SELL-1763965655396-003294,FOREX,1.98,114,2026-01-20 12:12:12.523376
BUY-1763965650521-001135,SELL-1763965655392-001291,FOREX,7.76,481,2026-01-20 12:12:12.523389
BUY-1763965650522-002135,SELL-1763965655392-001291,FOREX,7.76,150,2026-01-20 12:12:12.523394
BUY-1763965650527-005459,SELL-1763965655392-001291,FOREX,7.76,55,2026-01-20 12:12:12.523399
BUY-1763965650527-005459,SELL-1763965655393-001771,FOREX,8.45,186,2026-01-20 12:12:12.523430
BUY-1763965650523-002918,SELL-1763965655393-001771,FOREX,8.45,273,2026-01-20 12:12:12.523436
BUY-1763965650523-002918,SELL-1763965655390-000358,FOREX,3.0,81,2026-01-20 12:12:12.523456
BUY-1763965650523-002918,SELL-1763965655401-006098,FOREX,7.61,3,2026-01-20 12:12:12.523467
BUY-1763965650520-000655,SELL-1763965655401-006098,FOREX,7.61,96,2026-01-20 12:12:12.523473
BUY-1763965650520-000655,SELL-1763965655391-000560,FOREX,5.56,93,2026-01-20 12:12:12.523485
BUY-1763965650528-005845,SELL-1763965655391-000560,FOREX,5.56,312,2026-01-20 12:12:12.523491
BUY-1763965650528-006586,SELL-1763965655391-000560,FOREX,5.56,211,2026-01-20 12:12:12.523496
BUY-1763965650525-004054,SELL-1763965655399-004830,EQUITY,148.18,17,2026-01-20 12:12:12.523508
BUY-1763965650519-000515,SELL-1763965655399-004830,EQUITY,148.18,81,2026-01-20 12:12:12.523514
BUY-1763965650523-002308,SELL-1763965655399-004830,EQUITY,148.18,206,2026-01-20 12:12:12.523519
BUY-1763965650523-002308,SELL-1763965655400-005503,EQUITY,138.64,112,2026-01-20 12:12:12.523539
BUY-1763965650527-005715,SELL-1763965655400-005503,EQUITY,138.64,40,2026-01-20 12:12:12.523544
BUY-1763965650525-003718,SELL-1763965655400-005503,EQUITY,138.64,130,2026-01-20 12:12:12.523549
BUY-1763965650528-006586,SELL-1763965655392-001225,FOREX,5.85,560,2026-01-20 12:12:12.523569
BUY-1763965650525-003718,SELL-1763965655402-006656,EQUITY,116.03,147,2026-01-20 12:12:12.523589
BUY-1763965650526-004744,SELL-1763965655402-006656,EQUITY,116.03,203,2026-01-20 12:12:12.523594
BUY-1763965650522-001945,SELL-1763965655402-006656,EQUITY,116.03,73,2026-01-20 12:12:12.523599
BUY-1763965650522-001945,SELL-1763965655402-006812,EQUITY,344.12,122,2026-01-20 12:12:12.523604
BUY-1763965650528-006509,SELL-1763965655402-006812,EQUITY,344.12,31,2026-01-20 12:12:12.523609
BUY-1763965650528-006509,SELL-1763965655402-006929,EQUITY,377.37,136,2026-01-20 12:12:12.523613
BUY-1763965650528-006509,SELL-1763965655394-001987,EQUITY,327.22,35,2026-01-20 12:12:12.523625
BUY-1763965650522-001789,SELL-1763965655394-001987,EQUITY,327.22,132,2026-01-20 12:12:12.523631
BUY-1763965650522-001789,SELL-1763965655398-004473,EQUITY,348.4,118,2026-01-20 12:12:12.523635
BUY-1763965650524-003488,SELL-1763965655398-004473,EQUITY,348.4,10,2026-01-20 12:12:12.523640
BUY-1763965650522-001870,SELL-1763965655399-004802,CRYPTO,347.38,11,2026-01-20 12:12:12.523661
BUY-1763965650525-004355,SELL-1763965655399-004802,CRYPTO,347.38,8,2026-01-20 12:12:12.523667
BUY-1763965650526-004816,SELL-1763965655399-004802,CRYPTO,347.38,9,2026-01-20 12:12:12.523672
BUY-1763965650522-001887,SELL-1763965655399-004802,CRYPTO,347.38,8,2026-01-20 12:12:12.523677
BUY-1763965650525-003962,SELL-1763965655399-004802,CRYPTO,347.38,8,2026-01-20 12:12:12.523682
BUY-1763965650521-001129,SELL-1763965655399-004802,CRYPTO,347.38,4,2026-01-20 12:12:12.523687
BUY-1763965650521-001129,SELL-1763965655392-001167,CRYPTO,2761.41,2,2026-01-20 12:12:12.523691
BUY-1763965650528-006586,SELL-1763965655403-007491,FOREX,5.28,129,2026-01-20 12:12:12.523715
BUY-1763965650529-006664,SELL-1763965655403-007491,FOREX,5.28,530,2026-01-20 12:12:12.523721
BUY-1763965650524-003488,SELL-1763965655394-001942,EQUITY,244.93,66,2026-01-20 12:12:12.523733
BUY-1763965650526-004721,SELL-1763965655394-001942,EQUITY,244.93,77,2026-01-20 12:12:12.523739
BUY-1763965650520-000885,SELL-1763965655394-001942,EQUITY,244.93,58,2026-01-20 12:12:12.523744
BUY-1763965650529-007446,SELL-1763965655394-001942,EQUITY,244.93,111,2026-01-20 12:12:12.523749
BUY-1763965650523-002312,SELL-1763965655394-001942,EQUITY,244.93,7,2026-01-20 12:12:12.523755
BUY-1763965650529-006664,SELL-1763965655403-007044,FOREX,7.48,36,2026-01-20 12:12:12.523766
BUY-1763965650528-005971,SELL-1763965655403-007044,FOREX,7.48,503,2026-01-20 12:12:12.523774
BUY-1763965650528-005971,SELL-1763965655394-002387,FOREX,1.85,298,2026-01-20 12:12:12.523788
BUY-1763965650524-003216,SELL-1763965655394-002387,FOREX,1.85,122,2026-01-20 12:12:12.523795
BUY-1763965650524-003404,SELL-1763965655396-003502,CRYPTO,244.27,1,2026-01-20 12:12:12.523807
BUY-1763965650528-005809,SELL-1763965655396-003502,CRYPTO,244.27,10,2026-01-20 12:12:12.523812
BUY-1763965650521-001559,SELL-1763965655396-003502,CRYPTO,244.27,1,2026-01-20 12:12:12.523817
BUY-1763965650528-005934,SELL-1763965655396-003502,CRYPTO,244.27,5,2026-01-20 12:12:12.523822
BUY-1763965650528-005965,SELL-1763965655396-003502,CRYPTO,244.27,15,2026-01-20 12:12:12.523827
BUY-1763965650528-006131,SELL-1763965655396-003502,CRYPTO,244.27,11,2026-01-20 12:12:12.523832
BUY-1763965650522-001734,SELL-1763965655396-003502,CRYPTO,244.27,8,2026-01-20 12:12:12.523837
BUY-1763965650523-002484,SELL-1763965655396-003502,CRYPTO,244.27,4,2026-01-20 12:12:12.523842
BUY-1763965650523-002534,SELL-1763965655396-003502,CRYPTO,244.27,4,2026-01-20 12:12:12.523847
BUY-1763965650523-002859,SELL-1763965655396-003502,CRYPTO,244.27,8,2026-01-20 12:12:12.523852
BUY-1763965650526-004516,SELL-1763965655396-003502,CRYPTO,244.27,1,2026-01-20 12:12:12.523856
BUY-1763965650526-004927,SELL-1763965655396-003502,CRYPTO,244.27,3,2026-01-20 12:12:12.523861
BUY-1763965650522-002120,SELL-1763965655396-003502,CRYPTO,244.27,16,2026-01-20 12:12:12.523866
BUY-1763965650524-003173,SELL-1763965655396-003502,CRYPTO,244.27,6,2026-01-20 12:12:12.523871
BUY-1763965650524-003173,SELL-1763965655392-001167,CRYPTO,2761.41,3,2026-01-20 12:12:12.523876
BUY-1763965650524-003216,SELL-1763965655403-007072,FOREX,1.54,659,2026-01-20 12:12:12.523888
BUY-1763965650523-002312,SELL-1763965655394-002332,EQUITY,307.65,87,2026-01-20 12:12:12.523900
BUY-1763965650528-006609,SELL-1763965655394-002332,EQUITY,307.65,158,2026-01-20 12:12:12.523905
BUY-1763965650527-005252,SELL-1763965655394-002332,EQUITY,307.65,19,2026-01-20 12:12:12.523909
BUY-1763965650524-003216,SELL-1763965655401-005794,FOREX,8.74,136,2026-01-20 12:12:12.523928
BUY-1763965650529-006899,SELL-1763965655401-005794,FOREX,8.74,541,2026-01-20 12:12:12.523935
BUY-1763965650527-005252,SELL-1763965655403-007161,EQUITY,255.21,111,2026-01-20 12:12:12.523966
BUY-1763965650525-003899,SELL-1763965655403-007161,EQUITY,255.21,136,2026-01-20 12:12:12.523971
BUY-1763965650528-006028,SELL-1763965655401-006138,FOREX,6.44,201,2026-01-20 12:12:12.523990
BUY-1763965650525-003899,SELL-1763965655402-006942,EQUITY,327.54,41,2026-01-20 12:12:12.524015
BUY-1763965650523-002942,SELL-1763965655402-006942,EQUITY,327.54,36,2026-01-20 12:12:12.524021
BUY-1763965650528-005887,SELL-1763965655402-006942,EQUITY,327.54,27,2026-01-20 12:12:12.524027
BUY-1763965650526-004487,SELL-1763965655400-005481,CRYPTO,712.68,1,2026-01-20 12:12:12.524085
BUY-1763965650526-004487,SELL-1763965655402-006845,CRYPTO,1140.16,8,2026-01-20 12:12:12.524090
BUY-1763965650528-006028,SELL-1763965655398-004470,FOREX,4.55,166,2026-01-20 12:12:12.524102
BUY-1763965650522-001905,SELL-1763965655398-004470,FOREX,4.55,360,2026-01-20 12:12:12.524108
BUY-1763965650528-006629,SELL-1763965655398-004470,FOREX,4.55,213,2026-01-20 12:12:12.524113
BUY-1763965650528-006629,SELL-1763965655401-005794,FOREX,8.74,252,2026-01-20 12:12:12.524117
BUY-1763965650522-002222,SELL-1763965655401-005794,FOREX,8.74,26,2026-01-20 12:12:12.524122
BUY-1763965650522-002222,SELL-1763965655401-005797,FOREX,8.79,170,2026-01-20 12:12:12.524126
BUY-1763965650522-002222,SELL-1763965655394-002374,FOREX,1.33,60,2026-01-20 12:12:12.524137
BUY-1763965650520-001017,SELL-1763965655394-002374,FOREX,1.33,215,2026-01-20 12:12:12.524142
BUY-1763965650526-004596,SELL-1763965655394-002374,FOREX,1.33,545,2026-01-20 12:12:12.524148
BUY-1763965650526-004596,SELL-1763965655401-005990,FOREX,9.81,227,2026-01-20 12:12:12.524151
BUY-1763965650528-005949,SELL-1763965655400-005283,FOREX,4.71,623,2026-01-20 12:12:12.524170
BUY-1763965650523-002436,SELL-1763965655400-005283,FOREX,4.71,32,2026-01-20 12:12:12.524174
BUY-1763965650525-004303,SELL-1763965655400-005283,FOREX,4.71,230,2026-01-20 12:12:12.524177
BUY-1763965650526-004487,SELL-1763965655401-006242,CRYPTO,1275.44,2,2026-01-20 12:12:12.524183
BUY-1763965650521-001207,SELL-1763965655401-006242,CRYPTO,1275.44,8,2026-01-20 12:12:12.524187
BUY-1763965650524-003502,SELL-1763965655401-006242,CRYPTO,1275.44,8,2026-01-20 12:12:12.524189
BUY-1763965650528-005887,SELL-1763965655401-005929,EQUITY,350.43,72,2026-01-20 12:12:12.524196
BUY-1763965650522-001628,SELL-1763965655401-005929,EQUITY,350.43,143,2026-01-20 12:12:12.524199
BUY-1763965650523-002646,SELL-1763965655401-005929,EQUITY,350.43,42,2026-01-20 12:12:12.524202
BUY-1763965650525-004303,SELL-1763965655401-006210,FOREX,2.67,197,2026-01-20 12:12:12.524209
BUY-1763965650529-007075,SELL-1763965655401-006210,FOREX,2.67,342,2026-01-20 12:12:12.524212
BUY-1763965650524-003366,SELL-1763965655401-006210,FOREX,2.67,331,2026-01-20 12:12:12.524215
BUY-1763965650524-003502,SELL-1763965655398-004403,CRYPTO,696.85,4,2026-01-20 12:12:12.524227
BUY-1763965650528-006144,SELL-1763965655392-001167,CRYPTO,2761.41,11,2026-01-20 12:12:12.524234
BUY-1763965650521-001065,SELL-1763965655392-001167,CRYPTO,2761.41,1,2026-01-20 12:12:12.524237
BUY-1763965650523-002646,SELL-1763965655400-005257,EQUITY,90.14,204,2026-01-20 12:12:12.524243
BUY-1763965650527-005593,SELL-1763965655400-005257,EQUITY,90.14,72,2026-01-20 12:12:12.524247
BUY-1763965650528-006085,SELL-1763965655400-005257,EQUITY,90.14,18,2026-01-20 12:12:12.524249
BUY-1763965650529-007195,SELL-1763965655400-005257,EQUITY,90.14,41,2026-01-20 12:12:12.524252
BUY-1763965650527-005753,SELL-1763965655400-005257,EQUITY,90.14,52,2026-01-20 12:12:12.524255
BUY-1763965650524-003622,SELL-1763965655400-005257,EQUITY,90.14,37,2026-01-20 12:12:12.524258
BUY-1763965650522-001730,SELL-1763965655400-005257,EQUITY,90.14,133,2026-01-20 12:12:12.524260
BUY-1763965650522-001730,SELL-1763965655401-006201,EQUITY,73.04,57,2026-01-20 12:12:12.524266
BUY-1763965650520-000677,SELL-1763965655401-006201,EQUITY,73.04,36,2026-01-20 12:12:12.524269
BUY-1763965650529-007065,SELL-1763965655401-006201,EQUITY,73.04,71,2026-01-20 12:12:12.524272
BUY-1763965650527-005306,SELL-1763965655401-006201,EQUITY,73.04,156,2026-01-20 12:12:12.524275
BUY-1763965650520-000970,SELL-1763965655401-006201,EQUITY,73.04,120,2026-01-20 12:12:12.524278
BUY-1763965650520-000970,SELL-1763965655402-006464,EQUITY,187.67,39,2026-01-20 12:12:12.524283
BUY-1763965650525-004179,SELL-1763965655402-006464,EQUITY,187.67,93,2026-01-20 12:12:12.524286
BUY-1763965650524-003366,SELL-1763965655398-004199,FOREX,1.34,214,2026-01-20 12:12:12.524296
BUY-1763965650520-000769,SELL-1763965655398-004199,FOREX,1.34,58,2026-01-20 12:12:12.524299
BUY-1763965650520-000769,SELL-1763965655393-001654,FOREX,8.32,761,2026-01-20 12:12:12.524312
BUY-1763965650525-003891,SELL-1763965655393-001654,FOREX,8.32,109,2026-01-20 12:12:12.524315
BUY-1763965650525-003891,SELL-1763965655398-004123,FOREX,6.56,40,2026-01-20 12:12:12.524325
BUY-1763965650525-003891,SELL-1763965655391-000587,FOREX,3.36,209,2026-01-20 12:12:12.524330
BUY-1763965650525-003891,SELL-1763965655400-005683,FOREX,2.36,254,2026-01-20 12:12:12.524343
BUY-1763965650522-001634,SELL-1763965655400-005683,FOREX,2.36,427,2026-01-20 12:12:12.524346
BUY-1763965650525-004179,SELL-1763965655396-003267,EQUITY,294.87,29,2026-01-20 12:12:12.524359
BUY-1763965650525-004247,SELL-1763965655396-003267,EQUITY,294.87,110,2026-01-20 12:12:12.524362
BUY-1763965650528-005831,SELL-1763965655396-003267,EQUITY,294.87,117,2026-01-20 12:12:12.524365
BUY-1763965650524-003389,SELL-1763965655394-002299,EQUITY,116.51,302,2026-01-20 12:12:12.524371
BUY-1763965650522-001634,SELL-1763965655403-007140,FOREX,6.02,259,2026-01-20 12:12:12.524379
BUY-1763965650529-007012,SELL-1763965655403-007140,FOREX,6.02,404,2026-01-20 12:12:12.524383
BUY-1763965650525-003903,SELL-1763965655403-007140,FOREX,6.02,10,2026-01-20 12:12:12.524386
BUY-1763965650525-003903,SELL-1763965655397-003603,FOREX,8.65,554,2026-01-20 12:12:12.524392
BUY-1763965650524-003389,SELL-1763965655400-005595,EQUITY,235.92,72,2026-01-20 12:12:12.524405
BUY-1763965650528-006176,SELL-1763965655400-005595,EQUITY,235.92,234,2026-01-20 12:12:12.524408
BUY-1763965650521-001509,SELL-1763965655400-005595,EQUITY,235.92,65,2026-01-20 12:12:12.524411
BUY-1763965650528-006585,SELL-1763965655400-005595,EQUITY,235.92,50,2026-01-20 12:12:12.524414
BUY-1763965650528-006585,SELL-1763965655396-003267,EQUITY,294.87,3,2026-01-20 12:12:12.524416
BUY-1763965650526-004415,SELL-1763965655396-003267,EQUITY,294.87,14,2026-01-20 12:12:12.524419
BUY-1763965650526-004415,SELL-1763965655396-003350,EQUITY,372.36,14,2026-01-20 12:12:12.524421
BUY-1763965650524-003012,SELL-1763965655396-003350,EQUITY,372.36,28,2026-01-20 12:12:12.524423
BUY-1763965650521-001065,SELL-1763965655401-006097,CRYPTO,234.47,8,2026-01-20 12:12:12.524439
BUY-1763965650527-005148,SELL-1763965655401-006097,CRYPTO,234.47,2,2026-01-20 12:12:12.524444
BUY-1763965650529-007010,SELL-1763965655401-006097,CRYPTO,234.47,2,2026-01-20 12:12:12.524448
BUY-1763965650524-003616,SELL-1763965655401-006097,CRYPTO,234.47,10,2026-01-20 12:12:12.524452
BUY-1763965650520-000799,SELL-1763965655401-006097,CRYPTO,234.47,6,2026-01-20 12:12:12.524456
BUY-1763965650526-004894,SELL-1763965655401-006097,CRYPTO,234.47,8,2026-01-20 12:12:12.524460
BUY-1763965650523-002638,SELL-1763965655401-006097,CRYPTO,234.47,9,2026-01-20 12:12:12.524465
BUY-1763965650526-004416,SELL-1763965655401-006097,CRYPTO,234.47,3,2026-01-20 12:12:12.524469
BUY-1763965650523-002679,SELL-1763965655401-006097,CRYPTO,234.47,7,2026-01-20 12:12:12.524472
BUY-1763965650529-007389,SELL-1763965655401-006097,CRYPTO,234.47,12,2026-01-20 12:12:12.524477
BUY-1763965650524-003464,SELL-1763965655401-006097,CRYPTO,234.47,22,2026-01-20 12:12:12.524481
BUY-1763965650520-000897,SELL-1763965655401-006097,CRYPTO,234.47,10,2026-01-20 12:12:12.524485
BUY-1763965650524-003118,SELL-1763965655401-006097,CRYPTO,234.47,1,2026-01-20 12:12:12.524490
BUY-1763965650521-001422,SELL-1763965655401-006097,CRYPTO,234.47,1,2026-01-20 12:12:12.524499
BUY-1763965650522-001770,SELL-1763965655401-006097,CRYPTO,234.47,8,2026-01-20 12:12:12.524503
BUY-1763965650521-001133,SELL-1763965655401-006097,CRYPTO,234.47,5,2026-01-20 12:12:12.524508
BUY-1763965650525-004317,SELL-1763965655401-006097,CRYPTO,234.47,11,2026-01-20 12:12:12.524512
BUY-1763965650525-003913,SELL-1763965655401-006097,CRYPTO,234.47,4,2026-01-20 12:12:12.524516
BUY-1763965650525-003818,SELL-1763965655401-006097,CRYPTO,234.47,17,2026-01-20 12:12:12.524520
BUY-1763965650525-004344,SELL-1763965655401-006097,CRYPTO,234.47,9,2026-01-20 12:12:12.524525
BUY-1763965650520-000689,SELL-1763965655401-006097,CRYPTO,234.47,2,2026-01-20 12:12:12.524529
BUY-1763965650528-006136,SELL-1763965655401-006097,CRYPTO,234.47,4,2026-01-20 12:12:12.524534
BUY-1763965650528-006136,SELL-1763965655393-001795,CRYPTO,3125.13,3,2026-01-20 12:12:12.524538
BUY-1763965650518-000037,SELL-1763965655399-004885,EQUITY,71.84,56,2026-01-20 12:12:12.524553
BUY-1763965650529-007048,SELL-1763965655399-004885,EQUITY,71.84,48,2026-01-20 12:12:12.524563
BUY-1763965650529-007237,SELL-1763965655399-004885,EQUITY,71.84,129,2026-01-20 12:12:12.524568
BUY-1763965650526-004842,SELL-1763965655399-004885,EQUITY,71.84,67,2026-01-20 12:12:12.524573
BUY-1763965650520-000755,SELL-1763965655399-004885,EQUITY,71.84,214,2026-01-20 12:12:12.524578
BUY-1763965650523-002594,SELL-1763965655399-004885,EQUITY,71.84,126,2026-01-20 12:12:12.524582
BUY-1763965650528-005898,SELL-1763965655399-004885,EQUITY,71.84,115,2026-01-20 12:12:12.524587
BUY-1763965650523-002681,SELL-1763965655393-001696,FOREX,4.52,227,2026-01-20 12:12:12.524602
BUY-1763965650523-002681,SELL-1763965655403-007401,FOREX,2.5,98,2026-01-20 12:12:12.524629
BUY-1763965650528-006067,SELL-1763965655403-007401,FOREX,2.5,245,2026-01-20 12:12:12.524639
BUY-1763965650527-005289,SELL-1763965655403-007401,FOREX,2.5,272,2026-01-20 12:12:12.524645
BUY-1763965650527-005289,SELL-1763965655397-003603,FOREX,8.65,7,2026-01-20 12:12:12.524648
BUY-1763965650523-002309,SELL-1763965655397-003603,FOREX,8.65,233,2026-01-20 12:12:12.524653
BUY-1763965650523-002309,SELL-1763965655402-006566,FOREX,8.93,123,2026-01-20 12:12:12.524657
BUY-1763965650529-006834,SELL-1763965655402-006566,FOREX,8.93,338,2026-01-20 12:12:12.524661
BUY-1763965650528-005898,SELL-1763965655401-006014,EQUITY,165.08,56,2026-01-20 12:12:12.524673
BUY-1763965650526-004573,SELL-1763965655401-006014,EQUITY,165.08,49,2026-01-20 12:12:12.524678
BUY-1763965650521-001088,SELL-1763965655401-006014,EQUITY,165.08,126,2026-01-20 12:12:12.524682
BUY-1763965650521-001088,SELL-1763965655399-004762,EQUITY,361.08,24,2026-01-20 12:12:12.524686
BUY-1763965650529-006834,SELL-1763965655400-005290,FOREX,9.2,51,2026-01-20 12:12:12.524696
BUY-1763965650521-001088,SELL-1763965655392-001153,EQUITY,66.64,10,2026-01-20 12:12:12.524707
BUY-1763965650529-006834,SELL-1763965655397-003674,FOREX,8.6,29,2026-01-20 12:12:12.524723
BUY-1763965650529-006834,SELL-1763965655396-003062,FOREX,9.18,10,2026-01-20 12:12:12.524746
BUY-1763965650521-001088,SELL-1763965655402-006669,EQUITY,214.62,50,2026-01-20 12:12:12.524758
BUY-1763965650528-005950,SELL-1763965655402-006669,EQUITY,214.62,211,2026-01-20 12:12:12.524763
BUY-1763965650528-005950,SELL-1763965655393-001867,EQUITY,253.82,85,2026-01-20 12:12:12.524774
BUY-1763965650529-007320,SELL-1763965655393-001867,EQUITY,253.82,88,2026-01-20 12:12:12.524779
BUY-1763965650529-007320,SELL-1763965655400-005144,EQUITY,297.07,76,2026-01-20 12:12:12.524790
BUY-1763965650524-003627,SELL-1763965655400-005144,EQUITY,297.07,11,2026-01-20 12:12:12.524795
BUY-1763965650528-006184,SELL-1763965655403-006994,FOREX,5.92,148,2026-01-20 12:12:12.524806
BUY-1763965650522-001852,SELL-1763965655403-006994,FOREX,5.92,406,2026-01-20 12:12:12.524812
BUY-1763965650529-007041,SELL-1763965655403-006994,FOREX,5.92,181,2026-01-20 12:12:12.524818
BUY-1763965650529-007041,SELL-1763965655393-001777,FOREX,1.85,402,2026-01-20 12:12:12.524848
BUY-1763965650526-004996,SELL-1763965655401-006076,CRYPTO,390.84,9,2026-01-20 12:12:12.524873
BUY-1763965650526-004996,SELL-1763965655400-005711,CRYPTO,942.6,17,2026-01-20 12:12:12.524884
BUY-1763965650524-003169,SELL-1763965655400-005711,CRYPTO,942.6,5,2026-01-20 12:12:12.524890
BUY-1763965650525-004170,SELL-1763965655400-005711,CRYPTO,942.6,21,2026-01-20 12:12:12.524894
BUY-1763965650526-004477,SELL-1763965655400-005711,CRYPTO,942.6,9,2026-01-20 12:12:12.524898
BUY-1763965650529-007041,SELL-1763965655400-005527,FOREX,8.4,290,2026-01-20 12:12:12.524916
BUY-1763965650528-006164,SELL-1763965655400-005527,FOREX,8.4,7,2026-01-20 12:12:12.524922
BUY-1763965650529-007444,SELL-1763965655400-005527,FOREX,8.4,109,2026-01-20 12:12:12.524927
BUY-1763965650526-004606,SELL-1763965655400-005527,FOREX,8.4,177,2026-01-20 12:12:12.524932
BUY-1763965650526-004606,SELL-1763965655403-007099,FOREX,8.5,622,2026-01-20 12:12:12.524936
BUY-1763965650524-003627,SELL-1763965655390-000239,EQUITY,150.0,16,2026-01-20 12:12:12.524949
BUY-1763965650524-003627,SELL-1763965655401-005811,EQUITY,290.81,17,2026-01-20 12:12:12.524960
BUY-1763965650524-003627,SELL-1763965655399-005063,EQUITY,151.18,35,2026-01-20 12:12:12.524971
BUY-1763965650521-001376,SELL-1763965655399-005063,EQUITY,151.18,194,2026-01-20 12:12:12.524977
BUY-1763965650524-003153,SELL-1763965655399-005063,EQUITY,151.18,130,2026-01-20 12:12:12.524982
BUY-1763965650524-003153,SELL-1763965655400-005515,EQUITY,331.52,48,2026-01-20 12:12:12.525011
BUY-1763965650527-005352,SELL-1763965655400-005515,EQUITY,331.52,112,2026-01-20 12:12:12.525017
BUY-1763965650522-001981,SELL-1763965655400-005515,EQUITY,331.52,46,2026-01-20 12:12:12.525022
BUY-1763965650523-002297,SELL-1763965655400-005515,EQUITY,331.52,33,2026-01-20 12:12:12.525026
BUY-1763965650526-004477,SELL-1763965655402-006577,CRYPTO,251.32,6,2026-01-20 12:12:12.525036
BUY-1763965650520-000977,SELL-1763965655402-006577,CRYPTO,251.32,15,2026-01-20 12:12:12.525041
BUY-1763965650522-001718,SELL-1763965655402-006577,CRYPTO,251.32,7,2026-01-20 12:12:12.525045
BUY-1763965650521-001078,SELL-1763965655402-006577,CRYPTO,251.32,8,2026-01-20 12:12:12.525049
BUY-1763965650523-002297,SELL-1763965655391-000605,EQUITY,74.38,164,2026-01-20 12:12:12.525060
BUY-1763965650524-003428,SELL-1763965655391-000605,EQUITY,74.38,76,2026-01-20 12:12:12.525065
BUY-1763965650523-002416,SELL-1763965655391-000605,EQUITY,74.38,185,2026-01-20 12:12:12.525069
BUY-1763965650525-003951,SELL-1763965655391-000605,EQUITY,74.38,8,2026-01-20 12:12:12.525073
BUY-1763965650525-004365,SELL-1763965655391-000605,EQUITY,74.38,33,2026-01-20 12:12:12.525078
BUY-1763965650527-005257,SELL-1763965655391-000605,EQUITY,74.38,206,2026-01-20 12:12:12.525083
BUY-1763965650518-000022,SELL-1763965655391-000605,EQUITY,74.38,37,2026-01-20 12:12:12.525087
BUY-1763965650527-005176,SELL-1763965655391-000605,EQUITY,74.38,71,2026-01-20 12:12:12.525092
BUY-1763965650522-001777,SELL-1763965655391-000605,EQUITY,74.38,95,2026-01-20 12:12:12.525103
BUY-1763965650522-001780,SELL-1763965655391-000605,EQUITY,74.38,4,2026-01-20 12:12:12.525107
BUY-1763965650527-005633,SELL-1763965655391-000605,EQUITY,74.38,48,2026-01-20 12:12:12.525111
BUY-1763965650526-004906,SELL-1763965655391-000605,EQUITY,74.38,15,2026-01-20 12:12:12.525116
BUY-1763965650526-004906,SELL-1763965655394-002377,EQUITY,287.95,59,2026-01-20 12:12:12.525127
BUY-1763965650529-007441,SELL-1763965655394-002377,EQUITY,287.95,102,2026-01-20 12:12:12.525132
BUY-1763965650529-007099,SELL-1763965655394-002377,EQUITY,287.95,89,2026-01-20 12:12:12.525136
BUY-1763965650527-005110,SELL-1763965655394-002377,EQUITY,287.95,89,2026-01-20 12:12:12.525140
BUY-1763965650526-004708,SELL-1763965655394-002377,EQUITY,287.95,7,2026-01-20 12:12:12.525145
BUY-1763965650526-004708,SELL-1763965655402-006940,EQUITY,324.89,142,2026-01-20 12:12:12.525163
BUY-1763965650526-004708,SELL-1763965655401-006254,EQUITY,275.78,45,2026-01-20 12:12:12.525174
BUY-1763965650525-003792,SELL-1763965655401-006254,EQUITY,275.78,22,2026-01-20 12:12:12.525179
BUY-1763965650528-006203,SELL-1763965655399-005108,FOREX,4.11,36,2026-01-20 12:12:12.525194
BUY-1763965650527-005296,SELL-1763965655399-005108,FOREX,4.11,73,2026-01-20 12:12:12.525199
BUY-1763965650527-005296,SELL-1763965655403-007099,FOREX,8.5,173,2026-01-20 12:12:12.525204
BUY-1763965650525-003792,SELL-1763965655401-006133,EQUITY,369.38,182,2026-01-20 12:12:12.525221
BUY-1763965650526-004762,SELL-1763965655401-006133,EQUITY,369.38,83,2026-01-20 12:12:12.525226
BUY-1763965650526-004762,SELL-1763965655400-005167,EQUITY,170.96,136,2026-01-20 12:12:12.525236
BUY-1763965650527-005296,SELL-1763965655399-004975,FOREX,7.36,320,2026-01-20 12:12:12.525246
BUY-1763965650527-005440,SELL-1763965655399-004975,FOREX,7.36,324,2026-01-20 12:12:12.525252
BUY-1763965650524-003191,SELL-1763965655399-004975,FOREX,7.36,125,2026-01-20 12:12:12.525256
BUY-1763965650522-001829,SELL-1763965655399-004975,FOREX,7.36,220,2026-01-20 12:12:12.525261
BUY-1763965650522-001829,SELL-1763965655402-006729,FOREX,2.9,72,2026-01-20 12:12:12.525272
BUY-1763965650521-001360,SELL-1763965655402-006729,FOREX,2.9,476,2026-01-20 12:12:12.525277
BUY-1763965650521-001360,SELL-1763965655398-004144,FOREX,8.73,417,2026-01-20 12:12:12.525281
BUY-1763965650525-004059,SELL-1763965655398-004144,FOREX,8.73,352,2026-01-20 12:12:12.525287
BUY-1763965650525-004059,SELL-1763965655396-003062,FOREX,9.18,208,2026-01-20 12:12:12.525291
BUY-1763965650527-005723,SELL-1763965655400-005114,FOREX,6.72,656,2026-01-20 12:12:12.525309
BUY-1763965650529-006710,SELL-1763965655400-005114,FOREX,6.72,82,2026-01-20 12:12:12.525315
BUY-1763965650529-006710,SELL-1763965655399-004713,FOREX,6.9,303,2026-01-20 12:12:12.525356
BUY-1763965650525-004033,SELL-1763965655399-004713,FOREX,6.9,45,2026-01-20 12:12:12.525361
BUY-1763965650526-004762,SELL-1763965655403-007154,EQUITY,254.14,44,2026-01-20 12:12:12.525375
BUY-1763965650520-000649,SELL-1763965655403-007154,EQUITY,254.14,74,2026-01-20 12:12:12.525385
BUY-1763965650520-000649,SELL-1763965655401-006214,EQUITY,190.48,10,2026-01-20 12:12:12.525401
BUY-1763965650525-004033,SELL-1763965655399-004715,FOREX,2.13,237,2026-01-20 12:12:12.525411
BUY-1763965650520-000649,SELL-1763965655400-005132,EQUITY,322.09,156,2026-01-20 12:12:12.525434
BUY-1763965650519-000264,SELL-1763965655395-002671,EQUITY,90.12,15,2026-01-20 12:12:12.525447
BUY-1763965650529-007201,SELL-1763965655395-002671,EQUITY,90.12,125,2026-01-20 12:12:12.525454
BUY-1763965650528-005925,SELL-1763965655395-002671,EQUITY,90.12,5,2026-01-20 12:12:12.525460
BUY-1763965650526-004843,SELL-1763965655395-002671,EQUITY,90.12,31,2026-01-20 12:12:12.525468
BUY-1763965650522-002027,SELL-1763965655395-002671,EQUITY,90.12,114,2026-01-20 12:12:12.525475
BUY-1763965650523-002720,SELL-1763965655395-002671,EQUITY,90.12,3,2026-01-20 12:12:12.525480
BUY-1763965650527-005443,SELL-1763965655395-002671,EQUITY,90.12,13,2026-01-20 12:12:12.525484
BUY-1763965650527-005443,SELL-1763965655399-004693,EQUITY,454.01,6,2026-01-20 12:12:12.525488
BUY-1763965650527-005443,SELL-1763965655400-005132,EQUITY,322.09,94,2026-01-20 12:12:12.525491
BUY-1763965650525-004065,SELL-1763965655400-005132,EQUITY,322.09,3,2026-01-20 12:12:12.525496
BUY-1763965650525-004033,SELL-1763965655399-004917,FOREX,1.85,324,2026-01-20 12:12:12.525517
BUY-1763965650529-006830,SELL-1763965655399-004917,FOREX,1.85,138,2026-01-20 12:12:12.525523
BUY-1763965650529-006830,SELL-1763965655402-006444,FOREX,3.32,184,2026-01-20 12:12:12.525533
BUY-1763965650521-001078,SELL-1763965655402-006650,CRYPTO,438.92,12,2026-01-20 12:12:12.525557
BUY-1763965650528-006403,SELL-1763965655402-006650,CRYPTO,438.92,8,2026-01-20 12:12:12.525563
BUY-1763965650520-000878,SELL-1763965655402-006650,CRYPTO,438.92,10,2026-01-20 12:12:12.525568
BUY-1763965650529-007141,SELL-1763965655402-006650,CRYPTO,438.92,11,2026-01-20 12:12:12.525572
BUY-1763965650529-006982,SELL-1763965655402-006650,CRYPTO,438.92,9,2026-01-20 12:12:12.525577
BUY-1763965650522-001971,SELL-1763965655402-006650,CRYPTO,438.92,10,2026-01-20 12:12:12.525582
BUY-1763965650522-002041,SELL-1763965655402-006650,CRYPTO,438.92,5,2026-01-20 12:12:12.525586
BUY-1763965650526-005029,SELL-1763965655402-006650,CRYPTO,438.92,13,2026-01-20 12:12:12.525591
BUY-1763965650528-005979,SELL-1763965655402-006650,CRYPTO,438.92,7,2026-01-20 12:12:12.525596
BUY-1763965650529-007344,SELL-1763965655402-006650,CRYPTO,438.92,6,2026-01-20 12:12:12.525600
BUY-1763965650522-002166,SELL-1763965655402-006650,CRYPTO,438.92,5,2026-01-20 12:12:12.525605
BUY-1763965650529-006830,SELL-1763965655400-005109,FOREX,1.16,201,2026-01-20 12:12:12.525622
BUY-1763965650523-002625,SELL-1763965655400-005109,FOREX,1.16,359,2026-01-20 12:12:12.525628
BUY-1763965650523-002625,SELL-1763965655396-003062,FOREX,9.18,510,2026-01-20 12:12:12.525631
BUY-1763965650526-004942,SELL-1763965655396-003062,FOREX,9.18,26,2026-01-20 12:12:12.525636
BUY-1763965650526-004942,SELL-1763965655402-006539,FOREX,9.09,22,2026-01-20 12:12:12.525645
BUY-1763965650526-004476,SELL-1763965655402-006539,FOREX,9.09,181,2026-01-20 12:12:12.525650
BUY-1763965650526-004476,SELL-1763965655401-005780,FOREX,9.01,691,2026-01-20 12:12:12.525654
BUY-1763965650526-004476,SELL-1763965655395-002948,FOREX,9.31,11,2026-01-20 12:12:12.525658
BUY-1763965650525-004065,SELL-1763965655399-004787,EQUITY,328.3,14,2026-01-20 12:12:12.525676
BUY-1763965650526-004832,SELL-1763965655399-004787,EQUITY,328.3,71,2026-01-20 12:12:12.525682
BUY-1763965650529-006937,SELL-1763965655399-004787,EQUITY,328.3,44,2026-01-20 12:12:12.525686
BUY-1763965650525-004314,SELL-1763965655399-004787,EQUITY,328.3,165,2026-01-20 12:12:12.525691
BUY-1763965650525-004314,SELL-1763965655395-002528,EQUITY,389.25,19,2026-01-20 12:12:12.525695
BUY-1763965650527-005462,SELL-1763965655395-002528,EQUITY,389.25,96,2026-01-20 12:12:12.525699
BUY-1763965650522-002166,SELL-1763965655393-001527,CRYPTO,1041.12,12,2026-01-20 12:12:12.525724
BUY-1763965650528-005810,SELL-1763965655393-001527,CRYPTO,1041.12,6,2026-01-20 12:12:12.525730
BUY-1763965650526-004476,SELL-1763965655398-004193,FOREX,2.11,45,2026-01-20 12:12:12.525748
BUY-1763965650519-000603,SELL-1763965655398-004193,FOREX,2.11,285,2026-01-20 12:12:12.525755
BUY-1763965650526-004485,SELL-1763965655398-004193,FOREX,2.11,307,2026-01-20 12:12:12.525760
BUY-1763965650521-001419,SELL-1763965655398-004193,FOREX,2.11,85,2026-01-20 12:12:12.525765
BUY-1763965650521-001419,SELL-1763965655393-001461,FOREX,6.73,841,2026-01-20 12:12:12.525776
BUY-1763965650525-004244,SELL-1763965655393-001461,FOREX,6.73,83,2026-01-20 12:12:12.525781
BUY-1763965650525-004244,SELL-1763965655399-004560,FOREX,9.43,193,2026-01-20 12:12:12.525797
BUY-1763965650527-005787,SELL-1763965655395-002704,EQUITY,290.01,153,2026-01-20 12:12:12.525814
BUY-1763965650521-001454,SELL-1763965655395-002704,EQUITY,290.01,120,2026-01-20 12:12:12.525820
BUY-1763965650529-006727,SELL-1763965655391-000545,FOREX,1.94,50,2026-01-20 12:12:12.525830
BUY-1763965650528-006316,SELL-1763965655391-000545,FOREX,1.94,10,2026-01-20 12:12:12.525836
BUY-1763965650528-005810,SELL-1763965655398-004474,CRYPTO,467.38,10,2026-01-20 12:12:12.525875
BUY-1763965650529-006670,SELL-1763965655398-004474,CRYPTO,467.38,10,2026-01-20 12:12:12.525880
BUY-1763965650524-003352,SELL-1763965655398-004474,CRYPTO,467.38,2,2026-01-20 12:12:12.525884
BUY-1763965650523-002338,SELL-1763965655398-004474,CRYPTO,467.38,7,2026-01-20 12:12:12.525888
BUY-1763965650523-002272,SELL-1763965655398-004474,CRYPTO,467.38,19,2026-01-20 12:12:12.525892
BUY-1763965650523-002823,SELL-1763965655398-004474,CRYPTO,467.38,2,2026-01-20 12:12:12.525897
BUY-1763965650527-005475,SELL-1763965655398-004474,CRYPTO,467.38,9,2026-01-20 12:12:12.525901
BUY-1763965650523-002788,SELL-1763965655398-004474,CRYPTO,467.38,5,2026-01-20 12:12:12.525905
BUY-1763965650528-006316,SELL-1763965655395-002594,FOREX,9.03,394,2026-01-20 12:12:12.525922
BUY-1763965650527-005358,SELL-1763965655395-002594,FOREX,9.03,6,2026-01-20 12:12:12.525930
BUY-1763965650527-005358,SELL-1763965655400-005687,FOREX,6.71,181,2026-01-20 12:12:12.525948
BUY-1763965650525-004249,SELL-1763965655400-005687,FOREX,6.71,206,2026-01-20 12:12:12.525953
BUY-1763965650523-002746,SELL-1763965655400-005687,FOREX,6.71,323,2026-01-20 12:12:12.525958
BUY-1763965650523-002746,SELL-1763965655394-002010,FOREX,2.84,227,2026-01-20 12:12:12.525973
BUY-1763965650523-002481,SELL-1763965655394-002010,FOREX,2.84,464,2026-01-20 12:12:12.525978
BUY-1763965650523-002788,SELL-1763965655396-003498,CRYPTO,363.94,11,2026-01-20 12:12:12.525989
BUY-1763965650522-001987,SELL-1763965655396-003498,CRYPTO,363.94,21,2026-01-20 12:12:12.525994
BUY-1763965650526-004564,SELL-1763965655396-003498,CRYPTO,363.94,11,2026-01-20 12:12:12.525999
BUY-1763965650521-001399,SELL-1763965655396-003498,CRYPTO,363.94,7,2026-01-20 12:12:12.526002
BUY-1763965650527-005532,SELL-1763965655396-003498,CRYPTO,363.94,2,2026-01-20 12:12:12.526026
BUY-1763965650526-004855,SELL-1763965655396-003498,CRYPTO,363.94,15,2026-01-20 12:12:12.526031
BUY-1763965650529-007249,SELL-1763965655396-003498,CRYPTO,363.94,15,2026-01-20 12:12:12.526035
BUY-1763965650526-004503,SELL-1763965655396-003498,CRYPTO,363.94,13,2026-01-20 12:12:12.526039
BUY-1763965650522-002167,SELL-1763965655396-003498,CRYPTO,363.94,14,2026-01-20 12:12:12.526043
BUY-1763965650522-001798,SELL-1763965655396-003498,CRYPTO,363.94,11,2026-01-20 12:12:12.526047
BUY-1763965650527-005469,SELL-1763965655396-003498,CRYPTO,363.94,3,2026-01-20 12:12:12.526051
BUY-1763965650521-001581,SELL-1763965655396-003498,CRYPTO,363.94,8,2026-01-20 12:12:12.526056
BUY-1763965650520-001002,SELL-1763965655396-003498,CRYPTO,363.94,4,2026-01-20 12:12:12.526060
BUY-1763965650523-002481,SELL-1763965655392-001085,FOREX,2.0,54,2026-01-20 12:12:12.526074
BUY-1763965650524-003101,SELL-1763965655392-001085,FOREX,2.0,359,2026-01-20 12:12:12.526079
BUY-1763965650524-003101,SELL-1763965655390-000271,FOREX,3.5,27,2026-01-20 12:12:12.526133
BUY-1763965650520-001002,SELL-1763965655401-005789,CRYPTO,640.52,32,2026-01-20 12:12:12.526145
BUY-1763965650521-001454,SELL-1763965655399-004761,EQUITY,359.12,79,2026-01-20 12:12:12.526174
BUY-1763965650529-007349,SELL-1763965655400-005240,EQUITY,124.59,265,2026-01-20 12:12:12.526211
BUY-1763965650526-004838,SELL-1763965655400-005240,EQUITY,124.59,167,2026-01-20 12:12:12.526217
BUY-1763965650526-004838,SELL-1763965655391-000681,EQUITY,221.49,45,2026-01-20 12:12:12.526232
BUY-1763965650523-002289,SELL-1763965655391-000681,EQUITY,221.49,114,2026-01-20 12:12:12.526237
BUY-1763965650523-002289,SELL-1763965655399-004761,EQUITY,359.12,3,2026-01-20 12:12:12.526240
BUY-1763965650524-003327,SELL-1763965655399-004761,EQUITY,359.12,148,2026-01-20 12:12:12.526245
BUY-1763965650522-002144,SELL-1763965655399-004761,EQUITY,359.12,33,2026-01-20 12:12:12.526249
BUY-1763965650522-002144,SELL-1763965655395-002528,EQUITY,389.25,78,2026-01-20 12:12:12.526259
BUY-1763965650522-002144,SELL-1763965655395-002602,EQUITY,272.25,59,2026-01-20 12:12:12.526277
BUY-1763965650529-006665,SELL-1763965655395-002602,EQUITY,272.25,4,2026-01-20 12:12:12.526285
BUY-1763965650524-003101,SELL-1763965655391-000496,FOREX,2.5,26,2026-01-20 12:12:12.526339
BUY-1763965650529-006665,SELL-1763965655400-005549,EQUITY,117.14,78,2026-01-20 12:12:12.526356
BUY-1763965650525-003892,SELL-1763965655400-005549,EQUITY,117.14,175,2026-01-20 12:12:12.526362
BUY-1763965650527-005337,SELL-1763965655400-005549,EQUITY,117.14,168,2026-01-20 12:12:12.526366
BUY-1763965650522-001797,SELL-1763965655400-005549,EQUITY,117.14,158,2026-01-20 12:12:12.526371
BUY-1763965650529-007125,SELL-1763965655400-005549,EQUITY,117.14,7,2026-01-20 12:12:12.526375
BUY-1763965650524-003101,SELL-1763965655400-005121,FOREX,8.16,105,2026-01-20 12:12:12.526400
BUY-1763965650524-003101,SELL-1763965655390-000070,FOREX,3.0,39,2026-01-20 12:12:12.526411
BUY-1763965650529-007125,SELL-1763965655400-005259,EQUITY,190.23,159,2026-01-20 12:12:12.526429
BUY-1763965650520-000812,SELL-1763965655400-005259,EQUITY,190.23,234,2026-01-20 12:12:12.526434
BUY-1763965650526-004707,SELL-1763965655400-005259,EQUITY,190.23,2,2026-01-20 12:12:12.526439
BUY-1763965650524-003101,SELL-1763965655400-005612,FOREX,3.05,51,2026-01-20 12:12:12.526450
BUY-1763965650522-002096,SELL-1763965655400-005612,FOREX,3.05,777,2026-01-20 12:12:12.526456
BUY-1763965650526-004707,SELL-1763965655390-000369,EQUITY,300.0,107,2026-01-20 12:12:12.526480
BUY-1763965650522-002096,SELL-1763965655396-003097,FOREX,8.36,112,2026-01-20 12:12:12.526508
BUY-1763965650524-003408,SELL-1763965655396-003097,FOREX,8.36,418,2026-01-20 12:12:12.526514
BUY-1763965650524-003408,SELL-1763965655393-001781,FOREX,9.07,114,2026-01-20 12:12:12.526518
BUY-1763965650524-003408,SELL-1763965655401-006116,FOREX,7.86,452,2026-01-20 12:12:12.526539
BUY-1763965650524-003029,SELL-1763965655401-006116,FOREX,7.86,487,2026-01-20 12:12:12.526545
BUY-1763965650524-003029,SELL-1763965655395-002605,FOREX,3.57,229,2026-01-20 12:12:12.526571
BUY-1763965650522-002091,SELL-1763965655395-002605,FOREX,3.57,103,2026-01-20 12:12:12.526577
BUY-1763965650526-004777,SELL-1763965655395-002605,FOREX,3.57,115,2026-01-20 12:12:12.526583
BUY-1763965650527-005669,SELL-1763965655395-002605,FOREX,3.57,158,2026-01-20 12:12:12.526588
BUY-1763965650528-005889,SELL-1763965655395-002605,FOREX,3.57,309,2026-01-20 12:12:12.526593
BUY-1763965650526-004911,SELL-1763965655395-002605,FOREX,3.57,72,2026-01-20 12:12:12.526598
BUY-1763965650526-004911,SELL-1763965655394-002355,FOREX,5.41,182,2026-01-20 12:12:12.526624
BUY-1763965650521-001267,SELL-1763965655394-002355,FOREX,5.41,75,2026-01-20 12:12:12.526631
BUY-1763965650526-004707,SELL-1763965655393-001557,EQUITY,292.69,163,2026-01-20 12:12:12.526643
BUY-1763965650529-007468,SELL-1763965655393-001557,EQUITY,292.69,9,2026-01-20 12:12:12.526648
BUY-1763965650525-003848,SELL-1763965655393-001557,EQUITY,292.69,94,2026-01-20 12:12:12.526660
BUY-1763965650525-003848,SELL-1763965655395-002829,EQUITY,343.1,19,2026-01-20 12:12:12.526664
BUY-1763965650529-007355,SELL-1763965655395-002829,EQUITY,343.1,83,2026-01-20 12:12:12.526669
BUY-1763965650521-001267,SELL-1763965655393-001695,FOREX,8.73,297,2026-01-20 12:12:12.526682
BUY-1763965650528-005912,SELL-1763965655393-001695,FOREX,8.73,44,2026-01-20 12:12:12.526688
BUY-1763965650529-007355,SELL-1763965655403-007482,EQUITY,84.13,149,2026-01-20 12:12:12.526706
BUY-1763965650524-002999,SELL-1763965655403-007482,EQUITY,84.13,125,2026-01-20 12:12:12.526711
BUY-1763965650527-005254,SELL-1763965655403-007482,EQUITY,84.13,61,2026-01-20 12:12:12.526716
BUY-1763965650525-004214,SELL-1763965655403-007482,EQUITY,84.13,5,2026-01-20 12:12:12.526720
BUY-1763965650529-006807,SELL-1763965655403-007482,EQUITY,84.13,159,2026-01-20 12:12:12.526725
BUY-1763965650527-005801,SELL-1763965655403-007482,EQUITY,84.13,147,2026-01-20 12:12:12.526730
BUY-1763965650522-001752,SELL-1763965655403-007482,EQUITY,84.13,70,2026-01-20 12:12:12.526735
BUY-1763965650522-001929,SELL-1763965655403-007482,EQUITY,84.13,173,2026-01-20 12:12:12.526739
BUY-1763965650527-005357,SELL-1763965655403-007482,EQUITY,84.13,40,2026-01-20 12:12:12.526744
BUY-1763965650527-005357,SELL-1763965655393-001841,EQUITY,380.49,17,2026-01-20 12:12:12.526748
BUY-1763965650527-005357,SELL-1763965655403-007136,EQUITY,436.84,88,2026-01-20 12:12:12.526752
BUY-1763965650525-003935,SELL-1763965655392-001285,FOREX,3.49,158,2026-01-20 12:12:12.526780
BUY-1763965650524-003309,SELL-1763965655392-001285,FOREX,3.49,514,2026-01-20 12:12:12.526786
BUY-1763965650524-003309,SELL-1763965655402-006735,FOREX,8.03,116,2026-01-20 12:12:12.526790
BUY-1763965650523-002682,SELL-1763965655402-006735,FOREX,8.03,367,2026-01-20 12:12:12.526795
BUY-1763965650523-002682,SELL-1763965655402-006748,FOREX,2.81,261,2026-01-20 12:12:12.526820
BUY-1763965650520-001002,SELL-1763965655399-004767,CRYPTO,920.14,8,2026-01-20 12:12:12.526838
BUY-1763965650522-001907,SELL-1763965655399-004767,CRYPTO,920.14,10,2026-01-20 12:12:12.526844
BUY-1763965650529-007427,SELL-1763965655399-004767,CRYPTO,920.14,4,2026-01-20 12:12:12.526849
BUY-1763965650521-001501,SELL-1763965655399-004767,CRYPTO,920.14,5,2026-01-20 12:12:12.526853
BUY-1763965650527-005198,SELL-1763965655399-004767,CRYPTO,920.14,7,2026-01-20 12:12:12.526858
BUY-1763965650527-005198,SELL-1763965655393-001534,CRYPTO,1131.06,12,2026-01-20 12:12:12.526861
BUY-1763965650522-002081,SELL-1763965655393-001534,CRYPTO,1131.06,19,2026-01-20 12:12:12.526866
BUY-1763965650524-003097,SELL-1763965655393-001534,CRYPTO,1131.06,1,2026-01-20 12:12:12.526870
BUY-1763965650523-002682,SELL-1763965655400-005605,FOREX,4.2,223,2026-01-20 12:12:12.526888
BUY-1763965650527-005439,SELL-1763965655400-005605,FOREX,4.2,45,2026-01-20 12:12:12.526894
BUY-1763965650524-003097,SELL-1763965655403-007474,CRYPTO,239.57,2,2026-01-20 12:12:12.526905
BUY-1763965650522-002033,SELL-1763965655403-007474,CRYPTO,239.57,1,2026-01-20 12:12:12.526915
BUY-1763965650527-005184,SELL-1763965655403-007474,CRYPTO,239.57,24,2026-01-20 12:12:12.526919
BUY-1763965650526-004850,SELL-1763965655403-007474,CRYPTO,239.57,8,2026-01-20 12:12:12.526923
BUY-1763965650524-002974,SELL-1763965655403-007474,CRYPTO,239.57,15,2026-01-20 12:12:12.526928
BUY-1763965650524-003239,SELL-1763965655403-007474,CRYPTO,239.57,8,2026-01-20 12:12:12.526932
BUY-1763965650520-000927,SELL-1763965655403-007474,CRYPTO,239.57,23,2026-01-20 12:12:12.526936
BUY-1763965650526-004761,SELL-1763965655403-007474,CRYPTO,239.57,2,2026-01-20 12:12:12.526940
BUY-1763965650528-006390,SELL-1763965655403-007474,CRYPTO,239.57,7,2026-01-20 12:12:12.526944
BUY-1763965650527-005705,SELL-1763965655403-007474,CRYPTO,239.57,9,2026-01-20 12:12:12.526948
BUY-1763965650525-004121,SELL-1763965655403-007474,CRYPTO,239.57,4,2026-01-20 12:12:12.526953
BUY-1763965650527-005439,SELL-1763965655390-000395,FOREX,3.5,57,2026-01-20 12:12:12.526986
BUY-1763965650527-005439,SELL-1763965655395-002527,FOREX,2.56,273,2026-01-20 12:12:12.527004
BUY-1763965650522-001927,SELL-1763965655395-002527,FOREX,2.56,178,2026-01-20 12:12:12.527009
BUY-1763965650522-001653,SELL-1763965655395-002527,FOREX,2.56,135,2026-01-20 12:12:12.527015
BUY-1763965650522-002040,SELL-1763965655395-002527,FOREX,2.56,102,2026-01-20 12:12:12.527020
BUY-1763965650528-006142,SELL-1763965655397-003529,EQUITY,277.37,211,2026-01-20 12:12:12.527045
BUY-1763965650528-006142,SELL-1763965655398-004266,EQUITY,177.45,76,2026-01-20 12:12:12.527057
BUY-1763965650524-003098,SELL-1763965655398-004266,EQUITY,177.45,18,2026-01-20 12:12:12.527062
BUY-1763965650525-004245,SELL-1763965655398-004266,EQUITY,177.45,87,2026-01-20 12:12:12.527067
BUY-1763965650529-006675,SELL-1763965655398-004266,EQUITY,177.45,73,2026-01-20 12:12:12.527071
BUY-1763965650527-005649,SELL-1763965655398-004266,EQUITY,177.45,7,2026-01-20 12:12:12.527076
BUY-1763965650527-005649,SELL-1763965655403-007426,EQUITY,312.27,53,2026-01-20 12:12:12.527080
BUY-1763965650527-005649,SELL-1763965655400-005296,EQUITY,329.58,184,2026-01-20 12:12:12.527083
BUY-1763965650522-001614,SELL-1763965655400-005296,EQUITY,329.58,28,2026-01-20 12:12:12.527088
BUY-1763965650522-001614,SELL-1763965655403-007136,EQUITY,436.84,41,2026-01-20 12:12:12.527091
BUY-1763965650522-001614,SELL-1763965655396-003095,EQUITY,401.58,35,2026-01-20 12:12:12.527095
BUY-1763965650526-004629,SELL-1763965655397-003621,EQUITY,51.31,221,2026-01-20 12:12:12.527108
BUY-1763965650523-002807,SELL-1763965655397-003621,EQUITY,51.31,65,2026-01-20 12:12:12.527115
BUY-1763965650523-002421,SELL-1763965655397-003621,EQUITY,51.31,187,2026-01-20 12:12:12.527120
BUY-1763965650520-000787,SELL-1763965655397-003621,EQUITY,51.31,31,2026-01-20 12:12:12.527126
BUY-1763965650522-002228,SELL-1763965655397-003621,EQUITY,51.31,56,2026-01-20 12:12:12.527134
BUY-1763965650528-006096,SELL-1763965655397-003621,EQUITY,51.31,249,2026-01-20 12:12:12.527141
BUY-1763965650528-006303,SELL-1763965655397-003621,EQUITY,51.31,8,2026-01-20 12:12:12.527155
BUY-1763965650528-006300,SELL-1763965655397-003621,EQUITY,51.31,53,2026-01-20 12:12:12.527160
BUY-1763965650528-006300,SELL-1763965655402-006612,EQUITY,120.82,64,2026-01-20 12:12:12.527177
BUY-1763965650528-006300,SELL-1763965655396-003095,EQUITY,401.58,3,2026-01-20 12:12:12.527181
BUY-1763965650525-004121,SELL-1763965655398-004195,CRYPTO,134.09,39,2026-01-20 12:12:12.527199
BUY-1763965650528-006427,SELL-1763965655398-004195,CRYPTO,134.09,15,2026-01-20 12:12:12.527204
BUY-1763965650529-007474,SELL-1763965655398-004195,CRYPTO,134.09,2,2026-01-20 12:12:12.527209
BUY-1763965650529-007157,SELL-1763965655398-004195,CRYPTO,134.09,5,2026-01-20 12:12:12.527213
BUY-1763965650525-004068,SELL-1763965655398-004195,CRYPTO,134.09,11,2026-01-20 12:12:12.527218
BUY-1763965650527-005505,SELL-1763965655398-004195,CRYPTO,134.09,12,2026-01-20 12:12:12.527222
BUY-1763965650521-001371,SELL-1763965655398-004195,CRYPTO,134.09,5,2026-01-20 12:12:12.527226
BUY-1763965650524-003149,SELL-1763965655398-004195,CRYPTO,134.09,9,2026-01-20 12:12:12.527230
BUY-1763965650521-001326,SELL-1763965655398-004195,CRYPTO,134.09,10,2026-01-20 12:12:12.527234
BUY-1763965650522-002026,SELL-1763965655398-004195,CRYPTO,134.09,4,2026-01-20 12:12:12.527238
BUY-1763965650528-005815,SELL-1763965655398-004195,CRYPTO,134.09,15,2026-01-20 12:12:12.527242
BUY-1763965650525-003710,SELL-1763965655398-004195,CRYPTO,134.09,12,2026-01-20 12:12:12.527246
BUY-1763965650527-005527,SELL-1763965655398-004195,CRYPTO,134.09,58,2026-01-20 12:12:12.527250
BUY-1763965650520-001000,SELL-1763965655398-004195,CRYPTO,134.09,8,2026-01-20 12:12:12.527255
BUY-1763965650519-000519,SELL-1763965655398-004195,CRYPTO,134.09,15,2026-01-20 12:12:12.527259
BUY-1763965650522-002040,SELL-1763965655393-001549,FOREX,3.16,15,2026-01-20 12:12:12.527271
BUY-1763965650519-000519,SELL-1763965655399-004711,CRYPTO,1377.52,9,2026-01-20 12:12:12.527306
BUY-1763965650521-001090,SELL-1763965655399-004711,CRYPTO,1377.52,10,2026-01-20 12:12:12.527311
BUY-1763965650526-004953,SELL-1763965655399-004711,CRYPTO,1377.52,3,2026-01-20 12:12:12.527315
BUY-1763965650522-002040,SELL-1763965655397-003518,FOREX,7.67,113,2026-01-20 12:12:12.527326
BUY-1763965650526-004953,SELL-1763965655399-004977,CRYPTO,257.2,14,2026-01-20 12:12:12.527351
BUY-1763965650524-003358,SELL-1763965655399-004977,CRYPTO,257.2,24,2026-01-20 12:12:12.527356
BUY-1763965650529-007049,SELL-1763965655399-004977,CRYPTO,257.2,14,2026-01-20 12:12:12.527360
BUY-1763965650525-004047,SELL-1763965655399-004977,CRYPTO,257.2,8,2026-01-20 12:12:12.527365
BUY-1763965650524-003011,SELL-1763965655399-004977,CRYPTO,257.2,7,2026-01-20 12:12:12.527369
BUY-1763965650529-006636,SELL-1763965655399-004977,CRYPTO,257.2,6,2026-01-20 12:12:12.527373
BUY-1763965650521-001478,SELL-1763965655399-004977,CRYPTO,257.2,10,2026-01-20 12:12:12.527377
BUY-1763965650529-006979,SELL-1763965655399-004977,CRYPTO,257.2,8,2026-01-20 12:12:12.527388
BUY-1763965650524-003099,SELL-1763965655399-004977,CRYPTO,257.2,4,2026-01-20 12:12:12.527390
BUY-1763965650529-007143,SELL-1763965655399-004977,CRYPTO,257.2,10,2026-01-20 12:12:12.527393
BUY-1763965650523-002826,SELL-1763965655399-004977,CRYPTO,257.2,4,2026-01-20 12:12:12.527396
BUY-1763965650527-005431,SELL-1763965655399-004977,CRYPTO,257.2,12,2026-01-20 12:12:12.527398
BUY-1763965650529-006902,SELL-1763965655399-004977,CRYPTO,257.2,14,2026-01-20 12:12:12.527401
BUY-1763965650527-005534,SELL-1763965655399-004977,CRYPTO,257.2,5,2026-01-20 12:12:12.527403
BUY-1763965650521-001296,SELL-1763965655399-004977,CRYPTO,257.2,11,2026-01-20 12:12:12.527406
BUY-1763965650523-002446,SELL-1763965655399-004977,CRYPTO,257.2,16,2026-01-20 12:12:12.527408
BUY-1763965650529-007387,SELL-1763965655399-004977,CRYPTO,257.2,2,2026-01-20 12:12:12.527411
BUY-1763965650523-002371,SELL-1763965655391-000607,EQUITY,260.9,76,2026-01-20 12:12:12.527419
BUY-1763965650521-001311,SELL-1763965655391-000607,EQUITY,260.9,45,2026-01-20 12:12:12.527422
BUY-1763965650524-002982,SELL-1763965655391-000607,EQUITY,260.9,83,2026-01-20 12:12:12.527428
BUY-1763965650529-007140,SELL-1763965655391-000607,EQUITY,260.9,144,2026-01-20 12:12:12.527431
BUY-1763965650529-007387,SELL-1763965655400-005447,CRYPTO,420.89,10,2026-01-20 12:12:12.527441
BUY-1763965650526-005073,SELL-1763965655400-005447,CRYPTO,420.89,6,2026-01-20 12:12:12.527444
BUY-1763965650528-005847,SELL-1763965655400-005447,CRYPTO,420.89,8,2026-01-20 12:12:12.527446
BUY-1763965650527-005304,SELL-1763965655400-005447,CRYPTO,420.89,3,2026-01-20 12:12:12.527449
BUY-1763965650525-004227,SELL-1763965655400-005447,CRYPTO,420.89,16,2026-01-20 12:12:12.527452
BUY-1763965650522-002194,SELL-1763965655400-005447,CRYPTO,420.89,6,2026-01-20 12:12:12.527454
BUY-1763965650520-000877,SELL-1763965655400-005447,CRYPTO,420.89,10,2026-01-20 12:12:12.527457
BUY-1763965650527-005706,SELL-1763965655400-005447,CRYPTO,420.89,5,2026-01-20 12:12:12.527459
BUY-1763965650527-005706,SELL-1763965655393-001795,CRYPTO,3125.13,1,2026-01-20 12:12:12.527462
BUY-1763965650527-005706,SELL-1763965655401-005968,CRYPTO,3186.18,1,2026-01-20 12:12:12.527464
BUY-1763965650522-002040,SELL-1763965655401-005943,FOREX,1.15,227,2026-01-20 12:12:12.527470
BUY-1763965650525-004322,SELL-1763965655401-005943,FOREX,1.15,124,2026-01-20 12:12:12.527474
BUY-1763965650529-007161,SELL-1763965655401-005943,FOREX,1.15,254,2026-01-20 12:12:12.527477
BUY-1763965650529-007140,SELL-1763965655395-002720,EQUITY,100.59,14,2026-01-20 12:12:12.527487
BUY-1763965650523-002711,SELL-1763965655395-002720,EQUITY,100.59,66,2026-01-20 12:12:12.527490
BUY-1763965650525-004286,SELL-1763965655395-002720,EQUITY,100.59,2,2026-01-20 12:12:12.527493
BUY-1763965650520-000680,SELL-1763965655395-002720,EQUITY,100.59,205,2026-01-20 12:12:12.527496
BUY-1763965650529-007161,SELL-1763965655392-001042,FOREX,3.84,336,2026-01-20 12:12:12.527506
BUY-1763965650527-005144,SELL-1763965655392-001042,FOREX,3.84,437,2026-01-20 12:12:12.527516
BUY-1763965650520-000784,SELL-1763965655403-007012,CRYPTO,807.75,22,2026-01-20 12:12:12.527531
BUY-1763965650522-001948,SELL-1763965655403-007012,CRYPTO,807.75,2,2026-01-20 12:12:12.527536
BUY-1763965650523-002315,SELL-1763965655403-007012,CRYPTO,807.75,7,2026-01-20 12:12:12.527540
BUY-1763965650528-005983,SELL-1763965655403-007012,CRYPTO,807.75,8,2026-01-20 12:12:12.527545
BUY-1763965650528-005983,SELL-1763965655401-005968,CRYPTO,3186.18,5,2026-01-20 12:12:12.527548
BUY-1763965650519-000346,SELL-1763965655392-001064,CRYPTO,1232.89,19,2026-01-20 12:12:12.527560
BUY-1763965650526-004589,SELL-1763965655392-001064,CRYPTO,1232.89,1,2026-01-20 12:12:12.527563
BUY-1763965650520-000680,SELL-1763965655401-006286,EQUITY,216.14,14,2026-01-20 12:12:12.527573
BUY-1763965650527-005618,SELL-1763965655401-006286,EQUITY,216.14,111,2026-01-20 12:12:12.527576
BUY-1763965650529-006842,SELL-1763965655401-006286,EQUITY,216.14,26,2026-01-20 12:12:12.527579
BUY-1763965650527-005144,SELL-1763965655393-001887,FOREX,2.74,99,2026-01-20 12:12:12.527585
BUY-1763965650527-005144,SELL-1763965655397-003716,FOREX,1.74,228,2026-01-20 12:12:12.527594
BUY-1763965650525-003867,SELL-1763965655397-003716,FOREX,1.74,192,2026-01-20 12:12:12.527598
BUY-1763965650529-006842,SELL-1763965655390-000093,EQUITY,150.0,54,2026-01-20 12:12:12.527610
BUY-1763965650529-006842,SELL-1763965655402-006587,EQUITY,176.12,243,2026-01-20 12:12:12.527616
BUY-1763965650526-004759,SELL-1763965655402-006587,EQUITY,176.12,56,2026-01-20 12:12:12.527619
BUY-1763965650526-004759,SELL-1763965655392-001136,EQUITY,378.41,19,2026-01-20 12:12:12.527621
BUY-1763965650526-004589,SELL-1763965655401-006114,CRYPTO,700.37,10,2026-01-20 12:12:12.527644
BUY-1763965650525-004383,SELL-1763965655401-006114,CRYPTO,700.37,8,2026-01-20 12:12:12.527647
BUY-1763965650525-004138,SELL-1763965655401-006114,CRYPTO,700.37,5,2026-01-20 12:12:12.527650
BUY-1763965650529-007084,SELL-1763965655401-006114,CRYPTO,700.37,9,2026-01-20 12:12:12.527653
BUY-1763965650529-007084,SELL-1763965655401-005968,CRYPTO,3186.18,3,2026-01-20 12:12:12.527655
BUY-1763965650524-003670,SELL-1763965655401-005968,CRYPTO,3186.18,3,2026-01-20 12:12:12.527657
BUY-1763965650524-003670,SELL-1763965655400-005416,CRYPTO,3210.8,8,2026-01-20 12:12:12.527660
BUY-1763965650525-003867,SELL-1763965655395-002925,FOREX,3.52,35,2026-01-20 12:12:12.527666
BUY-1763965650529-007092,SELL-1763965655392-001049,EQUITY,129.35,95,2026-01-20 12:12:12.527679
BUY-1763965650525-003867,SELL-1763965655396-003070,FOREX,1.28,246,2026-01-20 12:12:12.527685
BUY-1763965650522-001863,SELL-1763965655396-003070,FOREX,1.28,99,2026-01-20 12:12:12.527688
BUY-1763965650525-004060,SELL-1763965655396-003070,FOREX,1.28,517,2026-01-20 12:12:12.527692
BUY-1763965650525-004060,SELL-1763965655403-007015,FOREX,5.01,307,2026-01-20 12:12:12.527694
BUY-1763965650524-003440,SELL-1763965655403-007015,FOREX,5.01,354,2026-01-20 12:12:12.527697
BUY-1763965650523-002331,SELL-1763965655403-007015,FOREX,5.01,148,2026-01-20 12:12:12.527704
BUY-1763965650529-007092,SELL-1763965655400-005554,EQUITY,252.76,19,2026-01-20 12:12:12.527711
BUY-1763965650523-002331,SELL-1763965655395-002557,FOREX,1.45,12,2026-01-20 12:12:12.527723
BUY-1763965650527-005641,SELL-1763965655403-007211,CRYPTO,1245.67,8,2026-01-20 12:12:12.527752
BUY-1763965650522-002102,SELL-1763965655403-007211,CRYPTO,1245.67,13,2026-01-20 12:12:12.527755
BUY-1763965650526-004421,SELL-1763965655403-007211,CRYPTO,1245.67,3,2026-01-20 12:12:12.527757
BUY-1763965650524-003059,SELL-1763965655403-007211,CRYPTO,1245.67,3,2026-01-20 12:12:12.527760
BUY-1763965650523-002331,SELL-1763965655393-001660,FOREX,1.43,760,2026-01-20 12:12:12.527766
BUY-1763965650529-007130,SELL-1763965655393-001660,FOREX,1.43,77,2026-01-20 12:12:12.527769
BUY-1763965650529-007130,SELL-1763965655392-001376,FOREX,7.99,317,2026-01-20 12:12:12.527772
BUY-1763965650529-007130,SELL-1763965655402-006734,FOREX,3.61,419,2026-01-20 12:12:12.527778
BUY-1763965650529-007130,SELL-1763965655395-002658,FOREX,1.27,5,2026-01-20 12:12:12.527786
BUY-1763965650529-006983,SELL-1763965655395-002658,FOREX,1.27,670,2026-01-20 12:12:12.527789
BUY-1763965650525-003904,SELL-1763965655395-002658,FOREX,1.27,150,2026-01-20 12:12:12.527793
BUY-1763965650526-005049,SELL-1763965655398-004182,EQUITY,151.4,100,2026-01-20 12:12:12.527819
BUY-1763965650521-001085,SELL-1763965655398-004182,EQUITY,151.4,234,2026-01-20 12:12:12.527822
BUY-1763965650524-003059,SELL-1763965655402-006804,CRYPTO,729.79,8,2026-01-20 12:12:12.527829
BUY-1763965650521-001115,SELL-1763965655402-006804,CRYPTO,729.79,12,2026-01-20 12:12:12.527831
BUY-1763965650527-005420,SELL-1763965655402-006804,CRYPTO,729.79,5,2026-01-20 12:12:12.527834
BUY-1763965650520-000813,SELL-1763965655402-006804,CRYPTO,729.79,2,2026-01-20 12:12:12.527837
BUY-1763965650523-002842,SELL-1763965655402-006804,CRYPTO,729.79,13,2026-01-20 12:12:12.527839
BUY-1763965650523-002334,SELL-1763965655402-006804,CRYPTO,729.79,5,2026-01-20 12:12:12.527842
BUY-1763965650529-007391,SELL-1763965655402-006804,CRYPTO,729.79,6,2026-01-20 12:12:12.527844
BUY-1763965650525-003904,SELL-1763965655402-006355,FOREX,2.13,178,2026-01-20 12:12:12.527850
BUY-1763965650522-002235,SELL-1763965655402-006355,FOREX,2.13,133,2026-01-20 12:12:12.527853
BUY-1763965650520-000954,SELL-1763965655402-006355,FOREX,2.13,230,2026-01-20 12:12:12.527856
BUY-1763965650520-000903,SELL-1763965655402-006355,FOREX,2.13,51,2026-01-20 12:12:12.527859
BUY-1763965650520-000903,SELL-1763965655392-001199,FOREX,5.2,361,2026-01-20 12:12:12.527870
BUY-1763965650529-007097,SELL-1763965655392-001199,FOREX,5.2,305,2026-01-20 12:12:12.527874
BUY-1763965650523-002465,SELL-1763965655402-006466,EQUITY,65.95,413,2026-01-20 12:12:12.527885
BUY-1763965650529-007097,SELL-1763965655393-001700,FOREX,5.71,298,2026-01-20 12:12:12.527892
BUY-1763965650529-007391,SELL-1763965655398-004459,CRYPTO,714.85,3,2026-01-20 12:12:12.527934
BUY-1763965650520-000984,SELL-1763965655398-004459,CRYPTO,714.85,11,2026-01-20 12:12:12.527940
BUY-1763965650521-001450,SELL-1763965655398-004459,CRYPTO,714.85,1,2026-01-20 12:12:12.527944
BUY-1763965650528-006463,SELL-1763965655398-004459,CRYPTO,714.85,2,2026-01-20 12:12:12.527951
BUY-1763965650520-000868,SELL-1763965655398-004459,CRYPTO,714.85,10,2026-01-20 12:12:12.527954
BUY-1763965650523-002596,SELL-1763965655398-004459,CRYPTO,714.85,9,2026-01-20 12:12:12.527958
BUY-1763965650527-005560,SELL-1763965655398-004459,CRYPTO,714.85,9,2026-01-20 12:12:12.527961
BUY-1763965650524-003107,SELL-1763965655398-004459,CRYPTO,714.85,8,2026-01-20 12:12:12.527964
BUY-1763965650529-007097,SELL-1763965655401-005776,FOREX,3.8,9,2026-01-20 12:12:12.527970
BUY-1763965650529-007243,SELL-1763965655401-005776,FOREX,3.8,182,2026-01-20 12:12:12.527976
BUY-1763965650519-000500,SELL-1763965655401-005776,FOREX,3.8,656,2026-01-20 12:12:12.527980
BUY-1763965650519-000500,SELL-1763965655395-002695,FOREX,4.83,132,2026-01-20 12:12:12.527988
BUY-1763965650528-006245,SELL-1763965655395-002695,FOREX,4.83,662,2026-01-20 12:12:12.527991
BUY-1763965650524-003207,SELL-1763965655395-002695,FOREX,4.83,109,2026-01-20 12:12:12.527994
BUY-1763965650524-003207,SELL-1763965655392-001293,FOREX,4.97,228,2026-01-20 12:12:12.528031
BUY-1763965650523-002781,SELL-1763965655392-001293,FOREX,4.97,364,2026-01-20 12:12:12.528034
BUY-1763965650523-002781,SELL-1763965655393-001681,FOREX,3.25,277,2026-01-20 12:12:12.528062
BUY-1763965650520-001042,SELL-1763965655393-001681,FOREX,3.25,609,2026-01-20 12:12:12.528065
BUY-1763965650520-001042,SELL-1763965655403-007206,FOREX,3.72,288,2026-01-20 12:12:12.528071
BUY-1763965650528-005968,SELL-1763965655403-007206,FOREX,3.72,491,2026-01-20 12:12:12.528075
BUY-1763965650528-005968,SELL-1763965655392-001296,FOREX,5.0,62,2026-01-20 12:12:12.528086
BUY-1763965650528-005968,SELL-1763965655393-001748,FOREX,4.44,1,2026-01-20 12:12:12.528108
BUY-1763965650528-005968,SELL-1763965655402-006724,FOREX,4.06,410,2026-01-20 12:12:12.528133
BUY-1763965650528-005968,SELL-1763965655400-005413,FOREX,3.9,36,2026-01-20 12:12:12.528143
BUY-1763965650524-003262,SELL-1763965655400-005413,FOREX,3.9,327,2026-01-20 12:12:12.528146
BUY-1763965650526-004441,SELL-1763965655400-005413,FOREX,3.9,285,2026-01-20 12:12:12.528149
BUY-1763965650527-005403,SELL-1763965655400-005413,FOREX,3.9,136,2026-01-20 12:12:12.528152
BUY-1763965650528-005927,SELL-1763965655400-005413,FOREX,3.9,205,2026-01-20 12:12:12.528156
BUY-1763965650528-005927,SELL-1763965655397-003511,FOREX,7.36,732,2026-01-20 12:12:12.528158
BUY-1763965650521-001438,SELL-1763965655395-002888,FOREX,1.85,585,2026-01-20 12:12:12.528183
BUY-1763965650528-006036,SELL-1763965655395-002888,FOREX,1.85,218,2026-01-20 12:12:12.528187
BUY-1763965650528-006036,SELL-1763965655397-003720,FOREX,3.63,195,2026-01-20 12:12:12.528200
BUY-1763965650528-005966,SELL-1763965655397-003720,FOREX,3.63,617,2026-01-20 12:12:12.528207
BUY-1763965650528-005966,SELL-1763965655396-003356,FOREX,6.76,146,2026-01-20 12:12:12.528209
BUY-1763965650528-005966,SELL-1763965655396-003132,FOREX,1.2,59,2026-01-20 12:12:12.528219
BUY-1763965650529-006736,SELL-1763965655396-003132,FOREX,1.2,284,2026-01-20 12:12:12.528222
BUY-1763965650529-006736,SELL-1763965655396-003377,FOREX,7.99,245,2026-01-20 12:12:12.528238
BUY-1763965650524-003107,SELL-1763965655399-005089,CRYPTO,580.16,13,2026-01-20 12:12:12.528246
BUY-1763965650527-005516,SELL-1763965655399-005089,CRYPTO,580.16,3,2026-01-20 12:12:12.528248
BUY-1763965650527-005260,SELL-1763965655399-005089,CRYPTO,580.16,3,2026-01-20 12:12:12.528251
BUY-1763965650521-001167,SELL-1763965655399-005089,CRYPTO,580.16,8,2026-01-20 12:12:12.528253
BUY-1763965650522-001904,SELL-1763965655399-005089,CRYPTO,580.16,12,2026-01-20 12:12:12.528256
BUY-1763965650527-005109,SELL-1763965655399-005089,CRYPTO,580.16,8,2026-01-20 12:12:12.528259
BUY-1763965650527-005109,SELL-1763965655400-005416,CRYPTO,3210.8,2,2026-01-20 12:12:12.528261
BUY-1763965650521-001292,SELL-1763965655395-002760,CRYPTO,723.9,1,2026-01-20 12:12:12.528277
BUY-1763965650525-004177,SELL-1763965655402-006345,FOREX,6.87,52,2026-01-20 12:12:12.528283
BUY-1763965650525-004177,SELL-1763965655390-000363,FOREX,3.0,108,2026-01-20 12:12:12.528289
BUY-1763965650521-001292,SELL-1763965655397-003759,CRYPTO,522.53,5,2026-01-20 12:12:12.528299
BUY-1763965650529-006862,SELL-1763965655397-003759,CRYPTO,522.53,7,2026-01-20 12:12:12.528302
BUY-1763965650528-005958,SELL-1763965655397-003759,CRYPTO,522.53,17,2026-01-20 12:12:12.528304
BUY-1763965650529-007126,SELL-1763965655397-003759,CRYPTO,522.53,12,2026-01-20 12:12:12.528307
BUY-1763965650525-003768,SELL-1763965655397-003759,CRYPTO,522.53,3,2026-01-20 12:12:12.528310
BUY-1763965650524-003350,SELL-1763965655397-003759,CRYPTO,522.53,13,2026-01-20 12:12:12.528312
BUY-1763965650528-006223,SELL-1763965655397-003759,CRYPTO,522.53,1,2026-01-20 12:12:12.528315
BUY-1763965650528-006223,SELL-1763965655400-005416,CRYPTO,3210.8,3,2026-01-20 12:12:12.528317
BUY-1763965650528-006223,SELL-1763965655391-000639,CRYPTO,3324.88,6,2026-01-20 12:12:12.528320
BUY-1763965650525-004223,SELL-1763965655391-000639,CRYPTO,3324.88,2,2026-01-20 12:12:12.528322
BUY-1763965650525-004223,SELL-1763965655392-001048,CRYPTO,1477.01,9,2026-01-20 12:12:12.528324
BUY-1763965650525-004118,SELL-1763965655392-001048,CRYPTO,1477.01,12,2026-01-20 12:12:12.528327
BUY-1763965650523-002397,SELL-1763965655392-001048,CRYPTO,1477.01,2,2026-01-20 12:12:12.528330
BUY-1763965650524-003609,SELL-1763965655392-001048,CRYPTO,1477.01,3,2026-01-20 12:12:12.528332
BUY-1763965650524-003609,SELL-1763965655397-003668,CRYPTO,1064.78,8,2026-01-20 12:12:12.528334
BUY-1763965650524-003553,SELL-1763965655397-003668,CRYPTO,1064.78,11,2026-01-20 12:12:12.528337
BUY-1763965650521-001071,SELL-1763965655402-006675,CRYPTO,570.82,6,2026-01-20 12:12:12.528347
BUY-1763965650521-001157,SELL-1763965655402-006675,CRYPTO,570.82,17,2026-01-20 12:12:12.528353
BUY-1763965650520-000733,SELL-1763965655402-006675,CRYPTO,570.82,3,2026-01-20 12:12:12.528355
BUY-1763965650526-004426,SELL-1763965655402-006675,CRYPTO,570.82,15,2026-01-20 12:12:12.528358
BUY-1763965650522-001882,SELL-1763965655402-006675,CRYPTO,570.82,5,2026-01-20 12:12:12.528360
BUY-1763965650524-003490,SELL-1763965655402-006675,CRYPTO,570.82,7,2026-01-20 12:12:12.528363
BUY-1763965650522-001639,SELL-1763965655402-006675,CRYPTO,570.82,6,2026-01-20 12:12:12.528365
BUY-1763965650522-001814,SELL-1763965655402-006675,CRYPTO,570.82,3,2026-01-20 12:12:12.528368
BUY-1763965650522-001814,SELL-1763965655397-003668,CRYPTO,1064.78,4,2026-01-20 12:12:12.528370
BUY-1763965650522-001814,SELL-1763965655396-003082,CRYPTO,2220.5,2,2026-01-20 12:12:12.528372
BUY-1763965650525-004057,SELL-1763965655396-003082,CRYPTO,2220.5,1,2026-01-20 12:12:12.528375
BUY-1763965650525-004057,SELL-1763965655390-000044,CRYPTO,1000.0,7,2026-01-20 12:12:12.528377
BUY-1763965650522-002122,SELL-1763965655390-000044,CRYPTO,1000.0,15,2026-01-20 12:12:12.528379
BUY-1763965650522-001806,SELL-1763965655390-000044,CRYPTO,1000.0,4,2026-01-20 12:12:12.528382
BUY-1763965650522-001806,SELL-1763965655393-001589,CRYPTO,1722.17,11,2026-01-20 12:12:12.528384
BUY-1763965650522-001806,SELL-1763965655394-002075,CRYPTO,1612.75,2,2026-01-20 12:12:12.528386
BUY-1763965650529-006687,SELL-1763965655394-002075,CRYPTO,1612.75,14,2026-01-20 12:12:12.528389
BUY-1763965650529-007149,SELL-1763965655394-002075,CRYPTO,1612.75,9,2026-01-20 12:12:12.528391
BUY-1763965650529-007149,SELL-1763965655401-005765,CRYPTO,2448.32,5,2026-01-20 12:12:12.528394
BUY-1763965650523-002468,SELL-1763965655401-005765,CRYPTO,2448.32,6,2026-01-20 12:12:12.528396
BUY-1763965650523-002468,SELL-1763965655401-006278,CRYPTO,1535.2,8,2026-01-20 12:12:12.528398
BUY-1763965650521-001328,SELL-1763965655401-006278,CRYPTO,1535.2,7,2026-01-20 12:12:12.528401
BUY-1763965650525-003907,SELL-1763965655401-006278,CRYPTO,1535.2,6,2026-01-20 12:12:12.528403
BUY-1763965650524-003580,SELL-1763965655401-006278,CRYPTO,1535.2,7,2026-01-20 12:12:12.528406
BUY-1763965650524-003580,SELL-1763965655396-003250,CRYPTO,1407.9,17,2026-01-20 12:12:12.528410
BUY-1763965650521-001575,SELL-1763965655396-003250,CRYPTO,1407.9,9,2026-01-20 12:12:12.528413
BUY-1763965650525-004267,SELL-1763965655396-003250,CRYPTO,1407.9,1,2026-01-20 12:12:12.528416
BUY-1763965650525-004267,SELL-1763965655399-005065,CRYPTO,3248.0,2,2026-01-20 12:12:12.528418
BUY-1763965650522-002141,SELL-1763965655399-005065,CRYPTO,3248.0,2,2026-01-20 12:12:12.528421
BUY-1763965650522-002141,SELL-1763965655398-004499,CRYPTO,2234.16,5,2026-01-20 12:12:12.528424
BUY-1763965650525-004177,SELL-1763965655396-003375,FOREX,3.87,316,2026-01-20 12:12:12.528437
BUY-1763965650525-004177,SELL-1763965655399-004702,FOREX,3.12,313,2026-01-20 12:12:12.528454
BUY-1763965650523-002764,SELL-1763965655399-004702,FOREX,3.12,65,2026-01-20 12:12:12.528458
BUY-1763965650523-002764,SELL-1763965655396-003377,FOREX,7.99,339,2026-01-20 12:12:12.528462
BUY-1763965650523-002764,SELL-1763965655394-002042,FOREX,6.55,168,2026-01-20 12:12:12.528482
BUY-1763965650521-001524,SELL-1763965655394-002042,FOREX,6.55,62,2026-01-20 12:12:12.528485
BUY-1763965650523-002566,SELL-1763965655394-002042,FOREX,6.55,286,2026-01-20 12:12:12.528488
BUY-1763965650523-002465,SELL-1763965655398-004355,EQUITY,116.45,19,2026-01-20 12:12:12.528500
BUY-1763965650528-006563,SELL-1763965655398-004355,EQUITY,116.45,1,2026-01-20 12:12:12.528503
BUY-1763965650525-004025,SELL-1763965655395-002510,CRYPTO,187.81,8,2026-01-20 12:12:12.528509
BUY-1763965650521-001268,SELL-1763965655395-002510,CRYPTO,187.81,9,2026-01-20 12:12:12.528512
BUY-1763965650521-001250,SELL-1763965655395-002510,CRYPTO,187.81,12,2026-01-20 12:12:12.528515
BUY-1763965650525-004311,SELL-1763965655395-002510,CRYPTO,187.81,16,2026-01-20 12:12:12.528521
BUY-1763965650525-004284,SELL-1763965655395-002510,CRYPTO,187.81,1,2026-01-20 12:12:12.528524
BUY-1763965650528-005974,SELL-1763965655395-002510,CRYPTO,187.81,13,2026-01-20 12:12:12.528527
BUY-1763965650520-001047,SELL-1763965655395-002510,CRYPTO,187.81,1,2026-01-20 12:12:12.528529
BUY-1763965650528-005865,SELL-1763965655395-002510,CRYPTO,187.81,11,2026-01-20 12:12:12.528532
BUY-1763965650523-002616,SELL-1763965655395-002510,CRYPTO,187.81,3,2026-01-20 12:12:12.528534
BUY-1763965650527-005627,SELL-1763965655395-002510,CRYPTO,187.81,5,2026-01-20 12:12:12.528536
BUY-1763965650526-005041,SELL-1763965655395-002510,CRYPTO,187.81,2,2026-01-20 12:12:12.528539
BUY-1763965650523-002832,SELL-1763965655395-002510,CRYPTO,187.81,5,2026-01-20 12:12:12.528542
BUY-1763965650523-002809,SELL-1763965655395-002510,CRYPTO,187.81,3,2026-01-20 12:12:12.528544
BUY-1763965650522-001827,SELL-1763965655395-002510,CRYPTO,187.81,6,2026-01-20 12:12:12.528546
BUY-1763965650520-000679,SELL-1763965655395-002510,CRYPTO,187.81,30,2026-01-20 12:12:12.528550
BUY-1763965650528-006563,SELL-1763965655400-005540,EQUITY,130.31,408,2026-01-20 12:12:12.528561
BUY-1763965650520-000711,SELL-1763965655390-000049,EQUITY,150.0,27,2026-01-20 12:12:12.528567
BUY-1763965650520-000711,SELL-1763965655398-004182,EQUITY,151.4,274,2026-01-20 12:12:12.528571
BUY-1763965650523-002566,SELL-1763965655396-003451,FOREX,5.11,92,2026-01-20 12:12:12.528594
BUY-1763965650524-003322,SELL-1763965655396-003451,FOREX,5.11,216,2026-01-20 12:12:12.528597
BUY-1763965650520-000679,SELL-1763965655395-002632,CRYPTO,126.18,2,2026-01-20 12:12:12.528604
BUY-1763965650527-005642,SELL-1763965655395-002632,CRYPTO,126.18,10,2026-01-20 12:12:12.528607
BUY-1763965650526-004698,SELL-1763965655395-002632,CRYPTO,126.18,19,2026-01-20 12:12:12.528610
BUY-1763965650521-001109,SELL-1763965655395-002632,CRYPTO,126.18,2,2026-01-20 12:12:12.528612
BUY-1763965650525-003827,SELL-1763965655395-002632,CRYPTO,126.18,5,2026-01-20 12:12:12.528614
BUY-1763965650526-004498,SELL-1763965655395-002632,CRYPTO,126.18,7,2026-01-20 12:12:12.528617
BUY-1763965650526-004498,SELL-1763965655398-004499,CRYPTO,2234.16,2,2026-01-20 12:12:12.528623
BUY-1763965650522-001745,SELL-1763965655398-004499,CRYPTO,2234.16,7,2026-01-20 12:12:12.528626
BUY-1763965650522-001745,SELL-1763965655402-006821,CRYPTO,1834.49,4,2026-01-20 12:12:12.528628
BUY-1763965650520-000935,SELL-1763965655402-006821,CRYPTO,1834.49,5,2026-01-20 12:12:12.528630
BUY-1763965650521-001297,SELL-1763965655402-006821,CRYPTO,1834.49,7,2026-01-20 12:12:12.528633
BUY-1763965650529-006754,SELL-1763965655402-006821,CRYPTO,1834.49,1,2026-01-20 12:12:12.528635
BUY-1763965650521-001097,SELL-1763965655402-006821,CRYPTO,1834.49,9,2026-01-20 12:12:12.528638
BUY-1763965650523-002350,SELL-1763965655402-006799,CRYPTO,1832.14,3,2026-01-20 12:12:12.528641
BUY-1763965650523-002495,SELL-1763965655402-006799,CRYPTO,1832.14,12,2026-01-20 12:12:12.528644
BUY-1763965650527-005327,SELL-1763965655402-006799,CRYPTO,1832.14,1,2026-01-20 12:12:12.528646
BUY-1763965650527-005327,SELL-1763965655399-004989,CRYPTO,3285.17,2,2026-01-20 12:12:12.528649
BUY-1763965650527-005327,SELL-1763965655401-005924,CRYPTO,1506.8,8,2026-01-20 12:12:12.528651
BUY-1763965650524-003234,SELL-1763965655394-002043,FOREX,3.52,374,2026-01-20 12:12:12.528672
BUY-1763965650520-000711,SELL-1763965655391-000855,EQUITY,90.9,4,2026-01-20 12:12:12.528693
BUY-1763965650526-004558,SELL-1763965655391-000855,EQUITY,90.9,44,2026-01-20 12:12:12.528696
BUY-1763965650526-004558,SELL-1763965655394-002343,EQUITY,201.06,292,2026-01-20 12:12:12.528698
BUY-1763965650526-004558,SELL-1763965655394-002341,EQUITY,194.02,16,2026-01-20 12:12:12.528700
BUY-1763965650524-003234,SELL-1763965655403-007144,FOREX,3.49,321,2026-01-20 12:12:12.528713
BUY-1763965650520-000682,SELL-1763965655403-007144,FOREX,3.49,105,2026-01-20 12:12:12.528716
BUY-1763965650520-000682,SELL-1763965655396-003451,FOREX,5.11,475,2026-01-20 12:12:12.528718
BUY-1763965650529-006698,SELL-1763965655396-003451,FOREX,5.11,108,2026-01-20 12:12:12.528721
BUY-1763965650521-001413,SELL-1763965655394-002013,EQUITY,178.66,161,2026-01-20 12:12:12.528729
BUY-1763965650521-001413,SELL-1763965655395-002850,EQUITY,125.94,127,2026-01-20 12:12:12.528736
BUY-1763965650523-002951,SELL-1763965655395-002850,EQUITY,125.94,103,2026-01-20 12:12:12.528738
BUY-1763965650523-002733,SELL-1763965655395-002850,EQUITY,125.94,24,2026-01-20 12:12:12.528741
BUY-1763965650528-006596,SELL-1763965655395-002850,EQUITY,125.94,10,2026-01-20 12:12:12.528743
BUY-1763965650528-006596,SELL-1763965655394-002341,EQUITY,194.02,98,2026-01-20 12:12:12.528745
BUY-1763965650525-003724,SELL-1763965655394-002341,EQUITY,194.02,165,2026-01-20 12:12:12.528748
BUY-1763965650525-003724,SELL-1763965655402-006421,EQUITY,136.14,87,2026-01-20 12:12:12.528756
BUY-1763965650528-006205,SELL-1763965655402-006421,EQUITY,136.14,264,2026-01-20 12:12:12.528758
BUY-1763965650527-005422,SELL-1763965655402-006421,EQUITY,136.14,69,2026-01-20 12:12:12.528761
BUY-1763965650520-000748,SELL-1763965655402-006421,EQUITY,136.14,171,2026-01-20 12:12:12.528766
BUY-1763965650520-000748,SELL-1763965655390-000381,EQUITY,200.0,7,2026-01-20 12:12:12.528769
BUY-1763965650519-000409,SELL-1763965655390-000381,EQUITY,200.0,25,2026-01-20 12:12:12.528771
BUY-1763965650529-006698,SELL-1763965655392-000894,FOREX,1.7,39,2026-01-20 12:12:12.528797
BUY-1763965650521-001429,SELL-1763965655392-000894,FOREX,1.7,765,2026-01-20 12:12:12.528804
BUY-1763965650524-003045,SELL-1763965655392-000894,FOREX,1.7,16,2026-01-20 12:12:12.528810
BUY-1763965650523-002940,SELL-1763965655396-003120,EQUITY,55.58,472,2026-01-20 12:12:12.528833
BUY-1763965650528-006401,SELL-1763965655396-003120,EQUITY,55.58,170,2026-01-20 12:12:12.528836
BUY-1763965650528-005869,SELL-1763965655396-003120,EQUITY,55.58,113,2026-01-20 12:12:12.528839
BUY-1763965650525-004382,SELL-1763965655396-003120,EQUITY,55.58,113,2026-01-20 12:12:12.528841
BUY-1763965650524-003430,SELL-1763965655396-003120,EQUITY,55.58,43,2026-01-20 12:12:12.528844
BUY-1763965650524-003430,SELL-1763965655398-004376,EQUITY,134.55,75,2026-01-20 12:12:12.528867
BUY-1763965650524-003430,SELL-1763965655390-000381,EQUITY,200.0,60,2026-01-20 12:12:12.528869
BUY-1763965650524-003045,SELL-1763965655393-001536,FOREX,1.19,344,2026-01-20 12:12:12.528878
BUY-1763965650524-003430,SELL-1763965655401-006234,EQUITY,159.83,3,2026-01-20 12:12:12.528888
BUY-1763965650529-007034,SELL-1763965655401-006234,EQUITY,159.83,212,2026-01-20 12:12:12.528891
BUY-1763965650526-004801,SELL-1763965655401-006234,EQUITY,159.83,77,2026-01-20 12:12:12.528893
BUY-1763965650522-001875,SELL-1763965655401-006234,EQUITY,159.83,112,2026-01-20 12:12:12.528896
BUY-1763965650520-000690,SELL-1763965655401-006234,EQUITY,159.83,26,2026-01-20 12:12:12.528899
BUY-1763965650520-000690,SELL-1763965655400-005554,EQUITY,252.76,228,2026-01-20 12:12:12.528901
BUY-1763965650524-003045,SELL-1763965655398-004288,FOREX,1.09,334,2026-01-20 12:12:12.528911
BUY-1763965650529-007415,SELL-1763965655398-004288,FOREX,1.09,93,2026-01-20 12:12:12.528914
BUY-1763965650529-007415,SELL-1763965655399-004842,FOREX,6.54,80,2026-01-20 12:12:12.528916
BUY-1763965650529-007117,SELL-1763965655393-001429,EQUITY,82.54,375,2026-01-20 12:12:12.528942
BUY-1763965650529-006814,SELL-1763965655393-001429,EQUITY,82.54,14,2026-01-20 12:12:12.528945
BUY-1763965650524-003192,SELL-1763965655393-001429,EQUITY,82.54,43,2026-01-20 12:12:12.528948
BUY-1763965650528-006311,SELL-1763965655393-001429,EQUITY,82.54,58,2026-01-20 12:12:12.528950
BUY-1763965650528-006190,SELL-1763965655393-001429,EQUITY,82.54,7,2026-01-20 12:12:12.528953
BUY-1763965650529-007415,SELL-1763965655391-000753,FOREX,1.12,70,2026-01-20 12:12:12.528960
BUY-1763965650529-007415,SELL-1763965655397-003914,FOREX,7.66,43,2026-01-20 12:12:12.528963
BUY-1763965650520-000766,SELL-1763965655397-003914,FOREX,7.66,684,2026-01-20 12:12:12.528966
BUY-1763965650521-001502,SELL-1763965655397-003914,FOREX,7.66,203,2026-01-20 12:12:12.528969
BUY-1763965650528-006097,SELL-1763965655397-003914,FOREX,7.66,28,2026-01-20 12:12:12.528975
BUY-1763965650528-006097,SELL-1763965655393-001897,FOREX,6.24,761,2026-01-20 12:12:12.529002
BUY-1763965650528-006097,SELL-1763965655397-003511,FOREX,7.36,79,2026-01-20 12:12:12.529005
BUY-1763965650527-005621,SELL-1763965655397-003511,FOREX,7.36,94,2026-01-20 12:12:12.529008
BUY-1763965650527-005621,SELL-1763965655400-005301,FOREX,6.48,480,2026-01-20 12:12:12.529024
BUY-1763965650527-005621,SELL-1763965655393-001940,FOREX,7.74,39,2026-01-20 12:12:12.529026
BUY-1763965650528-006190,SELL-1763965655401-005815,EQUITY,206.0,106,2026-01-20 12:12:12.529032
BUY-1763965650522-002127,SELL-1763965655401-005815,EQUITY,206.0,221,2026-01-20 12:12:12.529035
BUY-1763965650526-004592,SELL-1763965655401-005815,EQUITY,206.0,28,2026-01-20 12:12:12.529038
BUY-1763965650526-004592,SELL-1763965655400-005554,EQUITY,252.76,71,2026-01-20 12:12:12.529040
BUY-1763965650526-004592,SELL-1763965655390-000338,EQUITY,100.0,18,2026-01-20 12:12:12.529058
BUY-1763965650526-004592,SELL-1763965655393-001487,EQUITY,221.41,117,2026-01-20 12:12:12.529060
BUY-1763965650527-005775,SELL-1763965655393-001487,EQUITY,221.41,24,2026-01-20 12:12:12.529063
BUY-1763965650527-005775,SELL-1763965655401-006207,EQUITY,168.97,129,2026-01-20 12:12:12.529069
BUY-1763965650527-005621,SELL-1763965655398-004015,FOREX,6.86,103,2026-01-20 12:12:12.529080
BUY-1763965650527-005621,SELL-1763965655396-003402,FOREX,4.48,230,2026-01-20 12:12:12.529092
BUY-1763965650527-005229,SELL-1763965655396-003402,FOREX,4.48,365,2026-01-20 12:12:12.529095
BUY-1763965650522-001767,SELL-1763965655396-003402,FOREX,4.48,332,2026-01-20 12:12:12.529099
BUY-1763965650527-005775,SELL-1763965655400-005559,EQUITY,153.59,146,2026-01-20 12:12:12.529120
BUY-1763965650519-000281,SELL-1763965655400-005559,EQUITY,153.59,61,2026-01-20 12:12:12.529123
BUY-1763965650522-001767,SELL-1763965655393-001538,FOREX,7.51,276,2026-01-20 12:12:12.529131
BUY-1763965650520-000794,SELL-1763965655393-001538,FOREX,7.51,469,2026-01-20 12:12:12.529134
BUY-1763965650519-000281,SELL-1763965655403-007081,EQUITY,75.64,33,2026-01-20 12:12:12.529150
BUY-1763965650529-007210,SELL-1763965655403-007081,EQUITY,75.64,230,2026-01-20 12:12:12.529153
BUY-1763965650528-006508,SELL-1763965655403-007081,EQUITY,75.64,295,2026-01-20 12:12:12.529156
BUY-1763965650519-000383,SELL-1763965655403-007081,EQUITY,75.64,52,2026-01-20 12:12:12.529160
BUY-1763965650525-004204,SELL-1763965655403-007081,EQUITY,75.64,151,2026-01-20 12:12:12.529162
BUY-1763965650525-004204,SELL-1763965655392-001090,EQUITY,164.75,299,2026-01-20 12:12:12.529172
BUY-1763965650524-003178,SELL-1763965655392-001090,EQUITY,164.75,191,2026-01-20 12:12:12.529175
BUY-1763965650520-000794,SELL-1763965655399-004940,FOREX,4.69,418,2026-01-20 12:12:12.529193
BUY-1763965650522-002223,SELL-1763965655399-004940,FOREX,4.69,296,2026-01-20 12:12:12.529197
BUY-1763965650522-002223,SELL-1763965655400-005587,FOREX,8.47,574,2026-01-20 12:12:12.529239
BUY-1763965650524-003178,SELL-1763965655393-001697,EQUITY,65.52,135,2026-01-20 12:12:12.529250
BUY-1763965650522-001820,SELL-1763965655393-001697,EQUITY,65.52,227,2026-01-20 12:12:12.529253
BUY-1763965650521-001259,SELL-1763965655393-001697,EQUITY,65.52,239,2026-01-20 12:12:12.529255
BUY-1763965650526-004414,SELL-1763965655393-001697,EQUITY,65.52,194,2026-01-20 12:12:12.529258
BUY-1763965650523-002959,SELL-1763965655393-001697,EQUITY,65.52,16,2026-01-20 12:12:12.529261
BUY-1763965650522-001688,SELL-1763965655401-006169,FOREX,4.33,258,2026-01-20 12:12:12.529270
BUY-1763965650522-001688,SELL-1763965655403-007129,FOREX,6.11,610,2026-01-20 12:12:12.529276
BUY-1763965650528-006004,SELL-1763965655403-007129,FOREX,6.11,106,2026-01-20 12:12:12.529280
BUY-1763965650528-006004,SELL-1763965655400-005587,FOREX,8.47,307,2026-01-20 12:12:12.529282
BUY-1763965650528-006004,SELL-1763965655397-003916,FOREX,8.48,171,2026-01-20 12:12:12.529284
BUY-1763965650527-005622,SELL-1763965655397-003916,FOREX,8.48,139,2026-01-20 12:12:12.529287
BUY-1763965650523-002959,SELL-1763965655392-000953,EQUITY,175.4,167,2026-01-20 12:12:12.529295
BUY-1763965650518-000118,SELL-1763965655392-000953,EQUITY,175.4,107,2026-01-20 12:12:12.529298
BUY-1763965650522-002199,SELL-1763965655392-000953,EQUITY,175.4,9,2026-01-20 12:12:12.529300
BUY-1763965650529-007365,SELL-1763965655392-000953,EQUITY,175.4,72,2026-01-20 12:12:12.529303
BUY-1763965650528-006143,SELL-1763965655392-000953,EQUITY,175.4,1,2026-01-20 12:12:12.529306
BUY-1763965650522-002147,SELL-1763965655392-000953,EQUITY,175.4,54,2026-01-20 12:12:12.529308
BUY-1763965650526-004671,SELL-1763965655392-000953,EQUITY,175.4,55,2026-01-20 12:12:12.529311
BUY-1763965650526-004671,SELL-1763965655399-004952,EQUITY,245.07,104,2026-01-20 12:12:12.529313
BUY-1763965650526-004671,SELL-1763965655397-003942,EQUITY,104.54,32,2026-01-20 12:12:12.529323
BUY-1763965650529-007450,SELL-1763965655397-003942,EQUITY,104.54,152,2026-01-20 12:12:12.529326
BUY-1763965650519-000340,SELL-1763965655397-003942,EQUITY,104.54,25,2026-01-20 12:12:12.529329
BUY-1763965650527-005671,SELL-1763965655397-003942,EQUITY,104.54,134,2026-01-20 12:12:12.529331
BUY-1763965650526-004984,SELL-1763965655397-003942,EQUITY,104.54,76,2026-01-20 12:12:12.529334
BUY-1763965650526-005032,SELL-1763965655397-003942,EQUITY,104.54,236,2026-01-20 12:12:12.529337
BUY-1763965650527-005562,SELL-1763965655397-003942,EQUITY,104.54,91,2026-01-20 12:12:12.529339
BUY-1763965650522-001765,SELL-1763965655397-003942,EQUITY,104.54,54,2026-01-20 12:12:12.529342
BUY-1763965650522-001847,SELL-1763965655397-003942,EQUITY,104.54,87,2026-01-20 12:12:12.529345
BUY-1763965650522-001847,SELL-1763965655395-002861,EQUITY,197.22,151,2026-01-20 12:12:12.529347
BUY-1763965650526-004964,SELL-1763965655392-000922,FOREX,7.77,150,2026-01-20 12:12:12.529356
BUY-1763965650526-004964,SELL-1763965655397-003681,FOREX,5.53,300,2026-01-20 12:12:12.529364
BUY-1763965650522-001782,SELL-1763965655397-003681,FOREX,5.53,162,2026-01-20 12:12:12.529367
BUY-1763965650522-001782,SELL-1763965655398-004186,FOREX,2.12,171,2026-01-20 12:12:12.529385
BUY-1763965650522-001847,SELL-1763965655392-001281,EQUITY,151.28,32,2026-01-20 12:12:12.529401
BUY-1763965650528-006073,SELL-1763965655392-001281,EQUITY,151.28,13,2026-01-20 12:12:12.529404
BUY-1763965650526-004557,SELL-1763965655392-001281,EQUITY,151.28,110,2026-01-20 12:12:12.529407
BUY-1763965650526-004557,SELL-1763965655402-006445,EQUITY,107.26,6,2026-01-20 12:12:12.529418
BUY-1763965650525-003845,SELL-1763965655402-006445,EQUITY,107.26,34,2026-01-20 12:12:12.529421
BUY-1763965650524-003562,SELL-1763965655402-006445,EQUITY,107.26,9,2026-01-20 12:12:12.529424
BUY-1763965650526-004387,SELL-1763965655402-006445,EQUITY,107.26,282,2026-01-20 12:12:12.529427
BUY-1763965650524-003123,SELL-1763965655402-006445,EQUITY,107.26,116,2026-01-20 12:12:12.529429
BUY-1763965650520-000990,SELL-1763965655402-006445,EQUITY,107.26,202,2026-01-20 12:12:12.529432
BUY-1763965650529-006950,SELL-1763965655402-006445,EQUITY,107.26,49,2026-01-20 12:12:12.529435
BUY-1763965650529-006950,SELL-1763965655401-006324,EQUITY,96.11,7,2026-01-20 12:12:12.529447
BUY-1763965650524-003425,SELL-1763965655401-006324,EQUITY,96.11,108,2026-01-20 12:12:12.529450
BUY-1763965650525-004049,SELL-1763965655401-006324,EQUITY,96.11,72,2026-01-20 12:12:12.529453
BUY-1763965650523-002817,SELL-1763965655401-006324,EQUITY,96.11,107,2026-01-20 12:12:12.529455
BUY-1763965650523-002586,SELL-1763965655401-006324,EQUITY,96.11,7,2026-01-20 12:12:12.529458
BUY-1763965650523-002586,SELL-1763965655396-003168,EQUITY,53.62,350,2026-01-20 12:12:12.529464
BUY-1763965650523-002776,SELL-1763965655396-003168,EQUITY,53.62,165,2026-01-20 12:12:12.529466
BUY-1763965650522-001782,SELL-1763965655390-000090,FOREX,2.0,40,2026-01-20 12:12:12.529476
BUY-1763965650523-002776,SELL-1763965655392-000994,EQUITY,266.26,9,2026-01-20 12:12:12.529482
BUY-1763965650523-002540,SELL-1763965655392-000994,EQUITY,266.26,228,2026-01-20 12:12:12.529485
BUY-1763965650522-001782,SELL-1763965655397-003561,FOREX,2.28,60,2026-01-20 12:12:12.529507
BUY-1763965650523-002540,SELL-1763965655397-003666,EQUITY,109.73,54,2026-01-20 12:12:12.529554
BUY-1763965650526-004765,SELL-1763965655397-003666,EQUITY,109.73,267,2026-01-20 12:12:12.529557
BUY-1763965650526-004696,SELL-1763965655397-003666,EQUITY,109.73,211,2026-01-20 12:12:12.529560
BUY-1763965650522-001782,SELL-1763965655391-000575,FOREX,3.57,496,2026-01-20 12:12:12.529569
BUY-1763965650528-006441,SELL-1763965655391-000575,FOREX,3.57,445,2026-01-20 12:12:12.529572
BUY-1763965650526-004696,SELL-1763965655400-005305,EQUITY,66.94,192,2026-01-20 12:12:12.529585
BUY-1763965650522-001807,SELL-1763965655400-005305,EQUITY,66.94,96,2026-01-20 12:12:12.529588
BUY-1763965650528-006601,SELL-1763965655400-005305,EQUITY,66.94,120,2026-01-20 12:12:12.529590
BUY-1763965650522-002186,SELL-1763965655400-005305,EQUITY,66.94,224,2026-01-20 12:12:12.529593
BUY-1763965650524-003232,SELL-1763965655400-005305,EQUITY,66.94,42,2026-01-20 12:12:12.529599
BUY-1763965650524-003177,SELL-1763965655400-005305,EQUITY,66.94,174,2026-01-20 12:12:12.529602
BUY-1763965650528-006441,SELL-1763965655402-006470,FOREX,6.93,216,2026-01-20 12:12:12.529636
BUY-1763965650526-004884,SELL-1763965655402-006470,FOREX,6.93,61,2026-01-20 12:12:12.529640
BUY-1763965650523-002831,SELL-1763965655402-006470,FOREX,6.93,188,2026-01-20 12:12:12.529645
BUY-1763965650521-001532,SELL-1763965655394-001970,FOREX,5.29,405,2026-01-20 12:12:12.529680
BUY-1763965650524-003545,SELL-1763965655394-001970,FOREX,5.29,38,2026-01-20 12:12:12.529684
BUY-1763965650520-000798,SELL-1763965655394-001970,FOREX,5.29,341,2026-01-20 12:12:12.529687
BUY-1763965650520-000798,SELL-1763965655402-006470,FOREX,6.93,204,2026-01-20 12:12:12.529689
BUY-1763965650520-000798,SELL-1763965655398-004169,FOREX,8.15,113,2026-01-20 12:12:12.529691
BUY-1763965650520-000798,SELL-1763965655396-003488,FOREX,6.44,188,2026-01-20 12:12:12.529693
BUY-1763965650526-004993,SELL-1763965655396-003488,FOREX,6.44,428,2026-01-20 12:12:12.529697
BUY-1763965650524-003177,SELL-1763965655403-007230,EQUITY,53.57,27,2026-01-20 12:12:12.529703
BUY-1763965650529-007396,SELL-1763965655403-007230,EQUITY,53.57,173,2026-01-20 12:12:12.529706
BUY-1763965650527-005438,SELL-1763965655403-007230,EQUITY,53.57,495,2026-01-20 12:12:12.529709
BUY-1763965650519-000299,SELL-1763965655403-007230,EQUITY,53.57,101,2026-01-20 12:12:12.529711
BUY-1763965650520-001050,SELL-1763965655403-007230,EQUITY,53.57,116,2026-01-20 12:12:12.529714
BUY-1763965650526-004993,SELL-1763965655394-002012,FOREX,4.25,139,2026-01-20 12:12:12.529720
BUY-1763965650526-004733,SELL-1763965655394-002012,FOREX,4.25,574,2026-01-20 12:12:12.529724
BUY-1763965650526-004733,SELL-1763965655396-003439,FOREX,6.19,181,2026-01-20 12:12:12.529733
BUY-1763965650523-002945,SELL-1763965655396-003439,FOREX,6.19,193,2026-01-20 12:12:12.529736
BUY-1763965650527-005201,SELL-1763965655396-003439,FOREX,6.19,511,2026-01-20 12:12:12.529739
BUY-1763965650520-000936,SELL-1763965655399-004577,CRYPTO,187.52,131,2026-01-20 12:12:12.529751
BUY-1763965650527-005201,SELL-1763965655394-002306,FOREX,3.65,464,2026-01-20 12:12:12.529779
BUY-1763965650527-005628,SELL-1763965655394-002306,FOREX,3.65,287,2026-01-20 12:12:12.529785
BUY-1763965650527-005628,SELL-1763965655393-001848,FOREX,6.7,136,2026-01-20 12:12:12.529799
BUY-1763965650527-005222,SELL-1763965655392-001258,FOREX,1.56,165,2026-01-20 12:12:12.529862
BUY-1763965650520-000936,SELL-1763965655402-006677,CRYPTO,223.89,20,2026-01-20 12:12:12.529873
BUY-1763965650527-005196,SELL-1763965655402-006677,CRYPTO,223.89,25,2026-01-20 12:12:12.529878
BUY-1763965650521-001077,SELL-1763965655402-006677,CRYPTO,223.89,14,2026-01-20 12:12:12.529883
BUY-1763965650521-001077,SELL-1763965655403-007235,CRYPTO,385.11,1,2026-01-20 12:12:12.529887
BUY-1763965650520-000998,SELL-1763965655403-007235,CRYPTO,385.11,43,2026-01-20 12:12:12.529891
BUY-1763965650520-000998,SELL-1763965655396-003358,CRYPTO,396.46,13,2026-01-20 12:12:12.529900
BUY-1763965650528-005920,SELL-1763965655396-003358,CRYPTO,396.46,14,2026-01-20 12:12:12.529905
BUY-1763965650523-002797,SELL-1763965655396-003358,CRYPTO,396.46,2,2026-01-20 12:12:12.529909
BUY-1763965650529-006935,SELL-1763965655396-003358,CRYPTO,396.46,4,2026-01-20 12:12:12.529914
BUY-1763965650526-004601,SELL-1763965655396-003358,CRYPTO,396.46,1,2026-01-20 12:12:12.529919
BUY-1763965650522-001853,SELL-1763965655396-003358,CRYPTO,396.46,10,2026-01-20 12:12:12.529923
BUY-1763965650522-001756,SELL-1763965655396-003358,CRYPTO,396.46,9,2026-01-20 12:12:12.529928
BUY-1763965650525-004062,SELL-1763965655396-003358,CRYPTO,396.46,12,2026-01-20 12:12:12.529932
BUY-1763965650525-003726,SELL-1763965655396-003358,CRYPTO,396.46,1,2026-01-20 12:12:12.529937
BUY-1763965650527-005402,SELL-1763965655396-003358,CRYPTO,396.46,1,2026-01-20 12:12:12.529941
BUY-1763965650523-002794,SELL-1763965655396-003358,CRYPTO,396.46,5,2026-01-20 12:12:12.529945
BUY-1763965650520-001025,SELL-1763965655396-003358,CRYPTO,396.46,11,2026-01-20 12:12:12.529950
BUY-1763965650527-005577,SELL-1763965655396-003358,CRYPTO,396.46,1,2026-01-20 12:12:12.529954
BUY-1763965650527-005577,SELL-1763965655401-006232,CRYPTO,657.84,13,2026-01-20 12:12:12.529958
BUY-1763965650528-006369,SELL-1763965655401-006232,CRYPTO,657.84,2,2026-01-20 12:12:12.529962
BUY-1763965650526-004729,SELL-1763965655401-006232,CRYPTO,657.84,14,2026-01-20 12:12:12.529966
BUY-1763965650524-003523,SELL-1763965655401-006232,CRYPTO,657.84,4,2026-01-20 12:12:12.529970
BUY-1763965650527-005231,SELL-1763965655401-006232,CRYPTO,657.84,3,2026-01-20 12:12:12.529974
BUY-1763965650522-002076,SELL-1763965655397-003579,CRYPTO,1855.99,9,2026-01-20 12:12:12.529979
BUY-1763965650524-003631,SELL-1763965655397-003579,CRYPTO,1855.99,2,2026-01-20 12:12:12.529982
BUY-1763965650524-003631,SELL-1763965655396-003207,CRYPTO,434.6,1,2026-01-20 12:12:12.529984
BUY-1763965650529-006866,SELL-1763965655396-003207,CRYPTO,434.6,16,2026-01-20 12:12:12.529987
BUY-1763965650522-001809,SELL-1763965655396-003207,CRYPTO,434.6,4,2026-01-20 12:12:12.529990
BUY-1763965650527-005222,SELL-1763965655400-005409,FOREX,3.57,238,2026-01-20 12:12:12.530023
BUY-1763965650524-003606,SELL-1763965655400-005409,FOREX,3.57,594,2026-01-20 12:12:12.530039
BUY-1763965650524-003606,SELL-1763965655393-001848,FOREX,6.7,99,2026-01-20 12:12:12.530046
BUY-1763965650529-007417,SELL-1763965655393-001848,FOREX,6.7,37,2026-01-20 12:12:12.530049
BUY-1763965650527-005325,SELL-1763965655393-001848,FOREX,6.7,596,2026-01-20 12:12:12.530052
BUY-1763965650527-005325,SELL-1763965655392-001157,FOREX,7.9,300,2026-01-20 12:12:12.530055
BUY-1763965650522-001809,SELL-1763965655396-003428,CRYPTO,232.55,13,2026-01-20 12:12:12.530102
BUY-1763965650529-007038,SELL-1763965655396-003428,CRYPTO,232.55,22,2026-01-20 12:12:12.530107
BUY-1763965650528-006022,SELL-1763965655396-003428,CRYPTO,232.55,7,2026-01-20 12:12:12.530112
BUY-1763965650528-006285,SELL-1763965655396-003428,CRYPTO,232.55,13,2026-01-20 12:12:12.530120
BUY-1763965650525-004045,SELL-1763965655396-003428,CRYPTO,232.55,3,2026-01-20 12:12:12.530124
BUY-1763965650529-007487,SELL-1763965655396-003428,CRYPTO,232.55,1,2026-01-20 12:12:12.530128
BUY-1763965650528-005866,SELL-1763965655396-003428,CRYPTO,232.55,15,2026-01-20 12:12:12.530132
BUY-1763965650520-000708,SELL-1763965655396-003428,CRYPTO,232.55,7,2026-01-20 12:12:12.530135
BUY-1763965650529-006768,SELL-1763965655396-003428,CRYPTO,232.55,16,2026-01-20 12:12:12.530138
BUY-1763965650522-002008,SELL-1763965655396-003428,CRYPTO,232.55,5,2026-01-20 12:12:12.530140
BUY-1763965650525-004154,SELL-1763965655396-003428,CRYPTO,232.55,3,2026-01-20 12:12:12.530143
BUY-1763965650523-002657,SELL-1763965655396-003428,CRYPTO,232.55,12,2026-01-20 12:12:12.530145
BUY-1763965650525-003998,SELL-1763965655396-003428,CRYPTO,232.55,8,2026-01-20 12:12:12.530150
BUY-1763965650527-005480,SELL-1763965655396-003428,CRYPTO,232.55,13,2026-01-20 12:12:12.530152
BUY-1763965650521-001199,SELL-1763965655396-003428,CRYPTO,232.55,9,2026-01-20 12:12:12.530155
BUY-1763965650523-002454,SELL-1763965655396-003428,CRYPTO,232.55,12,2026-01-20 12:12:12.530157
BUY-1763965650529-007342,SELL-1763965655396-003428,CRYPTO,232.55,33,2026-01-20 12:12:12.530160
BUY-1763965650523-002941,SELL-1763965655396-003428,CRYPTO,232.55,8,2026-01-20 12:12:12.530162
BUY-1763965650525-004202,SELL-1763965655396-003428,CRYPTO,232.55,2,2026-01-20 12:12:12.530165
BUY-1763965650525-004202,SELL-1763965655393-001928,CRYPTO,825.72,4,2026-01-20 12:12:12.530167
BUY-1763965650525-004202,SELL-1763965655399-004862,CRYPTO,2023.23,14,2026-01-20 12:12:12.530169
BUY-1763965650527-005292,SELL-1763965655401-006168,CRYPTO,662.52,11,2026-01-20 12:12:12.530172
BUY-1763965650526-004622,SELL-1763965655401-006168,CRYPTO,662.52,11,2026-01-20 12:12:12.530175
BUY-1763965650527-005458,SELL-1763965655401-006168,CRYPTO,662.52,6,2026-01-20 12:12:12.530177
BUY-1763965650521-001440,SELL-1763965655400-005216,FOREX,1.85,956,2026-01-20 12:12:12.530197
BUY-1763965650521-001440,SELL-1763965655392-001057,FOREX,6.72,39,2026-01-20 12:12:12.530203
BUY-1763965650526-004530,SELL-1763965655392-001057,FOREX,6.72,151,2026-01-20 12:12:12.530207
BUY-1763965650527-005613,SELL-1763965655392-001057,FOREX,6.72,116,2026-01-20 12:12:12.530210
BUY-1763965650527-005214,SELL-1763965655392-001057,FOREX,6.72,13,2026-01-20 12:12:12.530213
BUY-1763965650527-005214,SELL-1763965655394-002007,FOREX,2.73,651,2026-01-20 12:12:12.530223
BUY-1763965650527-005214,SELL-1763965655402-006658,FOREX,1.21,1,2026-01-20 12:12:12.530229
BUY-1763965650527-005214,SELL-1763965655390-000344,FOREX,2.5,56,2026-01-20 12:12:12.530235
BUY-1763965650520-001050,SELL-1763965655399-004817,EQUITY,154.91,25,2026-01-20 12:12:12.530241
BUY-1763965650527-005214,SELL-1763965655401-005809,FOREX,6.0,50,2026-01-20 12:12:12.530265
BUY-1763965650521-001081,SELL-1763965655401-005809,FOREX,6.0,437,2026-01-20 12:12:12.530271
BUY-1763965650529-007288,SELL-1763965655401-005809,FOREX,6.0,96,2026-01-20 12:12:12.530281
BUY-1763965650529-007288,SELL-1763965655392-001157,FOREX,7.9,69,2026-01-20 12:12:12.530285
BUY-1763965650529-007288,SELL-1763965655403-007113,FOREX,6.79,586,2026-01-20 12:12:12.530288
BUY-1763965650527-005393,SELL-1763965655403-007113,FOREX,6.79,132,2026-01-20 12:12:12.530293
BUY-1763965650527-005393,SELL-1763965655391-000776,FOREX,2.39,816,2026-01-20 12:12:12.530305
BUY-1763965650527-005393,SELL-1763965655402-006818,FOREX,6.62,9,2026-01-20 12:12:12.530320
BUY-1763965650527-005393,SELL-1763965655397-003704,FOREX,3.42,43,2026-01-20 12:12:12.530344
BUY-1763965650522-001801,SELL-1763965655397-003704,FOREX,3.42,94,2026-01-20 12:12:12.530347
BUY-1763965650522-001801,SELL-1763965655393-001724,FOREX,1.62,51,2026-01-20 12:12:12.530370
BUY-1763965650527-005458,SELL-1763965655393-001767,CRYPTO,202.78,7,2026-01-20 12:12:12.530388
BUY-1763965650521-001060,SELL-1763965655393-001767,CRYPTO,202.78,4,2026-01-20 12:12:12.530393
BUY-1763965650525-003857,SELL-1763965655393-001767,CRYPTO,202.78,3,2026-01-20 12:12:12.530427
BUY-1763965650523-002750,SELL-1763965655393-001767,CRYPTO,202.78,9,2026-01-20 12:12:12.530484
BUY-1763965650524-002980,SELL-1763965655393-001767,CRYPTO,202.78,12,2026-01-20 12:12:12.530497
BUY-1763965650524-003382,SELL-1763965655393-001767,CRYPTO,202.78,16,2026-01-20 12:12:12.530504
BUY-1763965650527-005658,SELL-1763965655393-001767,CRYPTO,202.78,6,2026-01-20 12:12:12.530508
BUY-1763965650527-005672,SELL-1763965655393-001767,CRYPTO,202.78,7,2026-01-20 12:12:12.530513
BUY-1763965650524-003378,SELL-1763965655393-001767,CRYPTO,202.78,24,2026-01-20 12:12:12.530517
BUY-1763965650524-003378,SELL-1763965655402-006930,CRYPTO,856.08,8,2026-01-20 12:12:12.530522
BUY-1763965650523-002425,SELL-1763965655402-006930,CRYPTO,856.08,2,2026-01-20 12:12:12.530526
BUY-1763965650529-007435,SELL-1763965655391-000585,EQUITY,97.97,209,2026-01-20 12:12:12.530547
BUY-1763965650528-006268,SELL-1763965655391-000585,EQUITY,97.97,155,2026-01-20 12:12:12.530552
BUY-1763965650523-002755,SELL-1763965655391-000585,EQUITY,97.97,303,2026-01-20 12:12:12.530557
BUY-1763965650529-007176,SELL-1763965655391-000585,EQUITY,97.97,163,2026-01-20 12:12:12.530562
BUY-1763965650529-007176,SELL-1763965655399-004817,EQUITY,154.91,172,2026-01-20 12:12:12.530566
BUY-1763965650524-003339,SELL-1763965655399-004817,EQUITY,154.91,114,2026-01-20 12:12:12.530570
BUY-1763965650522-001801,SELL-1763965655392-000914,FOREX,2.38,694,2026-01-20 12:12:12.530583
BUY-1763965650523-002939,SELL-1763965655392-000914,FOREX,2.38,217,2026-01-20 12:12:12.530589
BUY-1763965650523-002939,SELL-1763965655402-006401,FOREX,7.55,104,2026-01-20 12:12:12.530593
BUY-1763965650521-001237,SELL-1763965655402-006401,FOREX,7.55,671,2026-01-20 12:12:12.530597
BUY-1763965650523-002425,SELL-1763965655397-003917,CRYPTO,602.54,16,2026-01-20 12:12:12.530619
BUY-1763965650528-006260,SELL-1763965655397-003917,CRYPTO,602.54,11,2026-01-20 12:12:12.530646
BUY-1763965650526-004830,SELL-1763965655397-003917,CRYPTO,602.54,1,2026-01-20 12:12:12.530651
BUY-1763965650525-004289,SELL-1763965655397-003917,CRYPTO,602.54,7,2026-01-20 12:12:12.530656
BUY-1763965650520-001030,SELL-1763965655397-003917,CRYPTO,602.54,10,2026-01-20 12:12:12.530660
BUY-1763965650525-003720,SELL-1763965655397-003917,CRYPTO,602.54,13,2026-01-20 12:12:12.530664
BUY-1763965650523-002285,SELL-1763965655397-003917,CRYPTO,602.54,10,2026-01-20 12:12:12.530669
BUY-1763965650524-003162,SELL-1763965655401-006293,CRYPTO,2338.06,5,2026-01-20 12:12:12.530674
BUY-1763965650524-003162,SELL-1763965655396-003354,CRYPTO,512.55,6,2026-01-20 12:12:12.530697
BUY-1763965650529-006957,SELL-1763965655396-003354,CRYPTO,512.55,6,2026-01-20 12:12:12.530702
BUY-1763965650527-005191,SELL-1763965655396-003354,CRYPTO,512.55,8,2026-01-20 12:12:12.530707
BUY-1763965650522-001625,SELL-1763965655396-003354,CRYPTO,512.55,5,2026-01-20 12:12:12.530711
BUY-1763965650526-004499,SELL-1763965655396-003354,CRYPTO,512.55,12,2026-01-20 12:12:12.530715
BUY-1763965650528-006568,SELL-1763965655396-003354,CRYPTO,512.55,5,2026-01-20 12:12:12.530719
BUY-1763965650524-003026,SELL-1763965655396-003354,CRYPTO,512.55,10,2026-01-20 12:12:12.530724
BUY-1763965650525-004329,SELL-1763965655396-003354,CRYPTO,512.55,9,2026-01-20 12:12:12.530732
BUY-1763965650525-003985,SELL-1763965655396-003354,CRYPTO,512.55,4,2026-01-20 12:12:12.530736
BUY-1763965650524-003244,SELL-1763965655396-003354,CRYPTO,512.55,2,2026-01-20 12:12:12.530741
BUY-1763965650521-001237,SELL-1763965655397-003706,FOREX,3.63,139,2026-01-20 12:12:12.530753
BUY-1763965650529-007042,SELL-1763965655397-003706,FOREX,3.63,242,2026-01-20 12:12:12.530758
BUY-1763965650529-007042,SELL-1763965655397-003694,FOREX,8.23,523,2026-01-20 12:12:12.530762
BUY-1763965650529-007042,SELL-1763965655393-001695,FOREX,8.73,205,2026-01-20 12:12:12.530766
BUY-1763965650521-001414,SELL-1763965655393-001695,FOREX,8.73,57,2026-01-20 12:12:12.530771
BUY-1763965650524-003244,SELL-1763965655399-005040,CRYPTO,221.13,2,2026-01-20 12:12:12.530788
BUY-1763965650529-007380,SELL-1763965655399-005040,CRYPTO,221.13,15,2026-01-20 12:12:12.530792
BUY-1763965650526-004397,SELL-1763965655399-005040,CRYPTO,221.13,33,2026-01-20 12:12:12.530796
BUY-1763965650523-002740,SELL-1763965655399-005040,CRYPTO,221.13,10,2026-01-20 12:12:12.530801
BUY-1763965650522-001633,SELL-1763965655399-005040,CRYPTO,221.13,5,2026-01-20 12:12:12.530805
BUY-1763965650527-005242,SELL-1763965655399-005040,CRYPTO,221.13,2,2026-01-20 12:12:12.530809
BUY-1763965650520-000638,SELL-1763965655399-005040,CRYPTO,221.13,15,2026-01-20 12:12:12.530814
BUY-1763965650524-003172,SELL-1763965655399-005040,CRYPTO,221.13,10,2026-01-20 12:12:12.530818
BUY-1763965650526-004936,SELL-1763965655399-005040,CRYPTO,221.13,6,2026-01-20 12:12:12.530822
BUY-1763965650522-002258,SELL-1763965655399-005040,CRYPTO,221.13,6,2026-01-20 12:12:12.530826
BUY-1763965650529-007015,SELL-1763965655399-005040,CRYPTO,221.13,5,2026-01-20 12:12:12.530834
BUY-1763965650523-002564,SELL-1763965655399-005040,CRYPTO,221.13,6,2026-01-20 12:12:12.530838
BUY-1763965650527-005587,SELL-1763965655399-005040,CRYPTO,221.13,40,2026-01-20 12:12:12.530842
BUY-1763965650522-002002,SELL-1763965655401-005829,FOREX,5.76,66,2026-01-20 12:12:12.530854
BUY-1763965650522-002002,SELL-1763965655401-005833,FOREX,1.59,610,2026-01-20 12:12:12.530868
BUY-1763965650522-002002,SELL-1763965655402-006679,FOREX,5.22,236,2026-01-20 12:12:12.530926
BUY-1763965650520-000692,SELL-1763965655402-006679,FOREX,5.22,538,2026-01-20 12:12:12.530931
BUY-1763965650521-001522,SELL-1763965655402-006679,FOREX,5.22,75,2026-01-20 12:12:12.530936
BUY-1763965650524-003339,SELL-1763965655401-006129,EQUITY,78.55,169,2026-01-20 12:12:12.530989
BUY-1763965650521-001499,SELL-1763965655401-006129,EQUITY,78.55,196,2026-01-20 12:12:12.530994
BUY-1763965650519-000293,SELL-1763965655401-006129,EQUITY,78.55,48,2026-01-20 12:12:12.530999
BUY-1763965650523-002551,SELL-1763965655401-006129,EQUITY,78.55,49,2026-01-20 12:12:12.531004
BUY-1763965650525-003704,SELL-1763965655401-006129,EQUITY,78.55,19,2026-01-20 12:12:12.531008
BUY-1763965650519-000183,SELL-1763965655401-006129,EQUITY,78.55,21,2026-01-20 12:12:12.531012
BUY-1763965650525-004231,SELL-1763965655401-006129,EQUITY,78.55,252,2026-01-20 12:12:12.531017
BUY-1763965650521-001522,SELL-1763965655394-002016,FOREX,5.05,531,2026-01-20 12:12:12.531078
BUY-1763965650522-001642,SELL-1763965655394-002016,FOREX,5.05,240,2026-01-20 12:12:12.531084
BUY-1763965650525-004231,SELL-1763965655393-001451,EQUITY,68.97,1,2026-01-20 12:12:12.531107
BUY-1763965650527-005368,SELL-1763965655393-001451,EQUITY,68.97,118,2026-01-20 12:12:12.531112
BUY-1763965650522-001662,SELL-1763965655393-001451,EQUITY,68.97,287,2026-01-20 12:12:12.531117
BUY-1763965650519-000352,SELL-1763965655393-001451,EQUITY,68.97,54,2026-01-20 12:12:12.531122
BUY-1763965650522-001642,SELL-1763965655397-003989,FOREX,4.69,536,2026-01-20 12:12:12.531133
BUY-1763965650529-006666,SELL-1763965655397-003989,FOREX,4.69,63,2026-01-20 12:12:12.531138
BUY-1763965650521-001421,SELL-1763965655397-003989,FOREX,4.69,155,2026-01-20 12:12:12.531143
BUY-1763965650521-001421,SELL-1763965655394-001968,FOREX,1.3,474,2026-01-20 12:12:12.531161
BUY-1763965650527-005587,SELL-1763965655392-000981,CRYPTO,463.42,57,2026-01-20 12:12:12.531201
BUY-1763965650523-002517,SELL-1763965655392-000981,CRYPTO,463.42,5,2026-01-20 12:12:12.531205
BUY-1763965650520-000857,SELL-1763965655392-000981,CRYPTO,463.42,10,2026-01-20 12:12:12.531210
BUY-1763965650521-001540,SELL-1763965655392-000981,CRYPTO,463.42,6,2026-01-20 12:12:12.531214
BUY-1763965650519-000352,SELL-1763965655391-000506,EQUITY,151.25,21,2026-01-20 12:12:12.531225
BUY-1763965650521-001421,SELL-1763965655402-006752,FOREX,7.07,15,2026-01-20 12:12:12.531242
BUY-1763965650521-001421,SELL-1763965655398-004370,FOREX,2.16,113,2026-01-20 12:12:12.531265
BUY-1763965650521-001421,SELL-1763965655402-006764,FOREX,3.53,25,2026-01-20 12:12:12.531293
BUY-1763965650521-001421,SELL-1763965655395-002789,FOREX,4.09,132,2026-01-20 12:12:12.531335
BUY-1763965650525-004356,SELL-1763965655395-002789,FOREX,4.09,268,2026-01-20 12:12:12.531340
BUY-1763965650523-002719,SELL-1763965655395-002789,FOREX,4.09,527,2026-01-20 12:12:12.531345
BUY-1763965650521-001540,SELL-1763965655392-001065,CRYPTO,878.74,11,2026-01-20 12:12:12.531387
BUY-1763965650525-004232,SELL-1763965655392-001065,CRYPTO,878.74,2,2026-01-20 12:12:12.531392
BUY-1763965650519-000352,SELL-1763965655403-007120,EQUITY,66.82,15,2026-01-20 12:12:12.531403
BUY-1763965650520-000992,SELL-1763965655403-007120,EQUITY,66.82,13,2026-01-20 12:12:12.531408
BUY-1763965650523-002719,SELL-1763965655398-004406,FOREX,2.83,164,2026-01-20 12:12:12.531424
BUY-1763965650521-001119,SELL-1763965655398-004406,FOREX,2.83,115,2026-01-20 12:12:12.531430
BUY-1763965650527-005471,SELL-1763965655398-004406,FOREX,2.83,189,2026-01-20 12:12:12.531434
BUY-1763965650523-002409,SELL-1763965655398-004406,FOREX,2.83,479,2026-01-20 12:12:12.531439
BUY-1763965650523-002409,SELL-1763965655399-004780,FOREX,7.85,230,2026-01-20 12:12:12.531444
BUY-1763965650523-002567,SELL-1763965655399-004780,FOREX,7.85,394,2026-01-20 12:12:12.531449
BUY-1763965650523-002567,SELL-1763965655391-000719,FOREX,6.92,555,2026-01-20 12:12:12.531453
BUY-1763965650520-000992,SELL-1763965655395-002824,EQUITY,145.36,200,2026-01-20 12:12:12.531481
BUY-1763965650523-002770,SELL-1763965655393-001531,FOREX,6.3,395,2026-01-20 12:12:12.531499
BUY-1763965650520-000992,SELL-1763965655392-001155,EQUITY,85.7,150,2026-01-20 12:12:12.531510
BUY-1763965650520-000861,SELL-1763965655392-001155,EQUITY,85.7,158,2026-01-20 12:12:12.531515
BUY-1763965650524-003017,SELL-1763965655392-001155,EQUITY,85.7,15,2026-01-20 12:12:12.531520
BUY-1763965650527-005494,SELL-1763965655392-001155,EQUITY,85.7,217,2026-01-20 12:12:12.531525
BUY-1763965650528-006287,SELL-1763965655392-001155,EQUITY,85.7,251,2026-01-20 12:12:12.531529
BUY-1763965650525-004194,SELL-1763965655392-001155,EQUITY,85.7,24,2026-01-20 12:12:12.531534
BUY-1763965650523-002770,SELL-1763965655390-000080,FOREX,1.5,53,2026-01-20 12:12:12.531576
BUY-1763965650525-004194,SELL-1763965655402-006518,EQUITY,57.47,199,2026-01-20 12:12:12.531585
BUY-1763965650520-000776,SELL-1763965655402-006518,EQUITY,57.47,12,2026-01-20 12:12:12.531588
BUY-1763965650524-003242,SELL-1763965655402-006518,EQUITY,57.47,7,2026-01-20 12:12:12.531591
BUY-1763965650526-004939,SELL-1763965655402-006518,EQUITY,57.47,78,2026-01-20 12:12:12.531594
BUY-1763965650527-005722,SELL-1763965655402-006518,EQUITY,57.47,277,2026-01-20 12:12:12.531597
BUY-1763965650525-004217,SELL-1763965655402-006518,EQUITY,57.47,66,2026-01-20 12:12:12.531599
BUY-1763965650525-004191,SELL-1763965655402-006518,EQUITY,57.47,31,2026-01-20 12:12:12.531602
BUY-1763965650519-000241,SELL-1763965655402-006518,EQUITY,57.47,70,2026-01-20 12:12:12.531605
BUY-1763965650523-002770,SELL-1763965655391-000782,FOREX,3.51,6,2026-01-20 12:12:12.531615
BUY-1763965650523-002622,SELL-1763965655391-000782,FOREX,3.51,592,2026-01-20 12:12:12.531619
BUY-1763965650523-002622,SELL-1763965655391-000719,FOREX,6.92,121,2026-01-20 12:12:12.531621
BUY-1763965650523-002622,SELL-1763965655391-000849,FOREX,7.89,69,2026-01-20 12:12:12.531626
BUY-1763965650521-001256,SELL-1763965655391-000849,FOREX,7.89,130,2026-01-20 12:12:12.531629
BUY-1763965650521-001256,SELL-1763965655393-001695,FOREX,8.73,90,2026-01-20 12:12:12.531631
BUY-1763965650521-001256,SELL-1763965655403-007205,FOREX,7.92,104,2026-01-20 12:12:12.531633
BUY-1763965650521-001256,SELL-1763965655393-001840,FOREX,8.55,604,2026-01-20 12:12:12.531636
BUY-1763965650524-003020,SELL-1763965655393-001840,FOREX,8.55,228,2026-01-20 12:12:12.531639
BUY-1763965650524-003020,SELL-1763965655401-006124,FOREX,6.15,160,2026-01-20 12:12:12.531645
BUY-1763965650525-003851,SELL-1763965655401-006124,FOREX,6.15,245,2026-01-20 12:12:12.531648
BUY-1763965650524-003002,SELL-1763965655401-006124,FOREX,6.15,193,2026-01-20 12:12:12.531652
BUY-1763965650524-003002,SELL-1763965655400-005231,FOREX,1.3,85,2026-01-20 12:12:12.531665
BUY-1763965650527-005528,SELL-1763965655400-005231,FOREX,1.3,461,2026-01-20 12:12:12.531669
BUY-1763965650527-005528,SELL-1763965655402-006483,FOREX,1.3,366,2026-01-20 12:12:12.531688
BUY-1763965650529-007202,SELL-1763965655402-006483,FOREX,1.3,496,2026-01-20 12:12:12.531691
BUY-1763965650529-007202,SELL-1763965655397-003686,FOREX,1.27,156,2026-01-20 12:12:12.531701
BUY-1763965650529-007202,SELL-1763965655395-002871,FOREX,6.27,214,2026-01-20 12:12:12.531707
BUY-1763965650525-004013,SELL-1763965655398-004179,FOREX,2.49,260,2026-01-20 12:12:12.531719
BUY-1763965650521-001408,SELL-1763965655398-004179,FOREX,2.49,226,2026-01-20 12:12:12.531722
BUY-1763965650528-006024,SELL-1763965655398-004179,FOREX,2.49,169,2026-01-20 12:12:12.531725
BUY-1763965650519-000241,SELL-1763965655392-001369,EQUITY,172.6,32,2026-01-20 12:12:12.531746
BUY-1763965650518-000091,SELL-1763965655392-001369,EQUITY,172.6,35,2026-01-20 12:12:12.531749
BUY-1763965650519-000616,SELL-1763965655392-001369,EQUITY,172.6,89,2026-01-20 12:12:12.531752
BUY-1763965650527-005146,SELL-1763965655392-001369,EQUITY,172.6,248,2026-01-20 12:12:12.531754
BUY-1763965650524-003133,SELL-1763965655392-001369,EQUITY,172.6,58,2026-01-20 12:12:12.531757
BUY-1763965650528-006024,SELL-1763965655390-000376,FOREX,2.5,93,2026-01-20 12:12:12.531770
BUY-1763965650528-006024,SELL-1763965655390-000259,FOREX,2.5,18,2026-01-20 12:12:12.531779
BUY-1763965650528-006024,SELL-1763965655399-004769,FOREX,2.98,150,2026-01-20 12:12:12.531793
BUY-1763965650528-006439,SELL-1763965655403-007221,CRYPTO,176.45,22,2026-01-20 12:12:12.531843
BUY-1763965650528-006163,SELL-1763965655403-007221,CRYPTO,176.45,1,2026-01-20 12:12:12.531847
BUY-1763965650528-006507,SELL-1763965655403-007221,CRYPTO,176.45,7,2026-01-20 12:12:12.531852
BUY-1763965650527-005160,SELL-1763965655403-007221,CRYPTO,176.45,12,2026-01-20 12:12:12.531855
BUY-1763965650520-000986,SELL-1763965655403-007221,CRYPTO,176.45,4,2026-01-20 12:12:12.531857
BUY-1763965650529-007309,SELL-1763965655403-007221,CRYPTO,176.45,9,2026-01-20 12:12:12.531860
BUY-1763965650521-001121,SELL-1763965655403-007221,CRYPTO,176.45,3,2026-01-20 12:12:12.531862
BUY-1763965650524-003674,SELL-1763965655403-007221,CRYPTO,176.45,7,2026-01-20 12:12:12.531865
BUY-1763965650529-007308,SELL-1763965655403-007221,CRYPTO,176.45,15,2026-01-20 12:12:12.531868
BUY-1763965650524-003565,SELL-1763965655403-007221,CRYPTO,176.45,5,2026-01-20 12:12:12.531870
BUY-1763965650529-006791,SELL-1763965655403-007221,CRYPTO,176.45,1,2026-01-20 12:12:12.531872
BUY-1763965650527-005603,SELL-1763965655403-007221,CRYPTO,176.45,3,2026-01-20 12:12:12.531875
BUY-1763965650529-006724,SELL-1763965655403-007221,CRYPTO,176.45,7,2026-01-20 12:12:12.531878
BUY-1763965650523-002387,SELL-1763965655403-007221,CRYPTO,176.45,3,2026-01-20 12:12:12.531880
BUY-1763965650527-005766,SELL-1763965655403-007221,CRYPTO,176.45,4,2026-01-20 12:12:12.531883
BUY-1763965650526-004784,SELL-1763965655403-007221,CRYPTO,176.45,6,2026-01-20 12:12:12.531885
BUY-1763965650522-001729,SELL-1763965655403-007221,CRYPTO,176.45,4,2026-01-20 12:12:12.531888
BUY-1763965650528-006271,SELL-1763965655403-007221,CRYPTO,176.45,17,2026-01-20 12:12:12.531890
BUY-1763965650528-006322,SELL-1763965655403-007221,CRYPTO,176.45,17,2026-01-20 12:12:12.531893
BUY-1763965650521-001341,SELL-1763965655403-007221,CRYPTO,176.45,9,2026-01-20 12:12:12.531896
BUY-1763965650527-005698,SELL-1763965655403-007221,CRYPTO,176.45,12,2026-01-20 12:12:12.531898
BUY-1763965650524-003090,SELL-1763965655403-007221,CRYPTO,176.45,11,2026-01-20 12:12:12.531901
BUY-1763965650528-005880,SELL-1763965655403-007221,CRYPTO,176.45,1,2026-01-20 12:12:12.531903
BUY-1763965650529-007127,SELL-1763965655403-007221,CRYPTO,176.45,14,2026-01-20 12:12:12.531905
BUY-1763965650525-003769,SELL-1763965655403-007221,CRYPTO,176.45,9,2026-01-20 12:12:12.531908
BUY-1763965650525-003769,SELL-1763965655401-006111,CRYPTO,920.5,1,2026-01-20 12:12:12.531910
BUY-1763965650527-005792,SELL-1763965655401-006111,CRYPTO,920.5,3,2026-01-20 12:12:12.531913
BUY-1763965650524-003399,SELL-1763965655401-006111,CRYPTO,920.5,2,2026-01-20 12:12:12.531915
BUY-1763965650523-002380,SELL-1763965655401-006111,CRYPTO,920.5,8,2026-01-20 12:12:12.531917
BUY-1763965650521-001174,SELL-1763965655401-006111,CRYPTO,920.5,21,2026-01-20 12:12:12.531920
BUY-1763965650526-004386,SELL-1763965655401-006111,CRYPTO,920.5,4,2026-01-20 12:12:12.531922
BUY-1763965650527-005398,SELL-1763965655401-006111,CRYPTO,920.5,1,2026-01-20 12:12:12.531925
BUY-1763965650525-003846,SELL-1763965655401-006111,CRYPTO,920.5,3,2026-01-20 12:12:12.531928
BUY-1763965650526-004803,SELL-1763965655401-006111,CRYPTO,920.5,4,2026-01-20 12:12:12.531930
BUY-1763965650520-000781,SELL-1763965655401-006111,CRYPTO,920.5,5,2026-01-20 12:12:12.531935
BUY-1763965650520-000826,SELL-1763965655392-001065,CRYPTO,878.74,4,2026-01-20 12:12:12.531938
BUY-1763965650529-006705,SELL-1763965655392-001065,CRYPTO,878.74,7,2026-01-20 12:12:12.531940
BUY-1763965650525-004378,SELL-1763965655392-001065,CRYPTO,878.74,3,2026-01-20 12:12:12.531943
BUY-1763965650525-004378,SELL-1763965655403-007166,CRYPTO,2397.46,1,2026-01-20 12:12:12.531945
BUY-1763965650528-006024,SELL-1763965655400-005418,FOREX,2.78,151,2026-01-20 12:12:12.531961
BUY-1763965650522-001936,SELL-1763965655400-005418,FOREX,2.78,153,2026-01-20 12:12:12.531964
BUY-1763965650522-001936,SELL-1763965655397-003712,FOREX,5.4,168,2026-01-20 12:12:12.531966
BUY-1763965650522-001936,SELL-1763965655395-002871,FOREX,6.27,305,2026-01-20 12:12:12.531968
BUY-1763965650519-000550,SELL-1763965655395-002871,FOREX,6.27,2,2026-01-20 12:12:12.531972
BUY-1763965650525-004103,SELL-1763965655395-002871,FOREX,6.27,324,2026-01-20 12:12:12.531975
BUY-1763965650525-004103,SELL-1763965655396-003447,FOREX,6.31,309,2026-01-20 12:12:12.531977
BUY-1763965650525-004103,SELL-1763965655397-003889,FOREX,6.08,351,2026-01-20 12:12:12.531979
BUY-1763965650520-000901,SELL-1763965655397-003889,FOREX,6.08,58,2026-01-20 12:12:12.531982
BUY-1763965650520-000901,SELL-1763965655394-002348,FOREX,2.33,123,2026-01-20 12:12:12.531997
BUY-1763965650526-004802,SELL-1763965655394-002348,FOREX,2.33,57,2026-01-20 12:12:12.532000
BUY-1763965650526-004802,SELL-1763965655396-003146,FOREX,7.14,889,2026-01-20 12:12:12.532002
BUY-1763965650526-004802,SELL-1763965655402-006901,FOREX,7.94,53,2026-01-20 12:12:12.532004
BUY-1763965650527-005733,SELL-1763965655402-006901,FOREX,7.94,158,2026-01-20 12:12:12.532007
BUY-1763965650527-005733,SELL-1763965655399-004809,FOREX,6.52,111,2026-01-20 12:12:12.532010
BUY-1763965650523-002882,SELL-1763965655399-004809,FOREX,6.52,46,2026-01-20 12:12:12.532012
BUY-1763965650523-002882,SELL-1763965655393-001839,FOREX,1.97,111,2026-01-20 12:12:12.532037
BUY-1763965650528-006531,SELL-1763965655393-001839,FOREX,1.97,57,2026-01-20 12:12:12.532041
BUY-1763965650526-005057,SELL-1763965655393-001839,FOREX,1.97,416,2026-01-20 12:12:12.532044
BUY-1763965650526-005057,SELL-1763965655393-001544,FOREX,8.54,206,2026-01-20 12:12:12.532046
BUY-1763965650526-005057,SELL-1763965655402-006635,FOREX,1.61,144,2026-01-20 12:12:12.532065
BUY-1763965650526-005057,SELL-1763965655396-003469,FOREX,4.65,5,2026-01-20 12:12:12.532071
BUY-1763965650523-002864,SELL-1763965655396-003469,FOREX,4.65,142,2026-01-20 12:12:12.532074
BUY-1763965650527-005714,SELL-1763965655396-003469,FOREX,4.65,58,2026-01-20 12:12:12.532077
BUY-1763965650522-001804,SELL-1763965655396-003469,FOREX,4.65,127,2026-01-20 12:12:12.532080
BUY-1763965650522-001804,SELL-1763965655396-003089,FOREX,5.59,590,2026-01-20 12:12:12.532108
BUY-1763965650522-001682,SELL-1763965655396-003089,FOREX,5.59,406,2026-01-20 12:12:12.532111
BUY-1763965650524-003133,SELL-1763965655394-002256,EQUITY,114.32,53,2026-01-20 12:12:12.532121
BUY-1763965650525-004142,SELL-1763965655394-002256,EQUITY,114.32,140,2026-01-20 12:12:12.532124
BUY-1763965650524-003346,SELL-1763965655394-002256,EQUITY,114.32,209,2026-01-20 12:12:12.532128
BUY-1763965650529-007158,SELL-1763965655394-002256,EQUITY,114.32,144,2026-01-20 12:12:12.532132
BUY-1763965650524-003621,SELL-1763965655394-002256,EQUITY,114.32,73,2026-01-20 12:12:12.532136
BUY-1763965650522-001682,SELL-1763965655398-004313,FOREX,8.16,351,2026-01-20 12:12:12.532169
BUY-1763965650528-005916,SELL-1763965655397-003556,FOREX,4.61,195,2026-01-20 12:12:12.532182
BUY-1763965650528-005916,SELL-1763965655399-004772,FOREX,4.45,169,2026-01-20 12:12:12.532199
BUY-1763965650520-000856,SELL-1763965655399-004772,FOREX,4.45,63,2026-01-20 12:12:12.532202
BUY-1763965650527-005140,SELL-1763965655399-004772,FOREX,4.45,79,2026-01-20 12:12:12.532205
BUY-1763965650527-005140,SELL-1763965655403-007215,FOREX,7.3,84,2026-01-20 12:12:12.532214
BUY-1763965650527-005140,SELL-1763965655403-007417,FOREX,1.17,317,2026-01-20 12:12:12.532227
BUY-1763965650524-003621,SELL-1763965655400-005227,EQUITY,119.26,1,2026-01-20 12:12:12.532238
BUY-1763965650527-005140,SELL-1763965655393-001901,FOREX,2.1,336,2026-01-20 12:12:12.532276
BUY-1763965650527-005140,SELL-1763965655391-000502,FOREX,5.49,146,2026-01-20 12:12:12.532282
BUY-1763965650527-005291,SELL-1763965655391-000502,FOREX,5.49,261,2026-01-20 12:12:12.532285
BUY-1763965650525-003689,SELL-1763965655391-000502,FOREX,5.49,342,2026-01-20 12:12:12.532289
BUY-1763965650525-003689,SELL-1763965655390-000352,FOREX,2.5,32,2026-01-20 12:12:12.532295
BUY-1763965650525-003689,SELL-1763965655393-001783,FOREX,1.02,536,2026-01-20 12:12:12.532304
BUY-1763965650527-005430,SELL-1763965655393-001783,FOREX,1.02,314,2026-01-20 12:12:12.532307
BUY-1763965650527-005430,SELL-1763965655394-002301,FOREX,3.1,29,2026-01-20 12:12:12.532324
BUY-1763965650527-005430,SELL-1763965655393-001504,FOREX,1.91,210,2026-01-20 12:12:12.532343
BUY-1763965650526-004738,SELL-1763965655393-001504,FOREX,1.91,129,2026-01-20 12:12:12.532346
BUY-1763965650526-004738,SELL-1763965655401-006208,FOREX,3.42,590,2026-01-20 12:12:12.532352
BUY-1763965650526-004738,SELL-1763965655395-002953,FOREX,2.04,147,2026-01-20 12:12:12.532378
BUY-1763965650528-006324,SELL-1763965655395-002953,FOREX,2.04,300,2026-01-20 12:12:12.532382
BUY-1763965650528-006286,SELL-1763965655395-002953,FOREX,2.04,276,2026-01-20 12:12:12.532385
BUY-1763965650528-006286,SELL-1763965655394-002055,FOREX,3.18,364,2026-01-20 12:12:12.532394
BUY-1763965650528-006286,SELL-1763965655396-003103,FOREX,5.22,274,2026-01-20 12:12:12.532418
BUY-1763965650529-007400,SELL-1763965655396-003103,FOREX,5.22,581,2026-01-20 12:12:12.532421
BUY-1763965650524-003621,SELL-1763965655399-004813,EQUITY,149.92,42,2026-01-20 12:12:12.532449
BUY-1763965650525-004339,SELL-1763965655399-004813,EQUITY,149.92,110,2026-01-20 12:12:12.532452
BUY-1763965650526-004912,SELL-1763965655399-004813,EQUITY,149.92,141,2026-01-20 12:12:12.532472
BUY-1763965650523-002694,SELL-1763965655399-004813,EQUITY,149.92,45,2026-01-20 12:12:12.532475
BUY-1763965650526-004470,SELL-1763965655399-004813,EQUITY,149.92,207,2026-01-20 12:12:12.532477
BUY-1763965650523-002697,SELL-1763965655399-004813,EQUITY,149.92,101,2026-01-20 12:12:12.532480
BUY-1763965650523-002697,SELL-1763965655401-005804,EQUITY,436.63,44,2026-01-20 12:12:12.532483
BUY-1763965650529-007400,SELL-1763965655399-004792,FOREX,1.74,107,2026-01-20 12:12:12.532502
BUY-1763965650523-002852,SELL-1763965655399-004792,FOREX,1.74,294,2026-01-20 12:12:12.532505
BUY-1763965650523-002852,SELL-1763965655400-005700,FOREX,6.61,169,2026-01-20 12:12:12.532530
BUY-1763965650522-001885,SELL-1763965655400-005700,FOREX,6.61,327,2026-01-20 12:12:12.532533
BUY-1763965650524-003126,SELL-1763965655400-005700,FOREX,6.61,14,2026-01-20 12:12:12.532536
BUY-1763965650524-003126,SELL-1763965655391-000828,FOREX,1.74,683,2026-01-20 12:12:12.532542
BUY-1763965650524-003126,SELL-1763965655398-004143,FOREX,5.22,46,2026-01-20 12:12:12.532554
BUY-1763965650524-003126,SELL-1763965655394-002319,FOREX,4.0,136,2026-01-20 12:12:12.532579
BUY-1763965650521-001370,SELL-1763965655394-002319,FOREX,4.0,51,2026-01-20 12:12:12.532582
BUY-1763965650521-001370,SELL-1763965655390-000251,FOREX,1.5,60,2026-01-20 12:12:12.532602
BUY-1763965650528-005856,SELL-1763965655390-000251,FOREX,1.5,16,2026-01-20 12:12:12.532605
BUY-1763965650528-005856,SELL-1763965655398-004040,FOREX,6.17,349,2026-01-20 12:12:12.532613
BUY-1763965650528-005856,SELL-1763965655392-001160,FOREX,2.97,478,2026-01-20 12:12:12.532619
BUY-1763965650524-002990,SELL-1763965655392-001160,FOREX,2.97,446,2026-01-20 12:12:12.532623
BUY-1763965650528-006548,SELL-1763965655402-006610,EQUITY,65.59,112,2026-01-20 12:12:12.532634
BUY-1763965650529-006662,SELL-1763965655402-006610,EQUITY,65.59,189,2026-01-20 12:12:12.532637
BUY-1763965650526-004783,SELL-1763965655402-006610,EQUITY,65.59,56,2026-01-20 12:12:12.532640
BUY-1763965650522-001993,SELL-1763965655402-006610,EQUITY,65.59,87,2026-01-20 12:12:12.532643
BUY-1763965650522-002088,SELL-1763965655399-004935,CRYPTO,365.03,38,2026-01-20 12:12:12.532652
BUY-1763965650526-004799,SELL-1763965655399-004935,CRYPTO,365.03,5,2026-01-20 12:12:12.532655
BUY-1763965650521-001340,SELL-1763965655399-004935,CRYPTO,365.03,2,2026-01-20 12:12:12.532658
BUY-1763965650521-001340,SELL-1763965655403-007227,CRYPTO,714.22,1,2026-01-20 12:12:12.532660
BUY-1763965650521-001340,SELL-1763965655390-000140,CRYPTO,1000.0,6,2026-01-20 12:12:12.532662
BUY-1763965650523-002584,SELL-1763965655390-000140,CRYPTO,1000.0,5,2026-01-20 12:12:12.532664
BUY-1763965650520-000944,SELL-1763965655390-000140,CRYPTO,1000.0,8,2026-01-20 12:12:12.532667
BUY-1763965650526-004467,SELL-1763965655390-000140,CRYPTO,1000.0,14,2026-01-20 12:12:12.532669
BUY-1763965650526-004413,SELL-1763965655390-000140,CRYPTO,1000.0,7,2026-01-20 12:12:12.532672
BUY-1763965650528-006315,SELL-1763965655390-000140,CRYPTO,1000.0,7,2026-01-20 12:12:12.532674
BUY-1763965650525-003748,SELL-1763965655402-006672,CRYPTO,876.32,9,2026-01-20 12:12:12.532677
BUY-1763965650522-002213,SELL-1763965655402-006672,CRYPTO,876.32,24,2026-01-20 12:12:12.532679
BUY-1763965650524-003174,SELL-1763965655402-006672,CRYPTO,876.32,2,2026-01-20 12:12:12.532682
BUY-1763965650524-002990,SELL-1763965655401-005996,FOREX,4.31,305,2026-01-20 12:12:12.532692
BUY-1763965650526-004920,SELL-1763965655401-005996,FOREX,4.31,453,2026-01-20 12:12:12.532695
BUY-1763965650526-004920,SELL-1763965655397-003865,FOREX,1.58,367,2026-01-20 12:12:12.532701
BUY-1763965650528-006168,SELL-1763965655397-003865,FOREX,1.58,39,2026-01-20 12:12:12.532705
BUY-1763965650522-001993,SELL-1763965655390-000073,EQUITY,200.0,9,2026-01-20 12:12:12.532728
BUY-1763965650521-001464,SELL-1763965655390-000073,EQUITY,200.0,94,2026-01-20 12:12:12.532731
BUY-1763965650521-001464,SELL-1763965655395-002882,EQUITY,65.74,25,2026-01-20 12:12:12.532740
BUY-1763965650528-006005,SELL-1763965655395-002882,EQUITY,65.74,172,2026-01-20 12:12:12.532743
BUY-1763965650519-000397,SELL-1763965655395-002882,EQUITY,65.74,48,2026-01-20 12:12:12.532745
BUY-1763965650529-007284,SELL-1763965655395-002882,EQUITY,65.74,360,2026-01-20 12:12:12.532748
BUY-1763965650528-006168,SELL-1763965655393-001489,FOREX,4.29,272,2026-01-20 12:12:12.532793
BUY-1763965650529-007284,SELL-1763965655390-000107,EQUITY,100.0,10,2026-01-20 12:12:12.532803
BUY-1763965650519-000428,SELL-1763965655390-000107,EQUITY,100.0,45,2026-01-20 12:12:12.532806
BUY-1763965650525-003875,SELL-1763965655390-000107,EQUITY,100.0,46,2026-01-20 12:12:12.532808
BUY-1763965650528-006168,SELL-1763965655392-000964,FOREX,5.61,12,2026-01-20 12:12:12.532814
BUY-1763965650524-003560,SELL-1763965655392-000964,FOREX,5.61,74,2026-01-20 12:12:12.532818
BUY-1763965650525-003875,SELL-1763965655394-002245,EQUITY,187.97,43,2026-01-20 12:12:12.532824
BUY-1763965650525-003875,SELL-1763965655390-000101,EQUITY,100.0,24,2026-01-20 12:12:12.532833
BUY-1763965650525-003875,SELL-1763965655394-002027,EQUITY,55.69,107,2026-01-20 12:12:12.532846
BUY-1763965650519-000527,SELL-1763965655394-002027,EQUITY,55.69,153,2026-01-20 12:12:12.532851
BUY-1763965650524-003560,SELL-1763965655397-003732,FOREX,3.27,331,2026-01-20 12:12:12.532887
BUY-1763965650523-002744,SELL-1763965655397-003732,FOREX,3.27,460,2026-01-20 12:12:12.532893
BUY-1763965650523-002744,SELL-1763965655399-004942,FOREX,3.1,68,2026-01-20 12:12:12.532917
BUY-1763965650523-002744,SELL-1763965655402-006409,FOREX,6.87,269,2026-01-20 12:12:12.532920
BUY-1763965650519-000502,SELL-1763965655390-000074,FOREX,2.0,11,2026-01-20 12:12:12.533014
BUY-1763965650519-000502,SELL-1763965655398-004163,FOREX,2.3,805,2026-01-20 12:12:12.533053
BUY-1763965650519-000502,SELL-1763965655394-001949,FOREX,2.94,33,2026-01-20 12:12:12.533070
BUY-1763965650526-004549,SELL-1763965655394-001949,FOREX,2.94,393,2026-01-20 12:12:12.533075
BUY-1763965650529-007477,SELL-1763965655394-001949,FOREX,2.94,153,2026-01-20 12:12:12.533078
BUY-1763965650529-007477,SELL-1763965655391-000778,FOREX,5.26,459,2026-01-20 12:12:12.533080
BUY-1763965650529-007477,SELL-1763965655402-006426,FOREX,3.11,151,2026-01-20 12:12:12.533082
BUY-1763965650522-001794,SELL-1763965655402-006426,FOREX,3.11,543,2026-01-20 12:12:12.533085
BUY-1763965650522-001794,SELL-1763965655395-002517,FOREX,4.53,286,2026-01-20 12:12:12.533087
BUY-1763965650526-004478,SELL-1763965655395-002517,FOREX,4.53,153,2026-01-20 12:12:12.533091
BUY-1763965650526-004478,SELL-1763965655396-003041,FOREX,2.91,330,2026-01-20 12:12:12.533097
BUY-1763965650523-002706,SELL-1763965655396-003041,FOREX,2.91,11,2026-01-20 12:12:12.533100
BUY-1763965650523-002706,SELL-1763965655398-004311,FOREX,5.99,572,2026-01-20 12:12:12.533102
BUY-1763965650528-005862,SELL-1763965655398-004311,FOREX,5.99,319,2026-01-20 12:12:12.533105
BUY-1763965650528-005862,SELL-1763965655394-002344,FOREX,3.36,118,2026-01-20 12:12:12.533114
BUY-1763965650528-005862,SELL-1763965655402-006367,FOREX,1.24,24,2026-01-20 12:12:12.533153
BUY-1763965650528-005862,SELL-1763965655393-001728,FOREX,1.22,199,2026-01-20 12:12:12.533159
BUY-1763965650519-000527,SELL-1763965655390-000007,EQUITY,100.0,53,2026-01-20 12:12:12.533170
BUY-1763965650528-005862,SELL-1763965655390-000394,FOREX,1.5,27,2026-01-20 12:12:12.533176
BUY-1763965650519-000527,SELL-1763965655399-005013,EQUITY,83.13,49,2026-01-20 12:12:12.533182
BUY-1763965650526-005076,SELL-1763965655399-005013,EQUITY,83.13,85,2026-01-20 12:12:12.533186
BUY-1763965650520-000795,SELL-1763965655399-005013,EQUITY,83.13,77,2026-01-20 12:12:12.533188
BUY-1763965650528-005992,SELL-1763965655399-005013,EQUITY,83.13,116,2026-01-20 12:12:12.533191
BUY-1763965650524-003046,SELL-1763965655399-005013,EQUITY,83.13,187,2026-01-20 12:12:12.533194
BUY-1763965650528-006347,SELL-1763965655399-005013,EQUITY,83.13,24,2026-01-20 12:12:12.533196
BUY-1763965650528-005862,SELL-1763965655402-006900,FOREX,1.27,301,2026-01-20 12:12:12.533274
BUY-1763965650526-005072,SELL-1763965655402-006900,FOREX,1.27,465,2026-01-20 12:12:12.533278
BUY-1763965650528-006347,SELL-1763965655395-002555,EQUITY,180.94,72,2026-01-20 12:12:12.533306
BUY-1763965650528-006347,SELL-1763965655395-002598,EQUITY,57.17,147,2026-01-20 12:12:12.533313
BUY-1763965650526-004572,SELL-1763965655395-002598,EQUITY,57.17,312,2026-01-20 12:12:12.533316
BUY-1763965650528-006378,SELL-1763965655395-002598,EQUITY,57.17,34,2026-01-20 12:12:12.533319
BUY-1763965650527-005309,SELL-1763965655395-002598,EQUITY,57.17,74,2026-01-20 12:12:12.533321
BUY-1763965650523-002961,SELL-1763965655395-002598,EQUITY,57.17,119,2026-01-20 12:12:12.533324
BUY-1763965650524-003174,SELL-1763965655401-005977,CRYPTO,552.93,7,2026-01-20 12:12:12.533342
BUY-1763965650522-001609,SELL-1763965655401-005977,CRYPTO,552.93,1,2026-01-20 12:12:12.533345
BUY-1763965650529-007300,SELL-1763965655401-005977,CRYPTO,552.93,11,2026-01-20 12:12:12.533348
BUY-1763965650522-002100,SELL-1763965655401-005977,CRYPTO,552.93,21,2026-01-20 12:12:12.533350
BUY-1763965650523-002961,SELL-1763965655392-001407,EQUITY,58.82,48,2026-01-20 12:12:12.533363
BUY-1763965650522-001959,SELL-1763965655392-001407,EQUITY,58.82,34,2026-01-20 12:12:12.533366
BUY-1763965650528-006051,SELL-1763965655392-001407,EQUITY,58.82,204,2026-01-20 12:12:12.533369
BUY-1763965650526-005072,SELL-1763965655391-000462,FOREX,2.5,33,2026-01-20 12:12:12.533411
BUY-1763965650528-006051,SELL-1763965655399-004998,EQUITY,59.0,18,2026-01-20 12:12:12.533430
BUY-1763965650527-005312,SELL-1763965655399-004998,EQUITY,59.0,142,2026-01-20 12:12:12.533433
BUY-1763965650523-002798,SELL-1763965655399-004998,EQUITY,59.0,69,2026-01-20 12:12:12.533436
BUY-1763965650520-000793,SELL-1763965655399-004998,EQUITY,59.0,37,2026-01-20 12:12:12.533438
BUY-1763965650528-006250,SELL-1763965655402-006816,CRYPTO,110.83,31,2026-01-20 12:12:12.533468
BUY-1763965650527-005084,SELL-1763965655402-006816,CRYPTO,110.83,7,2026-01-20 12:12:12.533471
BUY-1763965650528-006258,SELL-1763965655402-006816,CRYPTO,110.83,11,2026-01-20 12:12:12.533474
BUY-1763965650520-000881,SELL-1763965655402-006816,CRYPTO,110.83,20,2026-01-20 12:12:12.533477
BUY-1763965650529-006691,SELL-1763965655402-006816,CRYPTO,110.83,9,2026-01-20 12:12:12.533479
BUY-1763965650519-000193,SELL-1763965655402-006816,CRYPTO,110.83,13,2026-01-20 12:12:12.533482
BUY-1763965650526-004455,SELL-1763965655402-006816,CRYPTO,110.83,20,2026-01-20 12:12:12.533484
BUY-1763965650522-001926,SELL-1763965655402-006816,CRYPTO,110.83,49,2026-01-20 12:12:12.533486
BUY-1763965650526-004746,SELL-1763965655402-006816,CRYPTO,110.83,18,2026-01-20 12:12:12.533488
BUY-1763965650529-006921,SELL-1763965655402-006816,CRYPTO,110.83,46,2026-01-20 12:12:12.533491
BUY-1763965650523-002325,SELL-1763965655402-006816,CRYPTO,110.83,46,2026-01-20 12:12:12.533494
BUY-1763965650520-000664,SELL-1763965655402-006816,CRYPTO,110.83,14,2026-01-20 12:12:12.533496
BUY-1763965650528-006056,SELL-1763965655402-006816,CRYPTO,110.83,13,2026-01-20 12:12:12.533498
BUY-1763965650519-000473,SELL-1763965655402-006816,CRYPTO,110.83,22,2026-01-20 12:12:12.533501
BUY-1763965650519-000473,SELL-1763965655401-005977,CRYPTO,552.93,1,2026-01-20 12:12:12.533503
BUY-1763965650519-000262,SELL-1763965655401-005977,CRYPTO,552.93,22,2026-01-20 12:12:12.533505
BUY-1763965650522-001787,SELL-1763965655401-005977,CRYPTO,552.93,10,2026-01-20 12:12:12.533508
BUY-1763965650520-000793,SELL-1763965655398-004157,EQUITY,94.49,123,2026-01-20 12:12:12.533516
BUY-1763965650519-000405,SELL-1763965655398-004157,EQUITY,94.49,57,2026-01-20 12:12:12.533519
BUY-1763965650529-006846,SELL-1763965655398-004157,EQUITY,94.49,252,2026-01-20 12:12:12.533521
BUY-1763965650525-004306,SELL-1763965655398-004157,EQUITY,94.49,222,2026-01-20 12:12:12.533524
BUY-1763965650524-003094,SELL-1763965655398-004157,EQUITY,94.49,48,2026-01-20 12:12:12.533526
BUY-1763965650520-001051,SELL-1763965655398-004157,EQUITY,94.49,114,2026-01-20 12:12:12.533529
BUY-1763965650526-005072,SELL-1763965655395-002661,FOREX,3.28,235,2026-01-20 12:12:12.533552
BUY-1763965650520-001051,SELL-1763965655396-003270,EQUITY,95.52,91,2026-01-20 12:12:12.533563
BUY-1763965650525-004161,SELL-1763965655396-003270,EQUITY,95.52,340,2026-01-20 12:12:12.533566
BUY-1763965650522-002114,SELL-1763965655396-003270,EQUITY,95.52,287,2026-01-20 12:12:12.533569
BUY-1763965650527-005152,SELL-1763965655396-003270,EQUITY,95.52,134,2026-01-20 12:12:12.533572
BUY-1763965650527-005152,SELL-1763965655393-001821,EQUITY,197.58,12,2026-01-20 12:12:12.533578
BUY-1763965650528-005996,SELL-1763965655393-001821,EQUITY,197.58,181,2026-01-20 12:12:12.533580
BUY-1763965650526-005072,SELL-1763965655403-006963,FOREX,1.48,208,2026-01-20 12:12:12.533590
BUY-1763965650526-005072,SELL-1763965655393-001686,FOREX,1.06,42,2026-01-20 12:12:12.533599
BUY-1763965650526-004567,SELL-1763965655393-001686,FOREX,1.06,588,2026-01-20 12:12:12.533602
BUY-1763965650526-004567,SELL-1763965655390-000205,FOREX,3.5,60,2026-01-20 12:12:12.533608
BUY-1763965650526-004567,SELL-1763965655391-000836,FOREX,3.64,298,2026-01-20 12:12:12.533614
BUY-1763965650521-001247,SELL-1763965655391-000836,FOREX,3.64,367,2026-01-20 12:12:12.533618
BUY-1763965650523-002529,SELL-1763965655391-000836,FOREX,3.64,40,2026-01-20 12:12:12.533621
BUY-1763965650523-002529,SELL-1763965655401-006196,FOREX,5.94,885,2026-01-20 12:12:12.533627
BUY-1763965650528-005996,SELL-1763965655394-002393,EQUITY,52.0,43,2026-01-20 12:12:12.533649
BUY-1763965650527-005102,SELL-1763965655394-002393,EQUITY,52.0,99,2026-01-20 12:12:12.533652
BUY-1763965650528-006517,SELL-1763965655394-002393,EQUITY,52.0,75,2026-01-20 12:12:12.533654
BUY-1763965650528-006517,SELL-1763965655400-005183,EQUITY,152.05,32,2026-01-20 12:12:12.533661
BUY-1763965650527-005372,SELL-1763965655400-005183,EQUITY,152.05,191,2026-01-20 12:12:12.533663
BUY-1763965650527-005726,SELL-1763965655400-005183,EQUITY,152.05,179,2026-01-20 12:12:12.533666
BUY-1763965650523-002529,SELL-1763965655399-004951,FOREX,1.21,36,2026-01-20 12:12:12.533672
BUY-1763965650528-006397,SELL-1763965655399-004951,FOREX,1.21,351,2026-01-20 12:12:12.533675
BUY-1763965650527-005726,SELL-1763965655390-000220,EQUITY,200.0,25,2026-01-20 12:12:12.533685
BUY-1763965650528-006397,SELL-1763965655400-005156,FOREX,4.08,585,2026-01-20 12:12:12.533695
BUY-1763965650528-006397,SELL-1763965655393-001729,FOREX,1.1,22,2026-01-20 12:12:12.533700
BUY-1763965650528-006397,SELL-1763965655401-005835,FOREX,5.71,38,2026-01-20 12:12:12.533714
BUY-1763965650523-002352,SELL-1763965655401-005835,FOREX,5.71,104,2026-01-20 12:12:12.533717
BUY-1763965650527-005288,SELL-1763965655401-005835,FOREX,5.71,795,2026-01-20 12:12:12.533721
BUY-1763965650527-005288,SELL-1763965655398-004016,FOREX,4.6,165,2026-01-20 12:12:12.533738
BUY-1763965650519-000592,SELL-1763965655398-004016,FOREX,4.6,185,2026-01-20 12:12:12.533742
BUY-1763965650519-000592,SELL-1763965655393-001518,FOREX,1.68,247,2026-01-20 12:12:12.533788
BUY-1763965650523-002928,SELL-1763965655397-003844,CRYPTO,136.84,87,2026-01-20 12:12:12.533805
BUY-1763965650521-001330,SELL-1763965655397-003844,CRYPTO,136.84,2,2026-01-20 12:12:12.533809
BUY-1763965650524-003305,SELL-1763965655397-003844,CRYPTO,136.84,13,2026-01-20 12:12:12.533812
BUY-1763965650528-005851,SELL-1763965655397-003844,CRYPTO,136.84,34,2026-01-20 12:12:12.533816
BUY-1763965650524-003139,SELL-1763965655397-003844,CRYPTO,136.84,5,2026-01-20 12:12:12.533821
BUY-1763965650525-004234,SELL-1763965655397-003844,CRYPTO,136.84,12,2026-01-20 12:12:12.533825
BUY-1763965650525-004371,SELL-1763965655397-003844,CRYPTO,136.84,11,2026-01-20 12:12:12.533829
BUY-1763965650522-002170,SELL-1763965655397-003844,CRYPTO,136.84,35,2026-01-20 12:12:12.533832
BUY-1763965650527-005726,SELL-1763965655400-005607,EQUITY,123.31,11,2026-01-20 12:12:12.533838
BUY-1763965650520-001052,SELL-1763965655400-005607,EQUITY,123.31,86,2026-01-20 12:12:12.533841
BUY-1763965650520-001052,SELL-1763965655392-001292,EQUITY,78.62,200,2026-01-20 12:12:12.533870
BUY-1763965650523-002668,SELL-1763965655392-001292,EQUITY,78.62,222,2026-01-20 12:12:12.533872
BUY-1763965650529-006776,SELL-1763965655392-001292,EQUITY,78.62,8,2026-01-20 12:12:12.533875
BUY-1763965650522-002039,SELL-1763965655392-001292,EQUITY,78.62,222,2026-01-20 12:12:12.533878
BUY-1763965650519-000479,SELL-1763965655392-001292,EQUITY,78.62,79,2026-01-20 12:12:12.533880
BUY-1763965650529-007096,SELL-1763965655392-001292,EQUITY,78.62,37,2026-01-20 12:12:12.533883
BUY-1763965650523-002641,SELL-1763965655392-001292,EQUITY,78.62,156,2026-01-20 12:12:12.533885
BUY-1763965650523-002641,SELL-1763965655390-000170,EQUITY,200.0,12,2026-01-20 12:12:12.533907
BUY-1763965650519-000592,SELL-1763965655402-006745,FOREX,3.79,106,2026-01-20 12:12:12.533944
BUY-1763965650519-000592,SELL-1763965655401-006039,FOREX,1.1,230,2026-01-20 12:12:12.533988
BUY-1763965650522-002009,SELL-1763965655401-006039,FOREX,1.1,242,2026-01-20 12:12:12.533991
BUY-1763965650523-002641,SELL-1763965655393-001457,EQUITY,131.51,135,2026-01-20 12:12:12.534004
BUY-1763965650522-002024,SELL-1763965655393-001457,EQUITY,131.51,7,2026-01-20 12:12:12.534007
BUY-1763965650528-006254,SELL-1763965655393-001457,EQUITY,131.51,52,2026-01-20 12:12:12.534009
BUY-1763965650520-000770,SELL-1763965655393-001457,EQUITY,131.51,28,2026-01-20 12:12:12.534012
BUY-1763965650520-000770,SELL-1763965655403-007014,EQUITY,152.76,197,2026-01-20 12:12:12.534018
BUY-1763965650520-000770,SELL-1763965655401-005819,EQUITY,87.86,10,2026-01-20 12:12:12.534059
BUY-1763965650529-006976,SELL-1763965655401-005819,EQUITY,87.86,39,2026-01-20 12:12:12.534064
BUY-1763965650524-003329,SELL-1763965655401-005819,EQUITY,87.86,206,2026-01-20 12:12:12.534068
BUY-1763965650524-003498,SELL-1763965655401-005819,EQUITY,87.86,129,2026-01-20 12:12:12.534073
BUY-1763965650527-005442,SELL-1763965655401-005819,EQUITY,87.86,141,2026-01-20 12:12:12.534077
BUY-1763965650522-002009,SELL-1763965655400-005451,FOREX,4.17,271,2026-01-20 12:12:12.534101
BUY-1763965650527-005442,SELL-1763965655402-006385,EQUITY,98.54,92,2026-01-20 12:12:12.534114
BUY-1763965650524-003057,SELL-1763965655402-006385,EQUITY,98.54,281,2026-01-20 12:12:12.534117
BUY-1763965650522-002009,SELL-1763965655400-005184,FOREX,2.4,189,2026-01-20 12:12:12.534134
BUY-1763965650523-002816,SELL-1763965655400-005184,FOREX,2.4,92,2026-01-20 12:12:12.534137
BUY-1763965650522-001883,SELL-1763965655400-005184,FOREX,2.4,6,2026-01-20 12:12:12.534140
BUY-1763965650522-001883,SELL-1763965655391-000408,FOREX,2.5,41,2026-01-20 12:12:12.534170
BUY-1763965650524-003057,SELL-1763965655394-002271,EQUITY,179.28,99,2026-01-20 12:12:12.534183
BUY-1763965650523-002933,SELL-1763965655394-002271,EQUITY,179.28,124,2026-01-20 12:12:12.534186
BUY-1763965650523-002933,SELL-1763965655400-005241,EQUITY,163.72,126,2026-01-20 12:12:12.534207
BUY-1763965650523-002933,SELL-1763965655391-000662,EQUITY,131.45,37,2026-01-20 12:12:12.534213
BUY-1763965650522-001883,SELL-1763965655402-006342,FOREX,3.78,405,2026-01-20 12:12:12.534223
BUY-1763965650522-001883,SELL-1763965655403-007492,FOREX,3.96,248,2026-01-20 12:12:12.534232
BUY-1763965650526-004673,SELL-1763965655403-007492,FOREX,3.96,353,2026-01-20 12:12:12.534236
BUY-1763965650526-004673,SELL-1763965655402-006331,FOREX,4.61,78,2026-01-20 12:12:12.534241
BUY-1763965650523-002933,SELL-1763965655394-002328,EQUITY,69.59,55,2026-01-20 12:12:12.534250
BUY-1763965650528-006560,SELL-1763965655394-002328,EQUITY,69.59,291,2026-01-20 12:12:12.534254
BUY-1763965650524-003611,SELL-1763965655394-002328,EQUITY,69.59,96,2026-01-20 12:12:12.534256
BUY-1763965650524-003611,SELL-1763965655392-001136,EQUITY,378.41,106,2026-01-20 12:12:12.534258
BUY-1763965650525-003687,SELL-1763965655391-000755,EQUITY,155.16,79,2026-01-20 12:12:12.534272
BUY-1763965650526-004673,SELL-1763965655392-001166,FOREX,3.22,79,2026-01-20 12:12:12.534285
BUY-1763965650524-003626,SELL-1763965655392-001166,FOREX,3.22,425,2026-01-20 12:12:12.534288
BUY-1763965650524-003626,SELL-1763965655393-001910,FOREX,1.78,112,2026-01-20 12:12:12.534342
BUY-1763965650528-006247,SELL-1763965655393-001910,FOREX,1.78,8,2026-01-20 12:12:12.534346
BUY-1763965650528-006181,SELL-1763965655393-001910,FOREX,1.78,464,2026-01-20 12:12:12.534349
BUY-1763965650528-006181,SELL-1763965655393-001464,FOREX,2.09,329,2026-01-20 12:12:12.534356
BUY-1763965650528-006535,SELL-1763965655393-001464,FOREX,2.09,99,2026-01-20 12:12:12.534359
BUY-1763965650528-006535,SELL-1763965655402-006503,FOREX,2.51,540,2026-01-20 12:12:12.534365
BUY-1763965650528-006535,SELL-1763965655402-006512,FOREX,3.98,27,2026-01-20 12:12:12.534384
BUY-1763965650525-003687,SELL-1763965655399-004688,EQUITY,145.47,112,2026-01-20 12:12:12.534390
BUY-1763965650528-006535,SELL-1763965655402-006941,FOREX,1.61,107,2026-01-20 12:12:12.534399
BUY-1763965650525-003954,SELL-1763965655402-006941,FOREX,1.61,145,2026-01-20 12:12:12.534403
BUY-1763965650525-004148,SELL-1763965655402-006941,FOREX,1.61,29,2026-01-20 12:12:12.534406
BUY-1763965650525-004148,SELL-1763965655397-003872,FOREX,1.78,193,2026-01-20 12:12:12.534432
BUY-1763965650525-004148,SELL-1763965655403-007422,FOREX,4.12,336,2026-01-20 12:12:12.534441
BUY-1763965650525-003687,SELL-1763965655398-004316,EQUITY,185.71,66,2026-01-20 12:12:12.534460
BUY-1763965650524-003311,SELL-1763965655398-004316,EQUITY,185.71,164,2026-01-20 12:12:12.534463
BUY-1763965650525-004148,SELL-1763965655402-006420,FOREX,2.59,134,2026-01-20 12:12:12.534479
BUY-1763965650529-007209,SELL-1763965655402-006420,FOREX,2.59,210,2026-01-20 12:12:12.534482
BUY-1763965650523-002615,SELL-1763965655402-006420,FOREX,2.59,112,2026-01-20 12:12:12.534485
BUY-1763965650524-003311,SELL-1763965655392-000903,EQUITY,51.11,37,2026-01-20 12:12:12.534491
BUY-1763965650523-002615,SELL-1763965655402-006530,FOREX,1.36,390,2026-01-20 12:12:12.534497
BUY-1763965650525-003741,SELL-1763965655402-006530,FOREX,1.36,70,2026-01-20 12:12:12.534501
BUY-1763965650524-003311,SELL-1763965655402-006774,EQUITY,51.74,31,2026-01-20 12:12:12.534514
BUY-1763965650524-003311,SELL-1763965655401-005940,EQUITY,103.14,63,2026-01-20 12:12:12.534541
BUY-1763965650528-006536,SELL-1763965655401-005940,EQUITY,103.14,61,2026-01-20 12:12:12.534544
BUY-1763965650528-005833,SELL-1763965655401-005940,EQUITY,103.14,290,2026-01-20 12:12:12.534547
BUY-1763965650527-005605,SELL-1763965655401-005940,EQUITY,103.14,20,2026-01-20 12:12:12.534550
BUY-1763965650525-004207,SELL-1763965655401-005940,EQUITY,103.14,219,2026-01-20 12:12:12.534553
BUY-1763965650529-006641,SELL-1763965655401-005940,EQUITY,103.14,266,2026-01-20 12:12:12.534555
BUY-1763965650525-003745,SELL-1763965655401-005940,EQUITY,103.14,49,2026-01-20 12:12:12.534558
BUY-1763965650525-003745,SELL-1763965655392-001136,EQUITY,378.41,82,2026-01-20 12:12:12.534560
BUY-1763965650525-003741,SELL-1763965655392-000955,FOREX,2.5,61,2026-01-20 12:12:12.534586
BUY-1763965650525-003741,SELL-1763965655394-002097,FOREX,2.79,35,2026-01-20 12:12:12.534595
BUY-1763965650525-003741,SELL-1763965655392-001050,FOREX,3.58,430,2026-01-20 12:12:12.534615
BUY-1763965650528-006580,SELL-1763965655392-001050,FOREX,3.58,5,2026-01-20 12:12:12.534618
BUY-1763965650528-006580,SELL-1763965655397-003607,FOREX,3.25,635,2026-01-20 12:12:12.534628
BUY-1763965650528-006580,SELL-1763965655397-003690,FOREX,2.33,147,2026-01-20 12:12:12.534780
BUY-1763965650520-001044,SELL-1763965655397-003690,FOREX,2.33,252,2026-01-20 12:12:12.534791
BUY-1763965650522-001673,SELL-1763965655402-006866,FOREX,3.04,254,2026-01-20 12:12:12.534855
BUY-1763965650525-003745,SELL-1763965655403-007351,EQUITY,57.14,63,2026-01-20 12:12:12.534866
BUY-1763965650525-003938,SELL-1763965655403-007351,EQUITY,57.14,129,2026-01-20 12:12:12.534871
BUY-1763965650522-001673,SELL-1763965655397-003707,FOREX,1.47,49,2026-01-20 12:12:12.534886
BUY-1763965650525-003938,SELL-1763965655392-000905,EQUITY,99.78,95,2026-01-20 12:12:12.534914
BUY-1763965650526-004889,SELL-1763965655392-000905,EQUITY,99.78,16,2026-01-20 12:12:12.534920
BUY-1763965650528-006477,SELL-1763965655392-000905,EQUITY,99.78,53,2026-01-20 12:12:12.534925
BUY-1763965650525-004180,SELL-1763965655392-000905,EQUITY,99.78,138,2026-01-20 12:12:12.534929
BUY-1763965650523-002361,SELL-1763965655392-000905,EQUITY,99.78,245,2026-01-20 12:12:12.534934
BUY-1763965650529-006809,SELL-1763965655392-000905,EQUITY,99.78,195,2026-01-20 12:12:12.534938
BUY-1763965650528-006405,SELL-1763965655392-000905,EQUITY,99.78,144,2026-01-20 12:12:12.534943
BUY-1763965650528-006405,SELL-1763965655393-001600,EQUITY,99.18,78,2026-01-20 12:12:12.534969
BUY-1763965650529-006872,SELL-1763965655393-001600,EQUITY,99.18,101,2026-01-20 12:12:12.534974
BUY-1763965650529-006872,SELL-1763965655403-007329,EQUITY,137.93,4,2026-01-20 12:12:12.535021
BUY-1763965650529-006872,SELL-1763965655399-004925,EQUITY,163.92,20,2026-01-20 12:12:12.535044
BUY-1763965650522-001673,SELL-1763965655401-005783,FOREX,4.14,73,2026-01-20 12:12:12.535080
BUY-1763965650526-005005,SELL-1763965655401-005783,FOREX,4.14,584,2026-01-20 12:12:12.535086
BUY-1763965650527-005335,SELL-1763965655401-005783,FOREX,4.14,116,2026-01-20 12:12:12.535091
BUY-1763965650529-006872,SELL-1763965655390-000192,EQUITY,150.0,77,2026-01-20 12:12:12.535119
BUY-1763965650527-005335,SELL-1763965655392-001234,FOREX,3.79,373,2026-01-20 12:12:12.535129
BUY-1763965650527-005335,SELL-1763965655401-006154,FOREX,1.1,258,2026-01-20 12:12:12.535153
BUY-1763965650524-003243,SELL-1763965655401-006154,FOREX,1.1,436,2026-01-20 12:12:12.535158
BUY-1763965650522-002093,SELL-1763965655401-006154,FOREX,1.1,254,2026-01-20 12:12:12.535163
BUY-1763965650522-002093,SELL-1763965655394-002437,FOREX,1.98,93,2026-01-20 12:12:12.535195
BUY-1763965650528-006253,SELL-1763965655394-002437,FOREX,1.98,499,2026-01-20 12:12:12.535200
BUY-1763965650522-002170,SELL-1763965655393-001475,CRYPTO,105.59,62,2026-01-20 12:12:12.535529
BUY-1763965650527-005529,SELL-1763965655393-001475,CRYPTO,105.59,117,2026-01-20 12:12:12.535536
BUY-1763965650522-001942,SELL-1763965655393-001475,CRYPTO,105.59,21,2026-01-20 12:12:12.535540
BUY-1763965650525-003734,SELL-1763965655393-001475,CRYPTO,105.59,9,2026-01-20 12:12:12.535544
BUY-1763965650520-000797,SELL-1763965655393-001475,CRYPTO,105.59,13,2026-01-20 12:12:12.535547
BUY-1763965650528-006579,SELL-1763965655393-001475,CRYPTO,105.59,4,2026-01-20 12:12:12.535552
BUY-1763965650525-003855,SELL-1763965655393-001475,CRYPTO,105.59,42,2026-01-20 12:12:12.535556
BUY-1763965650525-003855,SELL-1763965655401-006010,CRYPTO,174.77,27,2026-01-20 12:12:12.535560
BUY-1763965650525-003911,SELL-1763965655401-006010,CRYPTO,174.77,11,2026-01-20 12:12:12.535564
BUY-1763965650525-004208,SELL-1763965655401-006010,CRYPTO,174.77,34,2026-01-20 12:12:12.535568
BUY-1763965650528-006525,SELL-1763965655401-006010,CRYPTO,174.77,5,2026-01-20 12:12:12.535572
BUY-1763965650525-004282,SELL-1763965655401-006010,CRYPTO,174.77,17,2026-01-20 12:12:12.535576
BUY-1763965650526-004737,SELL-1763965655401-006010,CRYPTO,174.77,5,2026-01-20 12:12:12.535579
BUY-1763965650529-007317,SELL-1763965655401-006010,CRYPTO,174.77,16,2026-01-20 12:12:12.535583
BUY-1763965650527-005546,SELL-1763965655401-006010,CRYPTO,174.77,14,2026-01-20 12:12:12.535587
BUY-1763965650526-004827,SELL-1763965655401-006010,CRYPTO,174.77,1,2026-01-20 12:12:12.535591
BUY-1763965650522-001792,SELL-1763965655401-006010,CRYPTO,174.77,11,2026-01-20 12:12:12.535595
BUY-1763965650520-000658,SELL-1763965655401-006010,CRYPTO,174.77,19,2026-01-20 12:12:12.535600
BUY-1763965650526-004722,SELL-1763965655401-006010,CRYPTO,174.77,10,2026-01-20 12:12:12.535604
BUY-1763965650524-003636,SELL-1763965655401-006010,CRYPTO,174.77,17,2026-01-20 12:12:12.535607
BUY-1763965650522-002077,SELL-1763965655401-006010,CRYPTO,174.77,13,2026-01-20 12:12:12.535612
BUY-1763965650527-005731,SELL-1763965655401-006010,CRYPTO,174.77,6,2026-01-20 12:12:12.535616
BUY-1763965650529-006872,SELL-1763965655393-001776,EQUITY,67.88,22,2026-01-20 12:12:12.535655
BUY-1763965650528-006253,SELL-1763965655394-002312,FOREX,3.62,326,2026-01-20 12:12:12.535671
BUY-1763965650522-001972,SELL-1763965655394-002312,FOREX,3.62,142,2026-01-20 12:12:12.535677
BUY-1763965650520-001009,SELL-1763965655394-002312,FOREX,3.62,177,2026-01-20 12:12:12.535682
BUY-1763965650529-006872,SELL-1763965655400-005688,EQUITY,52.82,95,2026-01-20 12:12:12.535896
BUY-1763965650519-000559,SELL-1763965655400-005688,EQUITY,52.82,35,2026-01-20 12:12:12.535907
BUY-1763965650523-002849,SELL-1763965655400-005688,EQUITY,52.82,300,2026-01-20 12:12:12.535913
BUY-1763965650522-001648,SELL-1763965655400-005688,EQUITY,52.82,52,2026-01-20 12:12:12.535918
BUY-1763965650526-005053,SELL-1763965655400-005688,EQUITY,52.82,13,2026-01-20 12:12:12.535922
BUY-1763965650528-005976,SELL-1763965655400-005688,EQUITY,52.82,52,2026-01-20 12:12:12.535926
BUY-1763965650527-005208,SELL-1763965655400-005688,EQUITY,52.82,21,2026-01-20 12:12:12.535931
BUY-1763965650526-004394,SELL-1763965655400-005688,EQUITY,52.82,53,2026-01-20 12:12:12.535935
BUY-1763965650523-002663,SELL-1763965655400-005688,EQUITY,52.82,147,2026-01-20 12:12:12.535939
BUY-1763965650520-001009,SELL-1763965655397-003728,FOREX,1.33,192,2026-01-20 12:12:12.535972
BUY-1763965650528-006498,SELL-1763965655397-003728,FOREX,1.33,349,2026-01-20 12:12:12.535978
BUY-1763965650529-006734,SELL-1763965655397-003728,FOREX,1.33,21,2026-01-20 12:12:12.535983
BUY-1763965650523-002663,SELL-1763965655391-000863,EQUITY,132.45,37,2026-01-20 12:12:12.536023
BUY-1763965650528-006320,SELL-1763965655391-000863,EQUITY,132.45,316,2026-01-20 12:12:12.536028
BUY-1763965650528-006528,SELL-1763965655391-000863,EQUITY,132.45,357,2026-01-20 12:12:12.536034
BUY-1763965650529-006734,SELL-1763965655396-003407,FOREX,3.78,205,2026-01-20 12:12:12.536044
BUY-1763965650529-006961,SELL-1763965655396-003407,FOREX,3.78,112,2026-01-20 12:12:12.536050
BUY-1763965650529-006961,SELL-1763965655390-000258,FOREX,2.0,55,2026-01-20 12:12:12.536083
BUY-1763965650528-006528,SELL-1763965655393-001601,EQUITY,116.31,58,2026-01-20 12:12:12.536100
BUY-1763965650525-004137,SELL-1763965655393-001601,EQUITY,116.31,194,2026-01-20 12:12:12.536159
BUY-1763965650523-002549,SELL-1763965655393-001601,EQUITY,116.31,13,2026-01-20 12:12:12.536172
BUY-1763965650523-002549,SELL-1763965655402-006709,EQUITY,53.8,272,2026-01-20 12:12:12.536201
BUY-1763965650528-006148,SELL-1763965655402-006709,EQUITY,53.8,24,2026-01-20 12:12:12.536208
BUY-1763965650521-001178,SELL-1763965655402-006709,EQUITY,53.8,57,2026-01-20 12:12:12.536213
BUY-1763965650522-001912,SELL-1763965655402-006709,EQUITY,53.8,121,2026-01-20 12:12:12.536218
BUY-1763965650526-004590,SELL-1763965655402-006709,EQUITY,53.8,171,2026-01-20 12:12:12.536222
BUY-1763965650521-001541,SELL-1763965655402-006709,EQUITY,53.8,145,2026-01-20 12:12:12.536226
BUY-1763965650519-000610,SELL-1763965655402-006709,EQUITY,53.8,210,2026-01-20 12:12:12.536230
BUY-1763965650529-006961,SELL-1763965655390-000186,FOREX,3.0,19,2026-01-20 12:12:12.536259
BUY-1763965650529-006961,SELL-1763965655390-000272,FOREX,1.5,88,2026-01-20 12:12:12.536325
BUY-1763965650529-006961,SELL-1763965655399-005038,FOREX,4.72,625,2026-01-20 12:12:12.536328
BUY-1763965650519-000610,SELL-1763965655400-005568,EQUITY,80.88,4,2026-01-20 12:12:12.536342
BUY-1763965650519-000392,SELL-1763965655400-005568,EQUITY,80.88,103,2026-01-20 12:12:12.536346
BUY-1763965650526-005058,SELL-1763965655400-005568,EQUITY,80.88,199,2026-01-20 12:12:12.536351
BUY-1763965650529-006961,SELL-1763965655403-007291,FOREX,1.12,37,2026-01-20 12:12:12.536421
BUY-1763965650521-001425,SELL-1763965655403-007291,FOREX,1.12,7,2026-01-20 12:12:12.536428
BUY-1763965650526-004679,SELL-1763965655403-007291,FOREX,1.12,94,2026-01-20 12:12:12.536431
BUY-1763965650528-006021,SELL-1763965655403-007291,FOREX,1.12,141,2026-01-20 12:12:12.536434
BUY-1763965650528-006021,SELL-1763965655398-004308,FOREX,5.6,61,2026-01-20 12:12:12.536437
BUY-1763965650527-005114,SELL-1763965655403-007249,FOREX,2.28,5,2026-01-20 12:12:12.536445
BUY-1763965650527-005756,SELL-1763965655403-007249,FOREX,2.28,228,2026-01-20 12:12:12.536448
BUY-1763965650527-005756,SELL-1763965655393-001655,FOREX,2.5,383,2026-01-20 12:12:12.536458
BUY-1763965650527-005756,SELL-1763965655398-004308,FOREX,5.6,82,2026-01-20 12:12:12.536461
BUY-1763965650527-005725,SELL-1763965655398-004308,FOREX,5.6,257,2026-01-20 12:12:12.536464
BUY-1763965650527-005725,SELL-1763965655391-000463,FOREX,3.5,22,2026-01-20 12:12:12.536477
BUY-1763965650527-005725,SELL-1763965655391-000522,FOREX,4.76,420,2026-01-20 12:12:12.536480
BUY-1763965650528-006522,SELL-1763965655391-000522,FOREX,4.76,495,2026-01-20 12:12:12.536484
BUY-1763965650528-006522,SELL-1763965655396-003110,FOREX,2.75,59,2026-01-20 12:12:12.536514
BUY-1763965650523-002732,SELL-1763965655396-003110,FOREX,2.75,285,2026-01-20 12:12:12.536521
BUY-1763965650525-003770,SELL-1763965655396-003110,FOREX,2.75,622,2026-01-20 12:12:12.536526
BUY-1763965650525-003770,SELL-1763965655396-003464,FOREX,4.9,311,2026-01-20 12:12:12.536529
BUY-1763965650522-002245,SELL-1763965655396-003464,FOREX,4.9,88,2026-01-20 12:12:12.536534
BUY-1763965650522-002245,SELL-1763965655400-005173,FOREX,4.47,742,2026-01-20 12:12:12.536561
BUY-1763965650523-002628,SELL-1763965655400-005173,FOREX,4.47,229,2026-01-20 12:12:12.536568
BUY-1763965650523-002628,SELL-1763965655390-000094,FOREX,3.5,22,2026-01-20 12:12:12.536589
BUY-1763965650523-002628,SELL-1763965655394-002249,FOREX,1.18,354,2026-01-20 12:12:12.536603
BUY-1763965650527-005771,SELL-1763965655394-002249,FOREX,1.18,270,2026-01-20 12:12:12.536606
BUY-1763965650527-005771,SELL-1763965655402-006582,FOREX,3.78,491,2026-01-20 12:12:12.536620
BUY-1763965650520-000841,SELL-1763965655402-006582,FOREX,3.78,65,2026-01-20 12:12:12.536624
BUY-1763965650520-000841,SELL-1763965655399-004626,FOREX,5.51,519,2026-01-20 12:12:12.536636
BUY-1763965650526-005058,SELL-1763965655393-001509,EQUITY,138.34,101,2026-01-20 12:12:12.536643
BUY-1763965650519-000290,SELL-1763965655393-001509,EQUITY,138.34,15,2026-01-20 12:12:12.536646
BUY-1763965650527-005331,SELL-1763965655393-001509,EQUITY,138.34,32,2026-01-20 12:12:12.536649
BUY-1763965650519-000201,SELL-1763965655393-001509,EQUITY,138.34,49,2026-01-20 12:12:12.536652
BUY-1763965650521-001321,SELL-1763965655393-001509,EQUITY,138.34,18,2026-01-20 12:12:12.536654
BUY-1763965650522-002227,SELL-1763965655393-001509,EQUITY,138.34,115,2026-01-20 12:12:12.536657
BUY-1763965650520-000841,SELL-1763965655391-000744,FOREX,4.33,380,2026-01-20 12:12:12.536669
BUY-1763965650525-003905,SELL-1763965655391-000744,FOREX,4.33,69,2026-01-20 12:12:12.536672
BUY-1763965650525-003905,SELL-1763965655399-004843,FOREX,3.15,715,2026-01-20 12:12:12.536684
BUY-1763965650525-003905,SELL-1763965655391-000695,FOREX,6.61,38,2026-01-20 12:12:12.536693
BUY-1763965650529-007327,SELL-1763965655391-000695,FOREX,6.61,147,2026-01-20 12:12:12.536696
BUY-1763965650529-007327,SELL-1763965655395-002929,FOREX,1.17,317,2026-01-20 12:12:12.536726
BUY-1763965650527-005486,SELL-1763965655395-002929,FOREX,1.17,339,2026-01-20 12:12:12.536730
BUY-1763965650527-005486,SELL-1763965655398-004507,FOREX,2.04,476,2026-01-20 12:12:12.536739
BUY-1763965650522-002227,SELL-1763965655402-006491,EQUITY,72.56,109,2026-01-20 12:12:12.536758
BUY-1763965650526-004575,SELL-1763965655402-006491,EQUITY,72.56,4,2026-01-20 12:12:12.536761
BUY-1763965650525-004324,SELL-1763965655402-006491,EQUITY,72.56,61,2026-01-20 12:12:12.536764
BUY-1763965650529-007419,SELL-1763965655402-006491,EQUITY,72.56,115,2026-01-20 12:12:12.536766
BUY-1763965650522-001854,SELL-1763965655402-006491,EQUITY,72.56,73,2026-01-20 12:12:12.536769
BUY-1763965650529-007393,SELL-1763965655402-006491,EQUITY,72.56,52,2026-01-20 12:12:12.536771
BUY-1763965650529-007393,SELL-1763965655400-005242,EQUITY,193.11,10,2026-01-20 12:12:12.536806
BUY-1763965650522-002097,SELL-1763965655400-005242,EQUITY,193.11,199,2026-01-20 12:12:12.536809
BUY-1763965650522-002097,SELL-1763965655403-007159,EQUITY,177.97,129,2026-01-20 12:12:12.536826
BUY-1763965650527-005695,SELL-1763965655403-007159,EQUITY,177.97,310,2026-01-20 12:12:12.536830
BUY-1763965650529-006888,SELL-1763965655403-007159,EQUITY,177.97,54,2026-01-20 12:12:12.536832
BUY-1763965650527-005486,SELL-1763965655402-006643,FOREX,4.38,155,2026-01-20 12:12:12.536854
BUY-1763965650526-004948,SELL-1763965655402-006643,FOREX,4.38,265,2026-01-20 12:12:12.536857
BUY-1763965650523-002462,SELL-1763965655402-006643,FOREX,4.38,162,2026-01-20 12:12:12.536861
BUY-1763965650524-003245,SELL-1763965655402-006643,FOREX,4.38,251,2026-01-20 12:12:12.536863
BUY-1763965650527-005501,SELL-1763965655402-006643,FOREX,4.38,115,2026-01-20 12:12:12.536867
BUY-1763965650529-006888,SELL-1763965655403-007303,EQUITY,65.17,189,2026-01-20 12:12:12.536874
BUY-1763965650519-000224,SELL-1763965655403-007303,EQUITY,65.17,79,2026-01-20 12:12:12.536877
BUY-1763965650527-005414,SELL-1763965655403-007303,EQUITY,65.17,199,2026-01-20 12:12:12.536879
BUY-1763965650529-007179,SELL-1763965655403-007303,EQUITY,65.17,66,2026-01-20 12:12:12.536882
BUY-1763965650529-007179,SELL-1763965655401-005804,EQUITY,436.63,38,2026-01-20 12:12:12.536884
BUY-1763965650529-007179,SELL-1763965655396-003350,EQUITY,372.36,29,2026-01-20 12:12:12.536887
BUY-1763965650524-003310,SELL-1763965655396-003350,EQUITY,372.36,82,2026-01-20 12:12:12.536890
BUY-1763965650524-003310,SELL-1763965655399-004638,EQUITY,199.05,117,2026-01-20 12:12:12.536892
BUY-1763965650524-003310,SELL-1763965655395-002801,EQUITY,189.91,63,2026-01-20 12:12:12.536895
BUY-1763965650522-001706,SELL-1763965655395-002801,EQUITY,189.91,212,2026-01-20 12:12:12.536897
BUY-1763965650522-001706,SELL-1763965655392-001001,EQUITY,166.76,5,2026-01-20 12:12:12.536900
BUY-1763965650527-005367,SELL-1763965655392-001001,EQUITY,166.76,321,2026-01-20 12:12:12.536903
BUY-1763965650527-005367,SELL-1763965655391-000595,EQUITY,201.12,61,2026-01-20 12:12:12.536905
BUY-1763965650527-005367,SELL-1763965655390-000218,EQUITY,200.0,14,2026-01-20 12:12:12.536908
BUY-1763965650526-004456,SELL-1763965655390-000218,EQUITY,200.0,73,2026-01-20 12:12:12.536910
BUY-1763965650526-004456,SELL-1763965655390-000097,EQUITY,200.0,61,2026-01-20 12:12:12.536912
BUY-1763965650526-004456,SELL-1763965655396-003334,EQUITY,181.67,119,2026-01-20 12:12:12.536915
BUY-1763965650522-001774,SELL-1763965655396-003334,EQUITY,181.67,15,2026-01-20 12:12:12.536917
BUY-1763965650522-001774,SELL-1763965655403-007080,EQUITY,226.31,218,2026-01-20 12:12:12.536920
BUY-1763965650522-001973,SELL-1763965655403-007080,EQUITY,226.31,218,2026-01-20 12:12:12.536922
BUY-1763965650522-001973,SELL-1763965655390-000403,EQUITY,200.0,26,2026-01-20 12:12:12.536925
BUY-1763965650529-006706,SELL-1763965655390-000403,EQUITY,200.0,5,2026-01-20 12:12:12.536928
BUY-1763965650529-006706,SELL-1763965655390-000230,EQUITY,200.0,29,2026-01-20 12:12:12.536930
BUY-1763965650529-006706,SELL-1763965655398-004361,EQUITY,206.41,220,2026-01-20 12:12:12.536932
BUY-1763965650529-006642,SELL-1763965655398-004361,EQUITY,206.41,186,2026-01-20 12:12:12.536935
BUY-1763965650529-006642,SELL-1763965655394-002050,EQUITY,168.3,45,2026-01-20 12:12:12.536937
BUY-1763965650521-001576,SELL-1763965655394-002050,EQUITY,168.3,76,2026-01-20 12:12:12.536940
BUY-1763965650521-001576,SELL-1763965655400-005375,EQUITY,253.83,196,2026-01-20 12:12:12.536942
BUY-1763965650520-000745,SELL-1763965655400-005375,EQUITY,253.83,117,2026-01-20 12:12:12.536945
BUY-1763965650527-005501,SELL-1763965655395-002790,FOREX,2.83,151,2026-01-20 12:12:12.536959
BUY-1763965650527-005501,SELL-1763965655403-007265,FOREX,5.54,438,2026-01-20 12:12:12.536962
BUY-1763965650525-004067,SELL-1763965655403-007265,FOREX,5.54,193,2026-01-20 12:12:12.536965
BUY-1763965650520-000745,SELL-1763965655401-006143,EQUITY,116.78,122,2026-01-20 12:12:12.536975
BUY-1763965650522-002029,SELL-1763965655401-006143,EQUITY,116.78,231,2026-01-20 12:12:12.536978
BUY-1763965650519-000518,SELL-1763965655401-006143,EQUITY,116.78,211,2026-01-20 12:12:12.536981
BUY-1763965650519-000518,SELL-1763965655400-005397,EQUITY,348.65,60,2026-01-20 12:12:12.536983
BUY-1763965650525-003931,SELL-1763965655400-005397,EQUITY,348.65,102,2026-01-20 12:12:12.536985
BUY-1763965650527-005670,SELL-1763965655391-000430,EQUITY,150.0,109,2026-01-20 12:12:12.536993
BUY-1763965650525-004067,SELL-1763965655392-000936,FOREX,6.14,339,2026-01-20 12:12:12.537002
BUY-1763965650525-004067,SELL-1763965655393-001431,FOREX,5.75,356,2026-01-20 12:12:12.537005
BUY-1763965650528-006035,SELL-1763965655393-001431,FOREX,5.75,49,2026-01-20 12:12:12.537008
BUY-1763965650525-003977,SELL-1763965655393-001431,FOREX,5.75,440,2026-01-20 12:12:12.537012
BUY-1763965650525-003977,SELL-1763965655390-000003,FOREX,2.0,27,2026-01-20 12:12:12.537033
BUY-1763965650525-003977,SELL-1763965655402-006547,FOREX,6.46,444,2026-01-20 12:12:12.537035
BUY-1763965650529-006891,SELL-1763965655402-006547,FOREX,6.46,383,2026-01-20 12:12:12.537038
BUY-1763965650527-005670,SELL-1763965655398-004164,EQUITY,170.07,110,2026-01-20 12:12:12.537052
BUY-1763965650523-002879,SELL-1763965655398-004164,EQUITY,170.07,128,2026-01-20 12:12:12.537055
BUY-1763965650523-002935,SELL-1763965655398-004164,EQUITY,170.07,112,2026-01-20 12:12:12.537057
BUY-1763965650523-002935,SELL-1763965655396-003287,EQUITY,157.17,97,2026-01-20 12:12:12.537087
BUY-1763965650528-005910,SELL-1763965655396-003287,EQUITY,157.17,174,2026-01-20 12:12:12.537091
BUY-1763965650529-006891,SELL-1763965655392-001162,FOREX,3.64,244,2026-01-20 12:12:12.537097
BUY-1763965650528-005910,SELL-1763965655397-003661,EQUITY,51.09,7,2026-01-20 12:12:12.537104
BUY-1763965650528-005910,SELL-1763965655396-003049,EQUITY,75.98,39,2026-01-20 12:12:12.537113
BUY-1763965650527-005727,SELL-1763965655396-003049,EQUITY,75.98,222,2026-01-20 12:12:12.537116
BUY-1763965650529-007022,SELL-1763965655396-003049,EQUITY,75.98,262,2026-01-20 12:12:12.537119
BUY-1763965650522-002156,SELL-1763965655396-003049,EQUITY,75.98,66,2026-01-20 12:12:12.537122
BUY-1763965650522-002156,SELL-1763965655400-005397,EQUITY,348.65,18,2026-01-20 12:12:12.537124
BUY-1763965650522-002156,SELL-1763965655403-007224,EQUITY,201.41,64,2026-01-20 12:12:12.537127
BUY-1763965650526-004700,SELL-1763965655403-007224,EQUITY,201.41,129,2026-01-20 12:12:12.537129
BUY-1763965650524-003108,SELL-1763965655403-007224,EQUITY,201.41,2,2026-01-20 12:12:12.537132
BUY-1763965650524-003108,SELL-1763965655396-003095,EQUITY,401.58,4,2026-01-20 12:12:12.537134
BUY-1763965650524-003108,SELL-1763965655399-004870,EQUITY,293.61,163,2026-01-20 12:12:12.537137
BUY-1763965650529-006891,SELL-1763965655396-003059,FOREX,1.03,357,2026-01-20 12:12:12.537149
BUY-1763965650525-004107,SELL-1763965655396-003059,FOREX,1.03,202,2026-01-20 12:12:12.537153
BUY-1763965650525-004107,SELL-1763965655399-004783,FOREX,4.59,152,2026-01-20 12:12:12.537163
BUY-1763965650527-005244,SELL-1763965655399-004783,FOREX,4.59,719,2026-01-20 12:12:12.537166
BUY-1763965650525-003990,SELL-1763965655399-004783,FOREX,4.59,125,2026-01-20 12:12:12.537169
BUY-1763965650526-004813,SELL-1763965655396-003007,EQUITY,88.73,375,2026-01-20 12:12:12.537177
BUY-1763965650528-006381,SELL-1763965655396-003007,EQUITY,88.73,229,2026-01-20 12:12:12.537180
BUY-1763965650521-001381,SELL-1763965655396-003007,EQUITY,88.73,31,2026-01-20 12:12:12.537183
BUY-1763965650525-003990,SELL-1763965655396-003111,FOREX,3.9,421,2026-01-20 12:12:12.537202
BUY-1763965650526-004605,SELL-1763965655396-003111,FOREX,3.9,11,2026-01-20 12:12:12.537205
BUY-1763965650521-001381,SELL-1763965655401-005979,EQUITY,143.64,123,2026-01-20 12:12:12.537211
BUY-1763965650526-004605,SELL-1763965655392-001266,FOREX,1.64,214,2026-01-20 12:12:12.537225
BUY-1763965650526-004605,SELL-1763965655396-003009,FOREX,4.51,578,2026-01-20 12:12:12.537236
BUY-1763965650523-002391,SELL-1763965655396-003009,FOREX,4.51,71,2026-01-20 12:12:12.537240
BUY-1763965650523-002391,SELL-1763965655398-004204,FOREX,4.74,34,2026-01-20 12:12:12.537256
BUY-1763965650522-001604,SELL-1763965655398-004204,FOREX,4.74,346,2026-01-20 12:12:12.537259
BUY-1763965650522-001604,SELL-1763965655403-007036,FOREX,4.08,18,2026-01-20 12:12:12.537265
BUY-1763965650526-004774,SELL-1763965655403-007036,FOREX,4.08,235,2026-01-20 12:12:12.537268
BUY-1763965650526-004774,SELL-1763965655398-004281,FOREX,6.51,18,2026-01-20 12:12:12.537285
BUY-1763965650521-001381,SELL-1763965655392-001247,EQUITY,162.87,296,2026-01-20 12:12:12.537304
BUY-1763965650519-000343,SELL-1763965655392-001247,EQUITY,162.87,1,2026-01-20 12:12:12.537307
BUY-1763965650519-000343,SELL-1763965655402-006688,EQUITY,189.72,77,2026-01-20 12:12:12.537310
BUY-1763965650522-001698,SELL-1763965655400-005191,EQUITY,90.96,262,2026-01-20 12:12:12.537324
BUY-1763965650520-000933,SELL-1763965655400-005191,EQUITY,90.96,33,2026-01-20 12:12:12.537327
BUY-1763965650526-004776,SELL-1763965655400-005191,EQUITY,90.96,116,2026-01-20 12:12:12.537330
BUY-1763965650526-004864,SELL-1763965655400-005191,EQUITY,90.96,4,2026-01-20 12:12:12.537332
BUY-1763965650522-001658,SELL-1763965655400-005191,EQUITY,90.96,108,2026-01-20 12:12:12.537335
BUY-1763965650528-006047,SELL-1763965655400-005191,EQUITY,90.96,181,2026-01-20 12:12:12.537337
BUY-1763965650526-005038,SELL-1763965655400-005191,EQUITY,90.96,13,2026-01-20 12:12:12.537340
BUY-1763965650526-005038,SELL-1763965655402-006688,EQUITY,189.72,38,2026-01-20 12:12:12.537342
BUY-1763965650524-003455,SELL-1763965655402-006688,EQUITY,189.72,116,2026-01-20 12:12:12.537344
BUY-1763965650520-000820,SELL-1763965655402-006688,EQUITY,189.72,164,2026-01-20 12:12:12.537347
BUY-1763965650528-006357,SELL-1763965655402-006688,EQUITY,189.72,89,2026-01-20 12:12:12.537350
BUY-1763965650528-006357,SELL-1763965655393-001895,EQUITY,209.82,168,2026-01-20 12:12:12.537352
BUY-1763965650521-001217,SELL-1763965655393-001895,EQUITY,209.82,33,2026-01-20 12:12:12.537354
BUY-1763965650521-001217,SELL-1763965655396-003231,EQUITY,212.06,241,2026-01-20 12:12:12.537357
BUY-1763965650528-005892,SELL-1763965655396-003231,EQUITY,212.06,1,2026-01-20 12:12:12.537359
BUY-1763965650518-000011,SELL-1763965655397-003696,EQUITY,91.7,25,2026-01-20 12:12:12.537373
BUY-1763965650524-003241,SELL-1763965655397-003696,EQUITY,91.7,12,2026-01-20 12:12:12.537376
BUY-1763965650520-001016,SELL-1763965655397-003696,EQUITY,91.7,322,2026-01-20 12:12:12.537378
BUY-1763965650526-004702,SELL-1763965655397-003696,EQUITY,91.7,58,2026-01-20 12:12:12.537381
BUY-1763965650521-001177,SELL-1763965655397-003696,EQUITY,91.7,111,2026-01-20 12:12:12.537384
BUY-1763965650522-001678,SELL-1763965655397-003696,EQUITY,91.7,55,2026-01-20 12:12:12.537386
BUY-1763965650522-001678,SELL-1763965655396-003231,EQUITY,212.06,164,2026-01-20 12:12:12.537389
BUY-1763965650522-001678,SELL-1763965655392-000933,EQUITY,225.77,29,2026-01-20 12:12:12.537391
BUY-1763965650522-001726,SELL-1763965655392-000933,EQUITY,225.77,102,2026-01-20 12:12:12.537394
BUY-1763965650518-000032,SELL-1763965655392-000933,EQUITY,225.77,20,2026-01-20 12:12:12.537396
BUY-1763965650528-006129,SELL-1763965655401-006197,FOREX,2.57,180,2026-01-20 12:12:12.537405
BUY-1763965650528-006129,SELL-1763965655403-007479,FOREX,4.72,24,2026-01-20 12:12:12.537451
BUY-1763965650527-005324,SELL-1763965655403-007479,FOREX,4.72,572,2026-01-20 12:12:12.537455
BUY-1763965650527-005324,SELL-1763965655398-004281,FOREX,6.51,106,2026-01-20 12:12:12.537457
BUY-1763965650521-001566,SELL-1763965655398-004281,FOREX,6.51,359,2026-01-20 12:12:12.537460
BUY-1763965650527-005104,SELL-1763965655398-004281,FOREX,6.51,175,2026-01-20 12:12:12.537463
BUY-1763965650525-004345,SELL-1763965655393-001872,FOREX,5.08,154,2026-01-20 12:12:12.537492
BUY-1763965650525-004345,SELL-1763965655391-000858,FOREX,1.59,366,2026-01-20 12:12:12.537519
BUY-1763965650527-005209,SELL-1763965655391-000858,FOREX,1.59,346,2026-01-20 12:12:12.537523
BUY-1763965650529-006653,SELL-1763965655397-003981,EQUITY,136.43,458,2026-01-20 12:12:12.537530
BUY-1763965650525-004193,SELL-1763965655397-003981,EQUITY,136.43,210,2026-01-20 12:12:12.537533
BUY-1763965650520-000744,SELL-1763965655397-003981,EQUITY,136.43,11,2026-01-20 12:12:12.537536
BUY-1763965650527-005209,SELL-1763965655396-003094,FOREX,3.41,242,2026-01-20 12:12:12.537571
BUY-1763965650520-000744,SELL-1763965655393-001524,EQUITY,69.8,72,2026-01-20 12:12:12.537636
BUY-1763965650519-000504,SELL-1763965655393-001524,EQUITY,69.8,168,2026-01-20 12:12:12.537639
BUY-1763965650527-005590,SELL-1763965655393-001524,EQUITY,69.8,55,2026-01-20 12:12:12.537643
BUY-1763965650527-005590,SELL-1763965655395-002885,EQUITY,160.65,228,2026-01-20 12:12:12.537645
BUY-1763965650522-001672,SELL-1763965655395-002885,EQUITY,160.65,244,2026-01-20 12:12:12.537647
BUY-1763965650521-001055,SELL-1763965655395-002885,EQUITY,160.65,2,2026-01-20 12:12:12.537650
BUY-1763965650521-001055,SELL-1763965655392-000933,EQUITY,225.77,148,2026-01-20 12:12:12.537652
BUY-1763965650521-001055,SELL-1763965655396-003025,EQUITY,179.58,99,2026-01-20 12:12:12.537654
BUY-1763965650523-002887,SELL-1763965655396-003025,EQUITY,179.58,4,2026-01-20 12:12:12.537657
BUY-1763965650527-005609,SELL-1763965655396-003025,EQUITY,179.58,123,2026-01-20 12:12:12.537659
BUY-1763965650527-005209,SELL-1763965655392-000963,FOREX,1.5,359,2026-01-20 12:12:12.537676
BUY-1763965650526-004806,SELL-1763965655392-000963,FOREX,1.5,112,2026-01-20 12:12:12.537679
BUY-1763965650528-006619,SELL-1763965655392-000963,FOREX,1.5,48,2026-01-20 12:12:12.537682
BUY-1763965650525-003948,SELL-1763965655392-000963,FOREX,1.5,476,2026-01-20 12:12:12.537685
BUY-1763965650525-003948,SELL-1763965655398-004281,FOREX,6.51,37,2026-01-20 12:12:12.537687
BUY-1763965650522-002165,SELL-1763965655398-004281,FOREX,6.51,269,2026-01-20 12:12:12.537690
BUY-1763965650522-002165,SELL-1763965655399-004735,FOREX,1.8,153,2026-01-20 12:12:12.537707
BUY-1763965650521-001351,SELL-1763965655399-004735,FOREX,1.8,424,2026-01-20 12:12:12.537711
BUY-1763965650521-001351,SELL-1763965655397-003616,FOREX,2.17,112,2026-01-20 12:12:12.537720
BUY-1763965650521-001351,SELL-1763965655393-001673,FOREX,3.11,462,2026-01-20 12:12:12.537727
BUY-1763965650529-007407,SELL-1763965655393-001673,FOREX,3.11,188,2026-01-20 12:12:12.537730
BUY-1763965650527-005217,SELL-1763965655393-001673,FOREX,3.11,130,2026-01-20 12:12:12.537732
BUY-1763965650527-005609,SELL-1763965655390-000209,EQUITY,150.0,24,2026-01-20 12:12:12.537745
BUY-1763965650528-006189,SELL-1763965655390-000209,EQUITY,150.0,38,2026-01-20 12:12:12.537748
BUY-1763965650529-006682,SELL-1763965655390-000209,EQUITY,150.0,47,2026-01-20 12:12:12.537750
BUY-1763965650529-006682,SELL-1763965655397-003895,EQUITY,193.02,169,2026-01-20 12:12:12.537765
BUY-1763965650529-006922,SELL-1763965655397-003895,EQUITY,193.02,20,2026-01-20 12:12:12.537769
BUY-1763965650529-007378,SELL-1763965655397-003895,EQUITY,193.02,210,2026-01-20 12:12:12.537772
BUY-1763965650529-007378,SELL-1763965655400-005251,EQUITY,97.99,50,2026-01-20 12:12:12.537793
BUY-1763965650526-005013,SELL-1763965655400-005251,EQUITY,97.99,221,2026-01-20 12:12:12.537796
BUY-1763965650524-003555,SELL-1763965655400-005251,EQUITY,97.99,341,2026-01-20 12:12:12.537799
BUY-1763965650527-005682,SELL-1763965655400-005251,EQUITY,97.99,26,2026-01-20 12:12:12.537801
BUY-1763965650529-007471,SELL-1763965655400-005251,EQUITY,97.99,64,2026-01-20 12:12:12.537804
BUY-1763965650529-007471,SELL-1763965655401-006244,EQUITY,300.59,36,2026-01-20 12:12:12.537806
BUY-1763965650529-007471,SELL-1763965655392-001041,EQUITY,214.5,103,2026-01-20 12:12:12.537809
BUY-1763965650523-002600,SELL-1763965655392-001041,EQUITY,214.5,131,2026-01-20 12:12:12.537811
BUY-1763965650523-002600,SELL-1763965655398-004084,EQUITY,202.88,88,2026-01-20 12:12:12.537813
BUY-1763965650524-003111,SELL-1763965655398-004084,EQUITY,202.88,10,2026-01-20 12:12:12.537816
BUY-1763965650524-003111,SELL-1763965655393-001721,EQUITY,190.94,24,2026-01-20 12:12:12.537818
BUY-1763965650524-003111,SELL-1763965655391-000413,EQUITY,300.0,22,2026-01-20 12:12:12.537821
BUY-1763965650524-003111,SELL-1763965655402-006567,EQUITY,190.69,10,2026-01-20 12:12:12.537823
BUY-1763965650528-006126,SELL-1763965655402-006567,EQUITY,190.69,115,2026-01-20 12:12:12.537826
BUY-1763965650521-001064,SELL-1763965655402-006567,EQUITY,190.69,220,2026-01-20 12:12:12.537828
BUY-1763965650523-002422,SELL-1763965655402-006567,EQUITY,190.69,129,2026-01-20 12:12:12.537831
BUY-1763965650523-002422,SELL-1763965655399-004870,EQUITY,293.61,60,2026-01-20 12:12:12.537834
BUY-1763965650523-002528,SELL-1763965655399-004870,EQUITY,293.61,43,2026-01-20 12:12:12.537836
BUY-1763965650529-006725,SELL-1763965655399-004870,EQUITY,293.61,46,2026-01-20 12:12:12.537839
BUY-1763965650529-006725,SELL-1763965655392-001380,EQUITY,224.02,83,2026-01-20 12:12:12.537841
BUY-1763965650519-000265,SELL-1763965655392-001380,EQUITY,224.02,33,2026-01-20 12:12:12.537844
BUY-1763965650524-003047,SELL-1763965655392-001380,EQUITY,224.02,179,2026-01-20 12:12:12.537846
BUY-1763965650523-002571,SELL-1763965655392-001380,EQUITY,224.02,37,2026-01-20 12:12:12.537849
BUY-1763965650523-002571,SELL-1763965655390-000043,EQUITY,250.0,38,2026-01-20 12:12:12.537851
BUY-1763965650523-002571,SELL-1763965655391-000476,EQUITY,200.0,41,2026-01-20 12:12:12.537853
BUY-1763965650523-002571,SELL-1763965655400-005543,EQUITY,226.23,67,2026-01-20 12:12:12.537856
BUY-1763965650522-002257,SELL-1763965655400-005543,EQUITY,226.23,260,2026-01-20 12:12:12.537858
BUY-1763965650529-006910,SELL-1763965655397-003699,EQUITY,51.42,333,2026-01-20 12:12:12.537876
BUY-1763965650527-005596,SELL-1763965655397-003699,EQUITY,51.42,119,2026-01-20 12:12:12.537879
BUY-1763965650529-006683,SELL-1763965655397-003699,EQUITY,51.42,156,2026-01-20 12:12:12.537882
BUY-1763965650529-006683,SELL-1763965655400-005543,EQUITY,226.23,14,2026-01-20 12:12:12.537884
BUY-1763965650529-006683,SELL-1763965655399-004632,EQUITY,242.59,117,2026-01-20 12:12:12.537886
BUY-1763965650529-006683,SELL-1763965655393-001909,EQUITY,225.19,18,2026-01-20 12:12:12.537889
BUY-1763965650527-005153,SELL-1763965655393-001909,EQUITY,225.19,102,2026-01-20 12:12:12.537891
BUY-1763965650527-005153,SELL-1763965655395-002797,EQUITY,237.0,26,2026-01-20 12:12:12.537894
BUY-1763965650527-005408,SELL-1763965655395-002797,EQUITY,237.0,11,2026-01-20 12:12:12.537897
BUY-1763965650527-005408,SELL-1763965655397-003723,EQUITY,267.37,121,2026-01-20 12:12:12.537899
BUY-1763965650523-002292,SELL-1763965655397-003723,EQUITY,267.37,127,2026-01-20 12:12:12.537902
BUY-1763965650527-005217,SELL-1763965655396-003423,FOREX,1.75,57,2026-01-20 12:12:12.537917
BUY-1763965650525-003900,SELL-1763965655396-003423,FOREX,1.75,263,2026-01-20 12:12:12.537920
BUY-1763965650523-002292,SELL-1763965655396-003275,EQUITY,170.58,152,2026-01-20 12:12:12.537934
BUY-1763965650522-001700,SELL-1763965655396-003275,EQUITY,170.58,109,2026-01-20 12:12:12.537937
BUY-1763965650525-004351,SELL-1763965655396-003275,EQUITY,170.58,5,2026-01-20 12:12:12.537940
BUY-1763965650525-003900,SELL-1763965655401-005951,FOREX,4.6,532,2026-01-20 12:12:12.537956
BUY-1763965650523-002938,SELL-1763965655401-005951,FOREX,4.6,153,2026-01-20 12:12:12.537959
BUY-1763965650528-005926,SELL-1763965655401-005951,FOREX,4.6,119,2026-01-20 12:12:12.537962
BUY-1763965650528-005926,SELL-1763965655399-004869,FOREX,4.77,2,2026-01-20 12:12:12.537968
BUY-1763965650528-005926,SELL-1763965655401-006044,FOREX,2.27,71,2026-01-20 12:12:12.537982
BUY-1763965650519-000554,SELL-1763965655401-006044,FOREX,2.27,407,2026-01-20 12:12:12.537986
BUY-1763965650525-003782,SELL-1763965655401-006044,FOREX,2.27,290,2026-01-20 12:12:12.537989
BUY-1763965650525-003782,SELL-1763965655401-006291,FOREX,3.76,1,2026-01-20 12:12:12.538005
BUY-1763965650525-004351,SELL-1763965655393-001639,EQUITY,75.52,193,2026-01-20 12:12:12.538035
BUY-1763965650520-000779,SELL-1763965655393-001639,EQUITY,75.52,255,2026-01-20 12:12:12.538038
BUY-1763965650521-001286,SELL-1763965655393-001639,EQUITY,75.52,74,2026-01-20 12:12:12.538041
BUY-1763965650525-003782,SELL-1763965655402-006603,FOREX,4.21,484,2026-01-20 12:12:12.538066
BUY-1763965650522-001958,SELL-1763965655402-006603,FOREX,4.21,106,2026-01-20 12:12:12.538069
BUY-1763965650521-001286,SELL-1763965655403-007008,EQUITY,98.62,193,2026-01-20 12:12:12.538078
BUY-1763965650528-005935,SELL-1763965655403-007008,EQUITY,98.62,306,2026-01-20 12:12:12.538081
BUY-1763965650527-005384,SELL-1763965655403-007008,EQUITY,98.62,170,2026-01-20 12:12:12.538084
BUY-1763965650525-004150,SELL-1763965655403-007008,EQUITY,98.62,315,2026-01-20 12:12:12.538086
BUY-1763965650522-001958,SELL-1763965655392-001111,FOREX,1.74,80,2026-01-20 12:12:12.538092
BUY-1763965650525-004150,SELL-1763965655398-004418,EQUITY,140.04,15,2026-01-20 12:12:12.538102
BUY-1763965650522-002005,SELL-1763965655398-004418,EQUITY,140.04,112,2026-01-20 12:12:12.538105
BUY-1763965650529-006634,SELL-1763965655398-004418,EQUITY,140.04,71,2026-01-20 12:12:12.538108
BUY-1763965650522-001958,SELL-1763965655402-006625,FOREX,1.36,178,2026-01-20 12:12:12.538127
BUY-1763965650529-006634,SELL-1763965655399-004669,EQUITY,94.22,224,2026-01-20 12:12:12.538135
BUY-1763965650526-004901,SELL-1763965655399-004669,EQUITY,94.22,14,2026-01-20 12:12:12.538138
BUY-1763965650527-005455,SELL-1763965655399-004669,EQUITY,94.22,105,2026-01-20 12:12:12.538141
BUY-1763965650529-006836,SELL-1763965655399-004669,EQUITY,94.22,11,2026-01-20 12:12:12.538143
BUY-1763965650520-000844,SELL-1763965655399-004669,EQUITY,94.22,67,2026-01-20 12:12:12.538146
BUY-1763965650520-000844,SELL-1763965655393-001467,EQUITY,75.05,224,2026-01-20 12:12:12.538163
BUY-1763965650519-000267,SELL-1763965655393-001467,EQUITY,75.05,88,2026-01-20 12:12:12.538166
BUY-1763965650524-003458,SELL-1763965655393-001467,EQUITY,75.05,142,2026-01-20 12:12:12.538168
BUY-1763965650524-003458,SELL-1763965655392-000979,EQUITY,80.66,190,2026-01-20 12:12:12.538175
BUY-1763965650521-001315,SELL-1763965655392-000979,EQUITY,80.66,361,2026-01-20 12:12:12.538178
BUY-1763965650520-000712,SELL-1763965655392-000979,EQUITY,80.66,58,2026-01-20 12:12:12.538180
BUY-1763965650520-000696,SELL-1763965655392-000979,EQUITY,80.66,134,2026-01-20 12:12:12.538183
BUY-1763965650520-000696,SELL-1763965655402-006529,EQUITY,177.33,74,2026-01-20 12:12:12.538237
BUY-1763965650520-000975,SELL-1763965655402-006529,EQUITY,177.33,76,2026-01-20 12:12:12.538240
BUY-1763965650521-001179,SELL-1763965655402-006529,EQUITY,177.33,114,2026-01-20 12:12:12.538242
BUY-1763965650528-006526,SELL-1763965655402-006529,EQUITY,177.33,36,2026-01-20 12:12:12.538245
BUY-1763965650522-001958,SELL-1763965655402-006509,FOREX,3.02,244,2026-01-20 12:12:12.538272
BUY-1763965650527-005234,SELL-1763965655402-006509,FOREX,3.02,646,2026-01-20 12:12:12.538276
BUY-1763965650527-005234,SELL-1763965655394-002342,FOREX,4.79,4,2026-01-20 12:12:12.538278
BUY-1763965650528-005970,SELL-1763965655394-002342,FOREX,4.79,288,2026-01-20 12:12:12.538281
BUY-1763965650526-004390,SELL-1763965655394-002342,FOREX,4.79,325,2026-01-20 12:12:12.538284
BUY-1763965650528-006526,SELL-1763965655394-002138,EQUITY,98.67,169,2026-01-20 12:12:12.538300
BUY-1763965650526-004390,SELL-1763965655401-006137,FOREX,1.8,233,2026-01-20 12:12:12.538325
BUY-1763965650526-004390,SELL-1763965655399-004788,FOREX,1.37,97,2026-01-20 12:12:12.538357
BUY-1763965650523-002696,SELL-1763965655399-004788,FOREX,1.37,44,2026-01-20 12:12:12.538360
BUY-1763965650522-001900,SELL-1763965655399-004788,FOREX,1.37,305,2026-01-20 12:12:12.538364
BUY-1763965650528-006526,SELL-1763965655396-003056,EQUITY,109.35,134,2026-01-20 12:12:12.538379
BUY-1763965650523-002427,SELL-1763965655396-003056,EQUITY,109.35,85,2026-01-20 12:12:12.538382
BUY-1763965650523-002427,SELL-1763965655402-006703,EQUITY,189.64,129,2026-01-20 12:12:12.538435
BUY-1763965650522-001900,SELL-1763965655400-005378,FOREX,4.57,445,2026-01-20 12:12:12.538442
BUY-1763965650527-005195,SELL-1763965655400-005378,FOREX,4.57,189,2026-01-20 12:12:12.538446
BUY-1763965650529-006870,SELL-1763965655400-005378,FOREX,4.57,117,2026-01-20 12:12:12.538449
BUY-1763965650523-002427,SELL-1763965655401-006083,EQUITY,121.83,21,2026-01-20 12:12:12.538494
BUY-1763965650523-002427,SELL-1763965655392-001147,EQUITY,182.71,38,2026-01-20 12:12:12.538503
BUY-1763965650523-002427,SELL-1763965655396-003393,EQUITY,71.93,19,2026-01-20 12:12:12.538522
BUY-1763965650528-005812,SELL-1763965655396-003393,EQUITY,71.93,329,2026-01-20 12:12:12.538525
BUY-1763965650528-006437,SELL-1763965655396-003393,EQUITY,71.93,195,2026-01-20 12:12:12.538528
BUY-1763965650529-007278,SELL-1763965655396-003393,EQUITY,71.93,23,2026-01-20 12:12:12.538531
BUY-1763965650529-007244,SELL-1763965655396-003393,EQUITY,71.93,70,2026-01-20 12:12:12.538533
BUY-1763965650529-007330,SELL-1763965655396-003393,EQUITY,71.93,152,2026-01-20 12:12:12.538535
BUY-1763965650529-007047,SELL-1763965655396-003393,EQUITY,71.93,187,2026-01-20 12:12:12.538538
BUY-1763965650529-007047,SELL-1763965655399-005085,EQUITY,108.27,163,2026-01-20 12:12:12.538545
BUY-1763965650523-002913,SELL-1763965655399-005085,EQUITY,108.27,135,2026-01-20 12:12:12.538548
BUY-1763965650529-006870,SELL-1763965655398-004127,FOREX,4.32,277,2026-01-20 12:12:12.538569
BUY-1763965650527-005554,SELL-1763965655398-004127,FOREX,4.32,474,2026-01-20 12:12:12.538572
BUY-1763965650527-005554,SELL-1763965655402-006414,FOREX,3.6,77,2026-01-20 12:12:12.538583
BUY-1763965650529-006901,SELL-1763965655402-006414,FOREX,3.6,391,2026-01-20 12:12:12.538586
BUY-1763965650523-002841,SELL-1763965655402-006414,FOREX,3.6,6,2026-01-20 12:12:12.538589
BUY-1763965650523-002841,SELL-1763965655392-001354,FOREX,2.62,755,2026-01-20 12:12:12.538602
BUY-1763965650523-002913,SELL-1763965655390-000173,EQUITY,100.0,24,2026-01-20 12:12:12.538610
BUY-1763965650522-002159,SELL-1763965655390-000173,EQUITY,100.0,35,2026-01-20 12:12:12.538613
BUY-1763965650522-002159,SELL-1763965655402-006746,EQUITY,118.1,71,2026-01-20 12:12:12.538619
BUY-1763965650525-004199,SELL-1763965655402-006746,EQUITY,118.1,97,2026-01-20 12:12:12.538622
BUY-1763965650523-002841,SELL-1763965655392-001150,FOREX,4.13,200,2026-01-20 12:12:12.538632
BUY-1763965650525-004174,SELL-1763965655392-001150,FOREX,4.13,25,2026-01-20 12:12:12.538635
BUY-1763965650525-004174,SELL-1763965655401-006096,FOREX,3.68,332,2026-01-20 12:12:12.538648
BUY-1763965650525-004199,SELL-1763965655392-001306,EQUITY,162.65,25,2026-01-20 12:12:12.538654
BUY-1763965650525-004174,SELL-1763965655394-002113,FOREX,4.71,186,2026-01-20 12:12:12.538695
BUY-1763965650525-004091,SELL-1763965655394-002113,FOREX,4.71,119,2026-01-20 12:12:12.538699
BUY-1763965650529-006827,SELL-1763965655394-002113,FOREX,4.71,413,2026-01-20 12:12:12.538702
BUY-1763965650529-006827,SELL-1763965655392-001405,FOREX,4.7,29,2026-01-20 12:12:12.538717
BUY-1763965650529-006827,SELL-1763965655390-000060,FOREX,1.5,49,2026-01-20 12:12:12.538728
BUY-1763965650525-004199,SELL-1763965655403-007411,EQUITY,178.49,296,2026-01-20 12:12:12.538735
BUY-1763965650528-006204,SELL-1763965655403-007411,EQUITY,178.49,117,2026-01-20 12:12:12.538738
BUY-1763965650529-006827,SELL-1763965655395-002769,FOREX,3.49,145,2026-01-20 12:12:12.538757
BUY-1763965650521-001567,SELL-1763965655395-002769,FOREX,3.49,171,2026-01-20 12:12:12.538760
BUY-1763965650521-001567,SELL-1763965655393-001445,FOREX,3.49,355,2026-01-20 12:12:12.538788
BUY-1763965650526-004636,SELL-1763965655393-001445,FOREX,3.49,220,2026-01-20 12:12:12.538792
BUY-1763965650526-004636,SELL-1763965655392-001088,FOREX,2.59,272,2026-01-20 12:12:12.538809
BUY-1763965650528-006204,SELL-1763965655399-004903,EQUITY,82.36,8,2026-01-20 12:12:12.538817
BUY-1763965650520-000943,SELL-1763965655399-004903,EQUITY,82.36,84,2026-01-20 12:12:12.538820
BUY-1763965650522-001892,SELL-1763965655399-004903,EQUITY,82.36,217,2026-01-20 12:12:12.538823
BUY-1763965650522-002256,SELL-1763965655399-004903,EQUITY,82.36,257,2026-01-20 12:12:12.538826
BUY-1763965650522-002256,SELL-1763965655399-004548,EQUITY,105.53,139,2026-01-20 12:12:12.538858
BUY-1763965650522-002098,SELL-1763965655399-004548,EQUITY,105.53,142,2026-01-20 12:12:12.538860
BUY-1763965650526-004636,SELL-1763965655395-002859,FOREX,2.93,172,2026-01-20 12:12:12.538890
BUY-1763965650522-002098,SELL-1763965655391-000477,EQUITY,100.0,79,2026-01-20 12:12:12.538906
BUY-1763965650522-002098,SELL-1763965655400-005692,EQUITY,69.85,155,2026-01-20 12:12:12.538952
BUY-1763965650523-002530,SELL-1763965655400-005692,EQUITY,69.85,55,2026-01-20 12:12:12.538957
BUY-1763965650526-004636,SELL-1763965655403-007362,FOREX,4.35,257,2026-01-20 12:12:12.538973
BUY-1763965650520-000999,SELL-1763965655403-007362,FOREX,4.35,113,2026-01-20 12:12:12.538979
BUY-1763965650520-000999,SELL-1763965655396-003147,FOREX,1.44,497,2026-01-20 12:12:12.538995
BUY-1763965650529-006847,SELL-1763965655396-003147,FOREX,1.44,223,2026-01-20 12:12:12.539001
BUY-1763965650523-002464,SELL-1763965655396-003147,FOREX,1.44,196,2026-01-20 12:12:12.539004
BUY-1763965650523-002464,SELL-1763965655401-006024,FOREX,4.26,231,2026-01-20 12:12:12.539019
BUY-1763965650523-002464,SELL-1763965655401-005972,FOREX,3.54,42,2026-01-20 12:12:12.539038
BUY-1763965650520-000948,SELL-1763965655401-005972,FOREX,3.54,18,2026-01-20 12:12:12.539042
BUY-1763965650525-004053,SELL-1763965655401-005972,FOREX,3.54,365,2026-01-20 12:12:12.539045
BUY-1763965650524-003414,SELL-1763965655401-005972,FOREX,3.54,191,2026-01-20 12:12:12.539048
BUY-1763965650527-005731,SELL-1763965655402-006743,CRYPTO,218.78,41,2026-01-20 12:12:12.539056
BUY-1763965650524-003414,SELL-1763965655391-000618,FOREX,4.11,127,2026-01-20 12:12:12.539100
BUY-1763965650523-002530,SELL-1763965655391-000422,EQUITY,100.0,23,2026-01-20 12:12:12.539121
BUY-1763965650524-003414,SELL-1763965655397-003922,FOREX,1.77,181,2026-01-20 12:12:12.539138
BUY-1763965650529-007000,SELL-1763965655397-003922,FOREX,1.77,336,2026-01-20 12:12:12.539141
BUY-1763965650529-007000,SELL-1763965655394-002094,FOREX,4.49,75,2026-01-20 12:12:12.539168
BUY-1763965650522-002124,SELL-1763965655394-002094,FOREX,4.49,184,2026-01-20 12:12:12.539171
BUY-1763965650527-005382,SELL-1763965655394-002094,FOREX,4.49,305,2026-01-20 12:12:12.539174
BUY-1763965650523-002530,SELL-1763965655401-006079,EQUITY,123.77,31,2026-01-20 12:12:12.539181
BUY-1763965650528-005836,SELL-1763965655401-006079,EQUITY,123.77,147,2026-01-20 12:12:12.539184
BUY-1763965650523-002430,SELL-1763965655401-006079,EQUITY,123.77,127,2026-01-20 12:12:12.539187
BUY-1763965650527-005382,SELL-1763965655400-005513,FOREX,4.15,289,2026-01-20 12:12:12.539198
BUY-1763965650525-003793,SELL-1763965655400-005513,FOREX,4.15,557,2026-01-20 12:12:12.539202
BUY-1763965650525-003793,SELL-1763965655395-002577,FOREX,3.65,166,2026-01-20 12:12:12.542702
BUY-1763965650528-006370,SELL-1763965655395-002577,FOREX,3.65,386,2026-01-20 12:12:12.542728
BUY-1763965650528-006370,SELL-1763965655397-003725,FOREX,3.67,51,2026-01-20 12:12:12.542771
BUY-1763965650528-006545,SELL-1763965655397-003725,FOREX,3.67,613,2026-01-20 12:12:12.542774
BUY-1763965650523-002430,SELL-1763965655400-005633,EQUITY,86.62,170,2026-01-20 12:12:12.542781
BUY-1763965650523-002896,SELL-1763965655400-005633,EQUITY,86.62,75,2026-01-20 12:12:12.542784
BUY-1763965650527-005279,SELL-1763965655400-005633,EQUITY,86.62,90,2026-01-20 12:12:12.542787
BUY-1763965650525-004292,SELL-1763965655400-005633,EQUITY,86.62,55,2026-01-20 12:12:12.542789
BUY-1763965650523-002574,SELL-1763965655400-005633,EQUITY,86.62,147,2026-01-20 12:12:12.542792
BUY-1763965650529-006660,SELL-1763965655400-005633,EQUITY,86.62,9,2026-01-20 12:12:12.542794
BUY-1763965650528-006545,SELL-1763965655401-006325,FOREX,4.51,384,2026-01-20 12:12:12.542801
BUY-1763965650528-006412,SELL-1763965655401-006325,FOREX,4.51,106,2026-01-20 12:12:12.542804
BUY-1763965650524-003034,SELL-1763965655401-006325,FOREX,4.51,259,2026-01-20 12:12:12.542807
BUY-1763965650522-002123,SELL-1763965655401-006325,FOREX,4.51,175,2026-01-20 12:12:12.542809
BUY-1763965650529-006660,SELL-1763965655393-001694,EQUITY,188.31,10,2026-01-20 12:12:12.542818
BUY-1763965650529-007325,SELL-1763965655393-001694,EQUITY,188.31,315,2026-01-20 12:12:12.542821
BUY-1763965650524-003259,SELL-1763965655393-001694,EQUITY,188.31,165,2026-01-20 12:12:12.542823
BUY-1763965650527-005731,SELL-1763965655398-004285,CRYPTO,240.85,65,2026-01-20 12:12:12.542830
BUY-1763965650518-000081,SELL-1763965655398-004285,CRYPTO,240.85,15,2026-01-20 12:12:12.542833
BUY-1763965650522-002123,SELL-1763965655393-001520,FOREX,2.45,202,2026-01-20 12:12:12.542855
BUY-1763965650522-002123,SELL-1763965655399-004628,FOREX,1.5,212,2026-01-20 12:12:12.542885
BUY-1763965650520-001036,SELL-1763965655399-004628,FOREX,1.5,258,2026-01-20 12:12:12.542889
BUY-1763965650520-001036,SELL-1763965655397-003571,FOREX,3.05,736,2026-01-20 12:12:12.542904
BUY-1763965650526-004583,SELL-1763965655397-003571,FOREX,3.05,230,2026-01-20 12:12:12.542908
BUY-1763965650524-003259,SELL-1763965655390-000042,EQUITY,200.0,34,2026-01-20 12:12:12.542930
BUY-1763965650526-004583,SELL-1763965655400-005471,FOREX,3.4,311,2026-01-20 12:12:12.542936
BUY-1763965650526-004839,SELL-1763965655400-005471,FOREX,3.4,381,2026-01-20 12:12:12.542939
BUY-1763965650526-004839,SELL-1763965655400-005489,FOREX,5.12,11,2026-01-20 12:12:12.542953
BUY-1763965650527-005401,SELL-1763965655400-005489,FOREX,5.12,456,2026-01-20 12:12:12.542957
BUY-1763965650529-007394,SELL-1763965655400-005489,FOREX,5.12,389,2026-01-20 12:12:12.542960
BUY-1763965650523-002418,SELL-1763965655400-005489,FOREX,5.12,29,2026-01-20 12:12:12.542962
BUY-1763965650527-005129,SELL-1763965655400-005489,FOREX,5.12,23,2026-01-20 12:12:12.542965
BUY-1763965650524-003259,SELL-1763965655398-004039,EQUITY,172.17,13,2026-01-20 12:12:12.542974
BUY-1763965650527-005129,SELL-1763965655403-007151,FOREX,1.17,595,2026-01-20 12:12:12.542985
BUY-1763965650527-005129,SELL-1763965655396-003239,FOREX,2.95,121,2026-01-20 12:12:12.543005
BUY-1763965650529-006695,SELL-1763965655396-003239,FOREX,2.95,231,2026-01-20 12:12:12.543008
BUY-1763965650529-006890,SELL-1763965655396-003239,FOREX,2.95,185,2026-01-20 12:12:12.543010
BUY-1763965650528-005985,SELL-1763965655396-003239,FOREX,2.95,307,2026-01-20 12:12:12.543014
BUY-1763965650524-003413,SELL-1763965655396-003239,FOREX,2.95,28,2026-01-20 12:12:12.543017
BUY-1763965650524-003413,SELL-1763965655398-004121,FOREX,4.58,827,2026-01-20 12:12:12.543026
BUY-1763965650524-003259,SELL-1763965655396-003248,EQUITY,136.05,108,2026-01-20 12:12:12.543038
BUY-1763965650524-003645,SELL-1763965655396-003248,EQUITY,136.05,101,2026-01-20 12:12:12.543041
BUY-1763965650522-001914,SELL-1763965655396-003248,EQUITY,136.05,26,2026-01-20 12:12:12.543044
BUY-1763965650526-004588,SELL-1763965655396-003248,EQUITY,136.05,358,2026-01-20 12:12:12.543047
BUY-1763965650521-001159,SELL-1763965655396-003248,EQUITY,136.05,136,2026-01-20 12:12:12.543049
BUY-1763965650524-003413,SELL-1763965655394-002095,FOREX,1.31,115,2026-01-20 12:12:12.543063
BUY-1763965650528-006200,SELL-1763965655394-002095,FOREX,1.31,342,2026-01-20 12:12:12.543066
BUY-1763965650528-006200,SELL-1763965655398-004304,FOREX,2.48,134,2026-01-20 12:12:12.543086
BUY-1763965650529-007174,SELL-1763965655398-004304,FOREX,2.48,23,2026-01-20 12:12:12.543103
BUY-1763965650522-001906,SELL-1763965655398-004304,FOREX,2.48,436,2026-01-20 12:12:12.543106
BUY-1763965650522-001906,SELL-1763965655390-000211,FOREX,3.5,23,2026-01-20 12:12:12.543126
BUY-1763965650522-001906,SELL-1763965655394-002336,FOREX,1.94,275,2026-01-20 12:12:12.543139
BUY-1763965650526-004875,SELL-1763965655394-002336,FOREX,1.94,285,2026-01-20 12:12:12.543142
BUY-1763965650526-004875,SELL-1763965655403-007138,FOREX,3.91,423,2026-01-20 12:12:12.543162
BUY-1763965650526-004875,SELL-1763965655401-006048,FOREX,1.85,259,2026-01-20 12:12:12.543196
BUY-1763965650529-006852,SELL-1763965655401-006048,FOREX,1.85,298,2026-01-20 12:12:12.543199
BUY-1763965650529-006852,SELL-1763965655399-004681,FOREX,2.66,178,2026-01-20 12:12:12.543205
BUY-1763965650520-000814,SELL-1763965655399-004681,FOREX,2.66,67,2026-01-20 12:12:12.543208
BUY-1763965650521-001159,SELL-1763965655393-001828,EQUITY,139.7,233,2026-01-20 12:12:12.543214
BUY-1763965650524-003032,SELL-1763965655393-001828,EQUITY,139.7,114,2026-01-20 12:12:12.543217
BUY-1763965650520-000814,SELL-1763965655394-002024,FOREX,3.85,797,2026-01-20 12:12:12.543279
BUY-1763965650528-006499,SELL-1763965655394-002024,FOREX,3.85,199,2026-01-20 12:12:12.543283
BUY-1763965650528-006499,SELL-1763965655390-000318,FOREX,2.0,25,2026-01-20 12:12:12.543301
BUY-1763965650524-003032,SELL-1763965655391-000486,EQUITY,150.0,13,2026-01-20 12:12:12.543311
BUY-1763965650528-006499,SELL-1763965655393-001515,FOREX,1.15,717,2026-01-20 12:12:12.543323
BUY-1763965650528-006093,SELL-1763965655393-001515,FOREX,1.15,280,2026-01-20 12:12:12.543327
BUY-1763965650528-006093,SELL-1763965655403-007315,FOREX,1.62,430,2026-01-20 12:12:12.543333
BUY-1763965650521-001264,SELL-1763965655403-007315,FOREX,1.62,264,2026-01-20 12:12:12.543336
BUY-1763965650524-003032,SELL-1763965655393-001927,EQUITY,163.51,188,2026-01-20 12:12:12.543345
BUY-1763965650524-003130,SELL-1763965655393-001927,EQUITY,163.51,309,2026-01-20 12:12:12.543348
BUY-1763965650525-004003,SELL-1763965655393-001927,EQUITY,163.51,36,2026-01-20 12:12:12.543350
BUY-1763965650521-001264,SELL-1763965655391-000456,FOREX,2.5,68,2026-01-20 12:12:12.543369
BUY-1763965650525-004003,SELL-1763965655403-007055,EQUITY,95.31,139,2026-01-20 12:12:12.543409
BUY-1763965650529-007318,SELL-1763965655403-007055,EQUITY,95.31,308,2026-01-20 12:12:12.543412
BUY-1763965650528-006342,SELL-1763965655403-007055,EQUITY,95.31,307,2026-01-20 12:12:12.543415
BUY-1763965650525-003783,SELL-1763965655403-007055,EQUITY,95.31,213,2026-01-20 12:12:12.543417
BUY-1763965650525-003783,SELL-1763965655399-004677,EQUITY,141.65,39,2026-01-20 12:12:12.543436
BUY-1763965650521-001243,SELL-1763965655399-004677,EQUITY,141.65,227,2026-01-20 12:12:12.543439
BUY-1763965650521-001264,SELL-1763965655399-005017,FOREX,1.94,229,2026-01-20 12:12:12.543462
BUY-1763965650521-001264,SELL-1763965655402-006948,FOREX,4.41,101,2026-01-20 12:12:12.543470
BUY-1763965650524-003071,SELL-1763965655402-006948,FOREX,4.41,341,2026-01-20 12:12:12.543473
BUY-1763965650521-001243,SELL-1763965655400-005252,EQUITY,214.87,105,2026-01-20 12:12:12.543486
BUY-1763965650522-001803,SELL-1763965655400-005252,EQUITY,214.87,97,2026-01-20 12:12:12.543489
BUY-1763965650519-000271,SELL-1763965655400-005252,EQUITY,214.87,32,2026-01-20 12:12:12.543492
BUY-1763965650519-000271,SELL-1763965655402-006451,EQUITY,180.97,1,2026-01-20 12:12:12.543510
BUY-1763965650527-005533,SELL-1763965655402-006451,EQUITY,180.97,112,2026-01-20 12:12:12.543516
BUY-1763965650527-005316,SELL-1763965655402-006451,EQUITY,180.97,60,2026-01-20 12:12:12.543518
BUY-1763965650529-006756,SELL-1763965655402-006451,EQUITY,180.97,82,2026-01-20 12:12:12.543521
BUY-1763965650526-004849,SELL-1763965655402-006451,EQUITY,180.97,157,2026-01-20 12:12:12.543524
BUY-1763965650520-000774,SELL-1763965655402-006451,EQUITY,180.97,6,2026-01-20 12:12:12.543526
BUY-1763965650520-000774,SELL-1763965655396-003278,EQUITY,195.24,46,2026-01-20 12:12:12.543543
BUY-1763965650528-006475,SELL-1763965655396-003278,EQUITY,195.24,173,2026-01-20 12:12:12.543546
BUY-1763965650524-003071,SELL-1763965655397-003990,FOREX,4.75,404,2026-01-20 12:12:12.543552
BUY-1763965650528-006475,SELL-1763965655402-006458,EQUITY,106.57,87,2026-01-20 12:12:12.543562
BUY-1763965650528-006218,SELL-1763965655402-006458,EQUITY,106.57,93,2026-01-20 12:12:12.543565
BUY-1763965650524-003071,SELL-1763965655401-006103,FOREX,1.34,145,2026-01-20 12:12:12.543600
BUY-1763965650524-003398,SELL-1763965655401-006103,FOREX,1.34,509,2026-01-20 12:12:12.543603
BUY-1763965650529-006858,SELL-1763965655401-006103,FOREX,1.34,201,2026-01-20 12:12:12.543606
BUY-1763965650529-006858,SELL-1763965655391-000473,FOREX,2.5,94,2026-01-20 12:12:12.543612
BUY-1763965650529-006858,SELL-1763965655402-006337,FOREX,4.24,360,2026-01-20 12:12:12.543635
BUY-1763965650526-004439,SELL-1763965655402-006337,FOREX,4.24,604,2026-01-20 12:12:12.543638
BUY-1763965650526-004876,SELL-1763965655402-006337,FOREX,4.24,30,2026-01-20 12:12:12.543641
BUY-1763965650526-004876,SELL-1763965655394-002189,FOREX,4.36,479,2026-01-20 12:12:12.543674
BUY-1763965650528-006218,SELL-1763965655390-000133,EQUITY,100.0,78,2026-01-20 12:12:12.543727
BUY-1763965650526-004876,SELL-1763965655394-002077,FOREX,4.22,47,2026-01-20 12:12:12.543773
BUY-1763965650526-004772,SELL-1763965655394-002077,FOREX,4.22,346,2026-01-20 12:12:12.543779
BUY-1763965650526-004772,SELL-1763965655396-003136,FOREX,4.29,507,2026-01-20 12:12:12.543820
BUY-1763965650522-002042,SELL-1763965655396-003136,FOREX,4.29,167,2026-01-20 12:12:12.543823
BUY-1763965650521-001304,SELL-1763965655396-003136,FOREX,4.29,33,2026-01-20 12:12:12.543826
BUY-1763965650528-006218,SELL-1763965655402-006406,EQUITY,201.14,17,2026-01-20 12:12:12.543841
BUY-1763965650521-001304,SELL-1763965655395-002912,FOREX,1.87,40,2026-01-20 12:12:12.543853
BUY-1763965650521-001304,SELL-1763965655391-000818,FOREX,4.37,605,2026-01-20 12:12:12.543859
BUY-1763965650528-006229,SELL-1763965655391-000818,FOREX,4.37,9,2026-01-20 12:12:12.543862
BUY-1763965650528-006218,SELL-1763965655402-006632,EQUITY,104.22,22,2026-01-20 12:12:12.543882
BUY-1763965650524-003640,SELL-1763965655402-006632,EQUITY,104.22,79,2026-01-20 12:12:12.543885
BUY-1763965650524-002996,SELL-1763965655402-006632,EQUITY,104.22,147,2026-01-20 12:12:12.543887
BUY-1763965650526-004423,SELL-1763965655402-006632,EQUITY,104.22,35,2026-01-20 12:12:12.543890
BUY-1763965650529-007159,SELL-1763965655402-006632,EQUITY,104.22,38,2026-01-20 12:12:12.543897
BUY-1763965650524-003462,SELL-1763965655402-006632,EQUITY,104.22,129,2026-01-20 12:12:12.543900
BUY-1763965650522-002032,SELL-1763965655402-006632,EQUITY,104.22,76,2026-01-20 12:12:12.543902
BUY-1763965650528-006229,SELL-1763965655399-004932,FOREX,3.46,302,2026-01-20 12:12:12.543913
BUY-1763965650522-002032,SELL-1763965655390-000095,EQUITY,150.0,107,2026-01-20 12:12:12.543919
BUY-1763965650522-002032,SELL-1763965655398-004303,EQUITY,112.28,65,2026-01-20 12:12:12.543929
BUY-1763965650524-003392,SELL-1763965655398-004303,EQUITY,112.28,128,2026-01-20 12:12:12.543932
BUY-1763965650524-003300,SELL-1763965655398-004303,EQUITY,112.28,93,2026-01-20 12:12:12.543934
BUY-1763965650528-006229,SELL-1763965655391-000580,FOREX,2.62,272,2026-01-20 12:12:12.543941
BUY-1763965650529-007451,SELL-1763965655391-000580,FOREX,2.62,235,2026-01-20 12:12:12.543944
BUY-1763965650529-007451,SELL-1763965655397-003741,FOREX,1.47,441,2026-01-20 12:12:12.543981
BUY-1763965650524-003300,SELL-1763965655403-006971,EQUITY,53.81,92,2026-01-20 12:12:12.544042
BUY-1763965650524-003607,SELL-1763965655403-006971,EQUITY,53.81,289,2026-01-20 12:12:12.544046
BUY-1763965650528-006216,SELL-1763965655403-006971,EQUITY,53.81,233,2026-01-20 12:12:12.544048
BUY-1763965650527-005413,SELL-1763965655403-006971,EQUITY,53.81,101,2026-01-20 12:12:12.544051
BUY-1763965650525-003794,SELL-1763965655403-006971,EQUITY,53.81,99,2026-01-20 12:12:12.544053
BUY-1763965650529-007033,SELL-1763965655403-006971,EQUITY,53.81,116,2026-01-20 12:12:12.544056
BUY-1763965650529-007451,SELL-1763965655397-003614,FOREX,3.49,165,2026-01-20 12:12:12.544067
BUY-1763965650525-004014,SELL-1763965655397-003614,FOREX,3.49,374,2026-01-20 12:12:12.544071
BUY-1763965650522-002115,SELL-1763965655397-003614,FOREX,3.49,93,2026-01-20 12:12:12.544073
BUY-1763965650523-002730,SELL-1763965655397-003614,FOREX,3.49,117,2026-01-20 12:12:12.544076
BUY-1763965650526-004566,SELL-1763965655397-003614,FOREX,3.49,117,2026-01-20 12:12:12.544079
BUY-1763965650529-007033,SELL-1763965655400-005175,EQUITY,65.77,259,2026-01-20 12:12:12.544089
BUY-1763965650527-005721,SELL-1763965655400-005175,EQUITY,65.77,306,2026-01-20 12:12:12.544092
BUY-1763965650529-007131,SELL-1763965655400-005175,EQUITY,65.77,28,2026-01-20 12:12:12.544094
BUY-1763965650526-004566,SELL-1763965655393-001875,FOREX,3.86,280,2026-01-20 12:12:12.544100
BUY-1763965650521-001513,SELL-1763965655393-001875,FOREX,3.86,244,2026-01-20 12:12:12.544103
BUY-1763965650527-005696,SELL-1763965655393-001875,FOREX,3.86,238,2026-01-20 12:12:12.544106
BUY-1763965650529-007131,SELL-1763965655396-003325,EQUITY,245.71,61,2026-01-20 12:12:12.544122
BUY-1763965650526-004639,SELL-1763965655396-003325,EQUITY,245.71,57,2026-01-20 12:12:12.544124
BUY-1763965650529-007002,SELL-1763965655396-003325,EQUITY,245.71,96,2026-01-20 12:12:12.544127
BUY-1763965650520-000684,SELL-1763965655396-003325,EQUITY,245.71,8,2026-01-20 12:12:12.544129
BUY-1763965650527-005696,SELL-1763965655393-001803,FOREX,1.48,19,2026-01-20 12:12:12.544147
BUY-1763965650529-007035,SELL-1763965655393-001803,FOREX,1.48,56,2026-01-20 12:12:12.544150
BUY-1763965650523-002725,SELL-1763965655393-001803,FOREX,1.48,118,2026-01-20 12:12:12.544153
BUY-1763965650520-000684,SELL-1763965655395-002496,EQUITY,216.25,120,2026-01-20 12:12:12.544186
BUY-1763965650528-006139,SELL-1763965655395-002496,EQUITY,216.25,220,2026-01-20 12:12:12.544189
BUY-1763965650528-006139,SELL-1763965655401-006061,EQUITY,103.39,35,2026-01-20 12:12:12.544202
BUY-1763965650519-000503,SELL-1763965655401-006061,EQUITY,103.39,200,2026-01-20 12:12:12.544205
BUY-1763965650521-001463,SELL-1763965655401-006061,EQUITY,103.39,151,2026-01-20 12:12:12.544207
BUY-1763965650523-002725,SELL-1763965655394-002061,FOREX,4.39,461,2026-01-20 12:12:12.544222
BUY-1763965650523-002725,SELL-1763965655398-004396,FOREX,5.0,208,2026-01-20 12:12:12.544225
BUY-1763965650526-004508,SELL-1763965655398-004396,FOREX,5.0,52,2026-01-20 12:12:12.544228
BUY-1763965650528-006584,SELL-1763965655398-004396,FOREX,5.0,203,2026-01-20 12:12:12.544231
BUY-1763965650521-001463,SELL-1763965655399-004916,EQUITY,121.74,145,2026-01-20 12:12:12.544240
BUY-1763965650521-001358,SELL-1763965655399-004916,EQUITY,121.74,132,2026-01-20 12:12:12.544243
BUY-1763965650527-005728,SELL-1763965655399-004916,EQUITY,121.74,246,2026-01-20 12:12:12.544246
BUY-1763965650528-006584,SELL-1763965655400-005627,FOREX,3.98,506,2026-01-20 12:12:12.544254
BUY-1763965650528-006584,SELL-1763965655391-000763,FOREX,5.56,141,2026-01-20 12:12:12.544257
BUY-1763965650527-005728,SELL-1763965655391-000862,EQUITY,51.17,135,2026-01-20 12:12:12.544264
BUY-1763965650525-003939,SELL-1763965655391-000862,EQUITY,51.17,128,2026-01-20 12:12:12.544267
BUY-1763965650523-002280,SELL-1763965655391-000862,EQUITY,51.17,199,2026-01-20 12:12:12.544270
BUY-1763965650527-005743,SELL-1763965655391-000862,EQUITY,51.17,12,2026-01-20 12:12:12.544273
BUY-1763965650527-005407,SELL-1763965655391-000862,EQUITY,51.17,199,2026-01-20 12:12:12.544275
BUY-1763965650526-004952,SELL-1763965655391-000862,EQUITY,51.17,62,2026-01-20 12:12:12.544278
BUY-1763965650524-003058,SELL-1763965655391-000862,EQUITY,51.17,9,2026-01-20 12:12:12.544280
BUY-1763965650524-003058,SELL-1763965655390-000024,EQUITY,100.0,33,2026-01-20 12:12:12.544287
BUY-1763965650524-003058,SELL-1763965655390-000083,EQUITY,100.0,109,2026-01-20 12:12:12.544299
BUY-1763965650524-003058,SELL-1763965655393-001603,EQUITY,118.7,97,2026-01-20 12:12:12.544350
BUY-1763965650526-004909,SELL-1763965655398-004201,FOREX,4.24,15,2026-01-20 12:12:12.544385
BUY-1763965650526-004909,SELL-1763965655391-000445,FOREX,3.5,79,2026-01-20 12:12:12.544395
BUY-1763965650524-003058,SELL-1763965655399-004737,EQUITY,72.52,47,2026-01-20 12:12:12.544404
BUY-1763965650526-005002,SELL-1763965655399-004737,EQUITY,72.52,196,2026-01-20 12:12:12.544408
BUY-1763965650529-007469,SELL-1763965655399-004737,EQUITY,72.52,131,2026-01-20 12:12:12.544410
BUY-1763965650524-003227,SELL-1763965655399-004737,EQUITY,72.52,136,2026-01-20 12:12:12.544416
BUY-1763965650524-003227,SELL-1763965655392-001163,EQUITY,151.93,34,2026-01-20 12:12:12.544425
BUY-1763965650521-001599,SELL-1763965655392-001163,EQUITY,151.93,226,2026-01-20 12:12:12.544427
BUY-1763965650523-002672,SELL-1763965655392-001163,EQUITY,151.93,191,2026-01-20 12:12:12.544430
BUY-1763965650523-002672,SELL-1763965655394-002054,EQUITY,258.25,84,2026-01-20 12:12:12.544432
BUY-1763965650526-004585,SELL-1763965655394-002054,EQUITY,258.25,198,2026-01-20 12:12:12.544435
BUY-1763965650528-005939,SELL-1763965655394-002054,EQUITY,258.25,81,2026-01-20 12:12:12.544437
BUY-1763965650528-005939,SELL-1763965655391-000856,EQUITY,109.96,128,2026-01-20 12:12:12.544453
BUY-1763965650519-000351,SELL-1763965655391-000856,EQUITY,109.96,35,2026-01-20 12:12:12.544455
BUY-1763965650525-003740,SELL-1763965655391-000856,EQUITY,109.96,66,2026-01-20 12:12:12.544458
BUY-1763965650527-005216,SELL-1763965655391-000856,EQUITY,109.96,84,2026-01-20 12:12:12.544460
BUY-1763965650528-006476,SELL-1763965655391-000856,EQUITY,109.96,85,2026-01-20 12:12:12.544463
BUY-1763965650526-004525,SELL-1763965655391-000856,EQUITY,109.96,53,2026-01-20 12:12:12.544465
BUY-1763965650520-000815,SELL-1763965655391-000856,EQUITY,109.96,53,2026-01-20 12:12:12.544468
BUY-1763965650526-004527,SELL-1763965655391-000856,EQUITY,109.96,235,2026-01-20 12:12:12.544471
BUY-1763965650522-001935,SELL-1763965655391-000856,EQUITY,109.96,29,2026-01-20 12:12:12.544473
BUY-1763965650528-005894,SELL-1763965655391-000856,EQUITY,109.96,93,2026-01-20 12:12:12.544476
BUY-1763965650522-001932,SELL-1763965655391-000856,EQUITY,109.96,8,2026-01-20 12:12:12.544478
BUY-1763965650522-001932,SELL-1763965655394-001967,EQUITY,210.94,238,2026-01-20 12:12:12.544480
BUY-1763965650518-000043,SELL-1763965655394-001967,EQUITY,210.94,70,2026-01-20 12:12:12.544483
BUY-1763965650521-001305,SELL-1763965655394-001967,EQUITY,210.94,43,2026-01-20 12:12:12.544485
BUY-1763965650521-001305,SELL-1763965655398-004469,EQUITY,59.32,49,2026-01-20 12:12:12.544492
BUY-1763965650523-002710,SELL-1763965655398-004469,EQUITY,59.32,201,2026-01-20 12:12:12.544494
BUY-1763965650526-004909,SELL-1763965655397-003737,FOREX,2.92,116,2026-01-20 12:12:12.544536
BUY-1763965650526-004909,SELL-1763965655398-004519,FOREX,4.12,187,2026-01-20 12:12:12.544551
BUY-1763965650527-005149,SELL-1763965655398-004519,FOREX,4.12,554,2026-01-20 12:12:12.544555
BUY-1763965650527-005149,SELL-1763965655391-000763,FOREX,5.56,133,2026-01-20 12:12:12.544557
BUY-1763965650529-007120,SELL-1763965655391-000763,FOREX,5.56,196,2026-01-20 12:12:12.544560
BUY-1763965650521-001483,SELL-1763965655391-000763,FOREX,5.56,211,2026-01-20 12:12:12.544563
BUY-1763965650529-007115,SELL-1763965655391-000763,FOREX,5.56,319,2026-01-20 12:12:12.544566
BUY-1763965650523-002710,SELL-1763965655403-007404,EQUITY,68.84,25,2026-01-20 12:12:12.544579
BUY-1763965650522-002230,SELL-1763965655403-007404,EQUITY,68.84,39,2026-01-20 12:12:12.544585
BUY-1763965650522-002230,SELL-1763965655395-002958,EQUITY,81.55,149,2026-01-20 12:12:12.544592
BUY-1763965650528-005837,SELL-1763965655395-002958,EQUITY,81.55,220,2026-01-20 12:12:12.544594
BUY-1763965650528-005837,SELL-1763965655397-003749,EQUITY,231.85,29,2026-01-20 12:12:12.544597
BUY-1763965650529-007115,SELL-1763965655400-005485,FOREX,4.15,349,2026-01-20 12:12:12.544618
BUY-1763965650529-006932,SELL-1763965655400-005485,FOREX,4.15,365,2026-01-20 12:12:12.544622
BUY-1763965650525-004264,SELL-1763965655400-005485,FOREX,4.15,80,2026-01-20 12:12:12.544625
BUY-1763965650525-004264,SELL-1763965655394-002400,FOREX,6.03,590,2026-01-20 12:12:12.544628
BUY-1763965650529-006953,SELL-1763965655394-002400,FOREX,6.03,158,2026-01-20 12:12:12.544631
BUY-1763965650529-006953,SELL-1763965655393-001588,FOREX,4.85,27,2026-01-20 12:12:12.544661
BUY-1763965650529-006953,SELL-1763965655398-004495,FOREX,4.93,233,2026-01-20 12:12:12.544664
BUY-1763965650529-006953,SELL-1763965655395-002626,FOREX,1.44,141,2026-01-20 12:12:12.544696
BUY-1763965650524-003603,SELL-1763965655395-002626,FOREX,1.44,193,2026-01-20 12:12:12.544699
BUY-1763965650522-002233,SELL-1763965655395-002626,FOREX,1.44,240,2026-01-20 12:12:12.544702
BUY-1763965650522-002233,SELL-1763965655396-003376,FOREX,5.29,650,2026-01-20 12:12:12.544704
BUY-1763965650524-002988,SELL-1763965655396-003376,FOREX,5.29,97,2026-01-20 12:12:12.544708
BUY-1763965650524-002988,SELL-1763965655402-006732,FOREX,5.17,553,2026-01-20 12:12:12.544716
BUY-1763965650524-002988,SELL-1763965655403-007139,FOREX,5.64,202,2026-01-20 12:12:12.544719
BUY-1763965650526-004419,SELL-1763965655403-007139,FOREX,5.64,648,2026-01-20 12:12:12.544722
BUY-1763965650526-004419,SELL-1763965655401-006217,FOREX,1.25,30,2026-01-20 12:12:12.544728
BUY-1763965650527-005366,SELL-1763965655401-006217,FOREX,1.25,317,2026-01-20 12:12:12.544731
BUY-1763965650527-005366,SELL-1763965655399-004599,FOREX,3.6,86,2026-01-20 12:12:12.544764
BUY-1763965650527-005366,SELL-1763965655390-000030,FOREX,3.0,51,2026-01-20 12:12:12.544808
BUY-1763965650529-007274,SELL-1763965655400-005200,EQUITY,98.73,210,2026-01-20 12:12:12.544828
BUY-1763965650527-005366,SELL-1763965655400-005277,FOREX,2.05,220,2026-01-20 12:12:12.544850
BUY-1763965650525-004230,SELL-1763965655400-005277,FOREX,2.05,8,2026-01-20 12:12:12.544853
BUY-1763965650529-006781,SELL-1763965655400-005277,FOREX,2.05,225,2026-01-20 12:12:12.544856
BUY-1763965650525-004211,SELL-1763965655400-005277,FOREX,2.05,12,2026-01-20 12:12:12.544859
BUY-1763965650525-004211,SELL-1763965655403-007069,FOREX,1.31,41,2026-01-20 12:12:12.544872
BUY-1763965650529-007274,SELL-1763965655400-005128,EQUITY,83.79,130,2026-01-20 12:12:12.544893
BUY-1763965650521-001327,SELL-1763965655400-005128,EQUITY,83.79,246,2026-01-20 12:12:12.544896
BUY-1763965650525-003804,SELL-1763965655400-005128,EQUITY,83.79,57,2026-01-20 12:12:12.544899
BUY-1763965650524-003110,SELL-1763965655400-005128,EQUITY,83.79,109,2026-01-20 12:12:12.544905
BUY-1763965650525-004023,SELL-1763965655400-005128,EQUITY,83.79,153,2026-01-20 12:12:12.544907
BUY-1763965650529-006919,SELL-1763965655400-005128,EQUITY,83.79,154,2026-01-20 12:12:12.544910
BUY-1763965650529-006919,SELL-1763965655400-005408,EQUITY,172.93,67,2026-01-20 12:12:12.544912
BUY-1763965650526-004412,SELL-1763965655400-005408,EQUITY,172.93,55,2026-01-20 12:12:12.544915
BUY-1763965650526-004412,SELL-1763965655396-003460,EQUITY,85.28,175,2026-01-20 12:12:12.544921
BUY-1763965650529-006853,SELL-1763965655396-003460,EQUITY,85.28,327,2026-01-20 12:12:12.544924
BUY-1763965650521-001380,SELL-1763965655396-003460,EQUITY,85.28,34,2026-01-20 12:12:12.544926
BUY-1763965650525-004211,SELL-1763965655391-000482,FOREX,1.5,6,2026-01-20 12:12:12.544936
BUY-1763965650529-006708,SELL-1763965655391-000482,FOREX,1.5,28,2026-01-20 12:12:12.544940
BUY-1763965650521-001380,SELL-1763965655401-005975,EQUITY,86.37,111,2026-01-20 12:12:12.544952
BUY-1763965650519-000188,SELL-1763965655401-005975,EQUITY,86.37,89,2026-01-20 12:12:12.544954
BUY-1763965650529-006974,SELL-1763965655401-005975,EQUITY,86.37,174,2026-01-20 12:12:12.544957
BUY-1763965650529-006708,SELL-1763965655396-003037,FOREX,2.03,766,2026-01-20 12:12:12.545014
BUY-1763965650523-002378,SELL-1763965655396-003037,FOREX,2.03,117,2026-01-20 12:12:12.545017
BUY-1763965650523-002378,SELL-1763965655401-005770,FOREX,4.12,186,2026-01-20 12:12:12.545053
BUY-1763965650525-003803,SELL-1763965655401-005770,FOREX,4.12,28,2026-01-20 12:12:12.545057
BUY-1763965650525-003803,SELL-1763965655394-002242,FOREX,4.14,545,2026-01-20 12:12:12.545059
BUY-1763965650525-003707,SELL-1763965655394-002242,FOREX,4.14,158,2026-01-20 12:12:12.545062
BUY-1763965650525-003707,SELL-1763965655400-005271,FOREX,2.4,225,2026-01-20 12:12:12.545072
BUY-1763965650523-002408,SELL-1763965655400-005271,FOREX,2.4,82,2026-01-20 12:12:12.545075
BUY-1763965650521-001384,SELL-1763965655400-005271,FOREX,2.4,203,2026-01-20 12:12:12.545077
BUY-1763965650521-001384,SELL-1763965655397-003698,FOREX,6.85,376,2026-01-20 12:12:12.545080
BUY-1763965650529-006974,SELL-1763965655390-000079,EQUITY,150.0,18,2026-01-20 12:12:12.545115
BUY-1763965650529-006997,SELL-1763965655397-003620,FOREX,2.61,119,2026-01-20 12:12:12.545159
BUY-1763965650525-004082,SELL-1763965655397-003620,FOREX,2.61,87,2026-01-20 12:12:12.545162
BUY-1763965650520-000979,SELL-1763965655397-003620,FOREX,2.61,436,2026-01-20 12:12:12.545165
BUY-1763965650524-003605,SELL-1763965655397-003620,FOREX,2.61,214,2026-01-20 12:12:12.545168
BUY-1763965650529-006974,SELL-1763965655397-003893,EQUITY,88.12,129,2026-01-20 12:12:12.545177
BUY-1763965650528-006302,SELL-1763965655397-003893,EQUITY,88.12,9,2026-01-20 12:12:12.545180
BUY-1763965650528-006302,SELL-1763965655395-002917,EQUITY,194.94,17,2026-01-20 12:12:12.545213
BUY-1763965650524-003605,SELL-1763965655399-005100,FOREX,3.28,335,2026-01-20 12:12:12.545229
BUY-1763965650524-003371,SELL-1763965655399-005100,FOREX,3.28,261,2026-01-20 12:12:12.545235
BUY-1763965650518-000144,SELL-1763965655399-004629,FOREX,1.09,106,2026-01-20 12:12:12.545258
BUY-1763965650522-001851,SELL-1763965655399-004629,FOREX,1.09,355,2026-01-20 12:12:12.545262
BUY-1763965650522-001851,SELL-1763965655400-005129,FOREX,2.29,321,2026-01-20 12:12:12.545271
BUY-1763965650524-003200,SELL-1763965655400-005129,FOREX,2.29,133,2026-01-20 12:12:12.545274
BUY-1763965650525-004285,SELL-1763965655400-005129,FOREX,2.29,326,2026-01-20 12:12:12.545277
BUY-1763965650525-004285,SELL-1763965655399-005100,FOREX,3.28,49,2026-01-20 12:12:12.545279
BUY-1763965650525-004285,SELL-1763965655393-001693,FOREX,4.47,208,2026-01-20 12:12:12.545281
BUY-1763965650525-004285,SELL-1763965655391-000452,FOREX,3.5,44,2026-01-20 12:12:12.545292
BUY-1763965650525-004285,SELL-1763965655402-006618,FOREX,2.66,81,2026-01-20 12:12:12.545327
BUY-1763965650521-001339,SELL-1763965655402-006618,FOREX,2.66,233,2026-01-20 12:12:12.545330
BUY-1763965650521-001339,SELL-1763965655399-004563,FOREX,5.21,89,2026-01-20 12:12:12.545333
BUY-1763965650528-006302,SELL-1763965655394-002215,EQUITY,52.42,68,2026-01-20 12:12:12.545342
BUY-1763965650527-005742,SELL-1763965655394-002215,EQUITY,52.42,232,2026-01-20 12:12:12.545345
BUY-1763965650528-006077,SELL-1763965655394-002215,EQUITY,52.42,211,2026-01-20 12:12:12.545348
BUY-1763965650525-003869,SELL-1763965655394-002215,EQUITY,52.42,94,2026-01-20 12:12:12.545351
BUY-1763965650526-004694,SELL-1763965655394-002215,EQUITY,52.42,171,2026-01-20 12:12:12.545353
BUY-1763965650526-004694,SELL-1763965655403-007398,EQUITY,102.83,16,2026-01-20 12:12:12.545422
BUY-1763965650523-002673,SELL-1763965655403-007398,EQUITY,102.83,21,2026-01-20 12:12:12.545426
BUY-1763965650518-000059,SELL-1763965655403-007398,EQUITY,102.83,13,2026-01-20 12:12:12.545428
BUY-1763965650524-003041,SELL-1763965655403-007398,EQUITY,102.83,139,2026-01-20 12:12:12.545431
BUY-1763965650528-005807,SELL-1763965655403-007398,EQUITY,102.83,61,2026-01-20 12:12:12.545433
BUY-1763965650520-000648,SELL-1763965655403-007398,EQUITY,102.83,13,2026-01-20 12:12:12.545436
BUY-1763965650521-001339,SELL-1763965655401-006273,FOREX,2.97,176,2026-01-20 12:12:12.545462
BUY-1763965650524-003202,SELL-1763965655401-006273,FOREX,2.97,4,2026-01-20 12:12:12.545466
BUY-1763965650524-003202,SELL-1763965655398-004184,FOREX,6.39,1,2026-01-20 12:12:12.545468
BUY-1763965650520-000648,SELL-1763965655395-002700,EQUITY,64.04,65,2026-01-20 12:12:12.545477
BUY-1763965650522-001631,SELL-1763965655395-002700,EQUITY,64.04,13,2026-01-20 12:12:12.545479
BUY-1763965650523-002346,SELL-1763965655395-002700,EQUITY,64.04,273,2026-01-20 12:12:12.545482
BUY-1763965650526-004991,SELL-1763965655395-002700,EQUITY,64.04,229,2026-01-20 12:12:12.545485
BUY-1763965650527-005263,SELL-1763965655395-002700,EQUITY,64.04,62,2026-01-20 12:12:12.545487
BUY-1763965650527-005263,SELL-1763965655395-002578,EQUITY,174.94,2,2026-01-20 12:12:12.545501
BUY-1763965650524-003202,SELL-1763965655390-000137,FOREX,3.0,30,2026-01-20 12:12:12.545513
BUY-1763965650524-003202,SELL-1763965655394-002263,FOREX,7.04,83,2026-01-20 12:12:12.545516
BUY-1763965650527-005263,SELL-1763965655397-004005,EQUITY,167.6,14,2026-01-20 12:12:12.545549
BUY-1763965650522-001751,SELL-1763965655397-004005,EQUITY,167.6,37,2026-01-20 12:12:12.545552
BUY-1763965650526-005031,SELL-1763965655397-004005,EQUITY,167.6,185,2026-01-20 12:12:12.545554
BUY-1763965650519-000283,SELL-1763965655397-004005,EQUITY,167.6,3,2026-01-20 12:12:12.545557
BUY-1763965650524-003202,SELL-1763965655390-000108,FOREX,3.0,17,2026-01-20 12:12:12.545570
BUY-1763965650524-003202,SELL-1763965655391-000447,FOREX,3.5,35,2026-01-20 12:12:12.545577
BUY-1763965650519-000283,SELL-1763965655390-000197,EQUITY,150.0,57,2026-01-20 12:12:12.545583
BUY-1763965650519-000283,SELL-1763965655399-004664,EQUITY,81.06,17,2026-01-20 12:12:12.545589
BUY-1763965650519-000581,SELL-1763965655399-004664,EQUITY,81.06,39,2026-01-20 12:12:12.545592
BUY-1763965650524-003202,SELL-1763965655395-002857,FOREX,4.62,491,2026-01-20 12:12:12.545628
BUY-1763965650522-002133,SELL-1763965655395-002857,FOREX,4.62,385,2026-01-20 12:12:12.545631
BUY-1763965650522-002133,SELL-1763965655397-003926,FOREX,1.28,4,2026-01-20 12:12:12.545641
BUY-1763965650527-005434,SELL-1763965655397-003926,FOREX,1.28,465,2026-01-20 12:12:12.545644
BUY-1763965650519-000581,SELL-1763965655402-006555,EQUITY,137.32,211,2026-01-20 12:12:12.545675
BUY-1763965650521-001580,SELL-1763965655402-006555,EQUITY,137.32,268,2026-01-20 12:12:12.545678
BUY-1763965650521-001580,SELL-1763965655392-001196,EQUITY,102.15,137,2026-01-20 12:12:12.545684
BUY-1763965650522-001810,SELL-1763965655392-001196,EQUITY,102.15,106,2026-01-20 12:12:12.545687
BUY-1763965650527-005434,SELL-1763965655403-007194,FOREX,3.19,379,2026-01-20 12:12:12.545722
BUY-1763965650526-004793,SELL-1763965655403-007194,FOREX,3.19,119,2026-01-20 12:12:12.545725
BUY-1763965650521-001462,SELL-1763965655403-007194,FOREX,3.19,61,2026-01-20 12:12:12.545728
BUY-1763965650521-001462,SELL-1763965655403-007350,FOREX,3.1,521,2026-01-20 12:12:12.545741
BUY-1763965650521-001462,SELL-1763965655393-001580,FOREX,4.21,99,2026-01-20 12:12:12.545747
BUY-1763965650521-001462,SELL-1763965655398-004092,FOREX,4.57,254,2026-01-20 12:12:12.545753
BUY-1763965650524-003138,SELL-1763965655398-004092,FOREX,4.57,282,2026-01-20 12:12:12.545756
BUY-1763965650524-003138,SELL-1763965655396-003418,FOREX,5.29,7,2026-01-20 12:12:12.545758
BUY-1763965650522-001810,SELL-1763965655402-006945,EQUITY,114.09,30,2026-01-20 12:12:12.545774
BUY-1763965650526-005036,SELL-1763965655402-006945,EQUITY,114.09,161,2026-01-20 12:12:12.545777
BUY-1763965650521-001126,SELL-1763965655402-006945,EQUITY,114.09,83,2026-01-20 12:12:12.545779
BUY-1763965650523-002675,SELL-1763965655402-006945,EQUITY,114.09,320,2026-01-20 12:12:12.545782
BUY-1763965650522-002154,SELL-1763965655402-006945,EQUITY,114.09,123,2026-01-20 12:12:12.545788
BUY-1763965650529-006882,SELL-1763965655399-004997,FOREX,2.27,27,2026-01-20 12:12:12.545844
BUY-1763965650522-002154,SELL-1763965655401-006283,EQUITY,84.54,20,2026-01-20 12:12:12.545864
BUY-1763965650519-000344,SELL-1763965655401-006283,EQUITY,84.54,103,2026-01-20 12:12:12.545867
BUY-1763965650520-000840,SELL-1763965655401-006283,EQUITY,84.54,269,2026-01-20 12:12:12.545869
BUY-1763965650520-000840,SELL-1763965655394-002096,EQUITY,97.13,117,2026-01-20 12:12:12.545878
BUY-1763965650527-005432,SELL-1763965655394-002096,EQUITY,97.13,360,2026-01-20 12:12:12.545880
BUY-1763965650529-007150,SELL-1763965655394-002096,EQUITY,97.13,45,2026-01-20 12:12:12.545883
BUY-1763965650529-006882,SELL-1763965655390-000181,FOREX,1.5,82,2026-01-20 12:12:12.545912
BUY-1763965650529-006882,SELL-1763965655403-006986,FOREX,1.36,25,2026-01-20 12:12:12.545927
BUY-1763965650529-006882,SELL-1763965655400-005289,FOREX,1.71,739,2026-01-20 12:12:12.545936
BUY-1763965650519-000488,SELL-1763965655400-005289,FOREX,1.71,91,2026-01-20 12:12:12.545939
BUY-1763965650519-000269,SELL-1763965655400-005289,FOREX,1.71,61,2026-01-20 12:12:12.545942
BUY-1763965650528-006201,SELL-1763965655400-005289,FOREX,1.71,12,2026-01-20 12:12:12.545945
BUY-1763965650528-006201,SELL-1763965655392-001091,FOREX,2.68,917,2026-01-20 12:12:12.545947
BUY-1763965650528-006280,SELL-1763965655392-001091,FOREX,2.68,43,2026-01-20 12:12:12.545950
BUY-1763965650528-006280,SELL-1763965655394-002056,FOREX,4.69,641,2026-01-20 12:12:12.545989
BUY-1763965650528-006280,SELL-1763965655402-006505,FOREX,3.25,229,2026-01-20 12:12:12.545991
BUY-1763965650525-004288,SELL-1763965655402-006505,FOREX,3.25,389,2026-01-20 12:12:12.545994
BUY-1763965650525-004288,SELL-1763965655398-004181,FOREX,3.23,250,2026-01-20 12:12:12.546022
BUY-1763965650525-004288,SELL-1763965655400-005153,FOREX,4.54,256,2026-01-20 12:12:12.546024
BUY-1763965650529-007150,SELL-1763965655390-000286,EQUITY,100.0,89,2026-01-20 12:12:12.546091
BUY-1763965650529-007150,SELL-1763965655393-001725,EQUITY,94.7,600,2026-01-20 12:12:12.546104
BUY-1763965650526-004834,SELL-1763965655395-002924,FOREX,2.55,726,2026-01-20 12:12:12.546169
BUY-1763965650526-004834,SELL-1763965655403-006996,FOREX,2.77,36,2026-01-20 12:12:12.546193
BUY-1763965650526-004561,SELL-1763965655403-006996,FOREX,2.77,850,2026-01-20 12:12:12.546196
BUY-1763965650524-003301,SELL-1763965655403-006996,FOREX,2.77,69,2026-01-20 12:12:12.546199
BUY-1763965650524-003301,SELL-1763965655400-005153,FOREX,4.54,123,2026-01-20 12:12:12.546201
BUY-1763965650523-002943,SELL-1763965655400-005153,FOREX,4.54,527,2026-01-20 12:12:12.546204
BUY-1763965650529-007150,SELL-1763965655402-006733,EQUITY,86.47,5,2026-01-20 12:12:12.546224
BUY-1763965650529-007241,SELL-1763965655402-006733,EQUITY,86.47,237,2026-01-20 12:12:12.546228
BUY-1763965650519-000361,SELL-1763965655402-006733,EQUITY,86.47,88,2026-01-20 12:12:12.546230
BUY-1763965650518-000084,SELL-1763965655402-006733,EQUITY,86.47,59,2026-01-20 12:12:12.546236
BUY-1763965650519-000510,SELL-1763965655402-006733,EQUITY,86.47,36,2026-01-20 12:12:12.546238
BUY-1763965650523-002943,SELL-1763965655396-003417,FOREX,2.72,71,2026-01-20 12:12:12.546299
BUY-1763965650523-002295,SELL-1763965655396-003417,FOREX,2.72,47,2026-01-20 12:12:12.546302
BUY-1763965650520-000890,SELL-1763965655396-003417,FOREX,2.72,497,2026-01-20 12:12:12.546305
BUY-1763965650528-005806,SELL-1763965655396-003417,FOREX,2.72,257,2026-01-20 12:12:12.546308
BUY-1763965650519-000510,SELL-1763965655393-001438,EQUITY,98.11,215,2026-01-20 12:12:12.546315
BUY-1763965650519-000510,SELL-1763965655403-007400,EQUITY,115.48,30,2026-01-20 12:12:12.546317
BUY-1763965650527-005106,SELL-1763965655403-007400,EQUITY,115.48,68,2026-01-20 12:12:12.546320
BUY-1763965650524-003000,SELL-1763965655403-007400,EQUITY,115.48,244,2026-01-20 12:12:12.546323
BUY-1763965650524-003000,SELL-1763965655398-004211,EQUITY,103.34,19,2026-01-20 12:12:12.546339
BUY-1763965650520-000720,SELL-1763965655398-004211,EQUITY,103.34,48,2026-01-20 12:12:12.546341
BUY-1763965650520-000720,SELL-1763965655396-003178,EQUITY,137.84,25,2026-01-20 12:12:12.546344
BUY-1763965650529-007078,SELL-1763965655396-003178,EQUITY,137.84,226,2026-01-20 12:12:12.546346
BUY-1763965650528-006017,SELL-1763965655396-003178,EQUITY,137.84,21,2026-01-20 12:12:12.546349
BUY-1763965650525-004330,SELL-1763965655396-003178,EQUITY,137.84,31,2026-01-20 12:12:12.546351
BUY-1763965650524-003649,SELL-1763965655396-003178,EQUITY,137.84,12,2026-01-20 12:12:12.546354
BUY-1763965650524-003353,SELL-1763965655396-003178,EQUITY,137.84,29,2026-01-20 12:12:12.546356
BUY-1763965650522-002255,SELL-1763965655396-003178,EQUITY,137.84,90,2026-01-20 12:12:12.546359
BUY-1763965650522-002255,SELL-1763965655401-006055,EQUITY,129.21,125,2026-01-20 12:12:12.546365
BUY-1763965650528-006582,SELL-1763965655401-006055,EQUITY,129.21,343,2026-01-20 12:12:12.546368
BUY-1763965650528-006209,SELL-1763965655401-006055,EQUITY,129.21,130,2026-01-20 12:12:12.546371
BUY-1763965650528-006209,SELL-1763965655399-004687,EQUITY,126.11,110,2026-01-20 12:12:12.546373
BUY-1763965650524-003536,SELL-1763965655399-004687,EQUITY,126.11,111,2026-01-20 12:12:12.546375
BUY-1763965650528-005806,SELL-1763965655395-002784,FOREX,1.65,107,2026-01-20 12:12:12.546389
BUY-1763965650522-001961,SELL-1763965655395-002784,FOREX,1.65,582,2026-01-20 12:12:12.546392
BUY-1763965650525-003730,SELL-1763965655395-002784,FOREX,1.65,141,2026-01-20 12:12:12.546395
BUY-1763965650525-003730,SELL-1763965655390-000375,FOREX,1.5,71,2026-01-20 12:12:12.546409
BUY-1763965650524-003536,SELL-1763965655398-004079,EQUITY,116.14,70,2026-01-20 12:12:12.546427
BUY-1763965650519-000418,SELL-1763965655398-004079,EQUITY,116.14,84,2026-01-20 12:12:12.546430
BUY-1763965650525-003950,SELL-1763965655398-004079,EQUITY,116.14,60,2026-01-20 12:12:12.546433
BUY-1763965650528-006248,SELL-1763965655398-004079,EQUITY,116.14,271,2026-01-20 12:12:12.546435
BUY-1763965650528-006206,SELL-1763965655398-004079,EQUITY,116.14,271,2026-01-20 12:12:12.546441
BUY-1763965650525-003730,SELL-1763965655400-005508,FOREX,3.76,706,2026-01-20 12:12:12.546502
BUY-1763965650527-005796,SELL-1763965655400-005476,FOREX,1.86,18,2026-01-20 12:12:12.546576
BUY-1763965650527-005796,SELL-1763965655394-002398,FOREX,2.13,199,2026-01-20 12:12:12.546583
BUY-1763965650528-006206,SELL-1763965655400-005445,EQUITY,51.9,62,2026-01-20 12:12:12.546597
BUY-1763965650522-001808,SELL-1763965655400-005445,EQUITY,51.9,186,2026-01-20 12:12:12.546600
BUY-1763965650528-005982,SELL-1763965655400-005445,EQUITY,51.9,192,2026-01-20 12:12:12.546602
BUY-1763965650529-007230,SELL-1763965655400-005445,EQUITY,51.9,171,2026-01-20 12:12:12.546605
BUY-1763965650527-005796,SELL-1763965655397-003533,FOREX,1.31,246,2026-01-20 12:12:12.546611
BUY-1763965650527-005796,SELL-1763965655399-005049,FOREX,2.64,64,2026-01-20 12:12:12.546642
BUY-1763965650529-006928,SELL-1763965655399-005049,FOREX,2.64,69,2026-01-20 12:12:12.546645
BUY-1763965650529-006928,SELL-1763965655400-005508,FOREX,3.76,37,2026-01-20 12:12:12.546647
BUY-1763965650529-007230,SELL-1763965655403-006973,EQUITY,110.59,111,2026-01-20 12:12:12.546666
BUY-1763965650522-001773,SELL-1763965655403-006973,EQUITY,110.59,9,2026-01-20 12:12:12.546668
BUY-1763965650522-001773,SELL-1763965655403-007296,EQUITY,232.0,52,2026-01-20 12:12:12.546671
BUY-1763965650522-001773,SELL-1763965655396-003226,EQUITY,78.55,45,2026-01-20 12:12:12.546704
BUY-1763965650522-001773,SELL-1763965655402-006436,EQUITY,212.84,114,2026-01-20 12:12:12.546707
BUY-1763965650521-001108,SELL-1763965655402-006436,EQUITY,212.84,298,2026-01-20 12:12:12.546710
BUY-1763965650523-002845,SELL-1763965655402-006436,EQUITY,212.84,57,2026-01-20 12:12:12.546712
BUY-1763965650529-006928,SELL-1763965655399-005057,FOREX,2.63,247,2026-01-20 12:12:12.546731
BUY-1763965650522-001908,SELL-1763965655399-005057,FOREX,2.63,221,2026-01-20 12:12:12.546734
BUY-1763965650522-001908,SELL-1763965655391-000613,FOREX,3.91,776,2026-01-20 12:12:12.546736
BUY-1763965650528-005959,SELL-1763965655391-000613,FOREX,3.91,8,2026-01-20 12:12:12.546739
BUY-1763965650528-005959,SELL-1763965655400-005347,FOREX,4.2,86,2026-01-20 12:12:12.546741
BUY-1763965650523-002845,SELL-1763965655396-003359,EQUITY,116.08,79,2026-01-20 12:12:12.546807
BUY-1763965650519-000278,SELL-1763965655396-003359,EQUITY,116.08,66,2026-01-20 12:12:12.546810
BUY-1763965650529-007198,SELL-1763965655396-003359,EQUITY,116.08,31,2026-01-20 12:12:12.546812
BUY-1763965650529-007198,SELL-1763965655398-004155,EQUITY,249.2,133,2026-01-20 12:12:12.546814
BUY-1763965650527-005685,SELL-1763965655398-004155,EQUITY,249.2,23,2026-01-20 12:12:12.546817
BUY-1763965650528-005959,SELL-1763965655402-006501,FOREX,1.13,175,2026-01-20 12:12:12.546843
BUY-1763965650524-003027,SELL-1763965655402-006501,FOREX,1.13,199,2026-01-20 12:12:12.546847
BUY-1763965650527-005412,SELL-1763965655402-006501,FOREX,1.13,201,2026-01-20 12:12:12.546850
BUY-1763965650527-005685,SELL-1763965655391-000749,EQUITY,58.56,196,2026-01-20 12:12:12.546872
BUY-1763965650526-004687,SELL-1763965655391-000749,EQUITY,58.56,31,2026-01-20 12:12:12.546875
BUY-1763965650523-002456,SELL-1763965655391-000749,EQUITY,58.56,21,2026-01-20 12:12:12.546878
BUY-1763965650522-001749,SELL-1763965655391-000749,EQUITY,58.56,317,2026-01-20 12:12:12.546880
BUY-1763965650521-001439,SELL-1763965655391-000749,EQUITY,58.56,424,2026-01-20 12:12:12.546883
BUY-1763965650527-005412,SELL-1763965655390-000278,FOREX,1.5,81,2026-01-20 12:12:12.546902
BUY-1763965650527-005412,SELL-1763965655392-001027,FOREX,4.23,155,2026-01-20 12:12:12.546917
BUY-1763965650528-006443,SELL-1763965655392-001027,FOREX,4.23,403,2026-01-20 12:12:12.546920
BUY-1763965650528-006443,SELL-1763965655403-007325,FOREX,3.04,449,2026-01-20 12:12:12.546937
BUY-1763965650522-001705,SELL-1763965655403-007325,FOREX,3.04,534,2026-01-20 12:12:12.546940
BUY-1763965650522-001705,SELL-1763965655392-000925,FOREX,1.39,357,2026-01-20 12:12:12.546994
BUY-1763965650528-006114,SELL-1763965655392-000925,FOREX,1.39,48,2026-01-20 12:12:12.546997
BUY-1763965650520-000874,SELL-1763965655392-000925,FOREX,1.39,8,2026-01-20 12:12:12.547000
BUY-1763965650522-001626,SELL-1763965655392-000925,FOREX,1.39,294,2026-01-20 12:12:12.547003
BUY-1763965650526-004519,SELL-1763965655392-000925,FOREX,1.39,49,2026-01-20 12:12:12.547006
BUY-1763965650526-004519,SELL-1763965655396-003296,FOREX,3.3,350,2026-01-20 12:12:12.547015
BUY-1763965650526-004519,SELL-1763965655394-002179,FOREX,3.93,114,2026-01-20 12:12:12.547021
BUY-1763965650528-006400,SELL-1763965655394-002179,FOREX,3.93,598,2026-01-20 12:12:12.547024
BUY-1763965650529-006998,SELL-1763965655394-002265,FOREX,4.77,659,2026-01-20 12:12:12.547047
BUY-1763965650529-006998,SELL-1763965655394-002241,FOREX,3.67,171,2026-01-20 12:12:12.547053
BUY-1763965650524-003024,SELL-1763965655394-002241,FOREX,3.67,426,2026-01-20 12:12:12.547056
BUY-1763965650524-003024,SELL-1763965655391-000812,FOREX,5.95,38,2026-01-20 12:12:12.547072
BUY-1763965650520-000995,SELL-1763965655391-000812,FOREX,5.95,190,2026-01-20 12:12:12.547075
BUY-1763965650520-000995,SELL-1763965655400-005299,FOREX,3.1,52,2026-01-20 12:12:12.547095
BUY-1763965650527-005799,SELL-1763965655400-005299,FOREX,3.1,87,2026-01-20 12:12:12.547098
BUY-1763965650527-005799,SELL-1763965655395-002815,FOREX,2.17,226,2026-01-20 12:12:12.547131
BUY-1763965650526-004712,SELL-1763965655395-002815,FOREX,2.17,108,2026-01-20 12:12:12.547134
BUY-1763965650522-002073,SELL-1763965655395-002815,FOREX,2.17,111,2026-01-20 12:12:12.547137
BUY-1763965650522-002073,SELL-1763965655402-006921,FOREX,4.25,468,2026-01-20 12:12:12.547147
BUY-1763965650521-001439,SELL-1763965655400-005411,EQUITY,119.67,266,2026-01-20 12:12:12.547165
BUY-1763965650528-005850,SELL-1763965655400-005411,EQUITY,119.67,205,2026-01-20 12:12:12.547168
BUY-1763965650529-007371,SELL-1763965655400-005411,EQUITY,119.67,106,2026-01-20 12:12:12.547174
BUY-1763965650529-007371,SELL-1763965655397-003867,EQUITY,68.29,32,2026-01-20 12:12:12.547187
BUY-1763965650529-007371,SELL-1763965655390-000123,EQUITY,150.0,70,2026-01-20 12:12:12.547190
BUY-1763965650526-004886,SELL-1763965655390-000123,EQUITY,150.0,22,2026-01-20 12:12:12.547193
BUY-1763965650522-002073,SELL-1763965655391-000423,FOREX,2.0,22,2026-01-20 12:12:12.547226
BUY-1763965650526-004886,SELL-1763965655395-002911,EQUITY,165.69,358,2026-01-20 12:12:12.547278
BUY-1763965650522-002073,SELL-1763965655403-007418,FOREX,1.33,112,2026-01-20 12:12:12.547284
BUY-1763965650523-002266,SELL-1763965655403-007418,FOREX,1.33,44,2026-01-20 12:12:12.547288
BUY-1763965650523-002266,SELL-1763965655397-003691,FOREX,2.68,224,2026-01-20 12:12:12.547297
BUY-1763965650523-002266,SELL-1763965655403-007087,FOREX,3.55,63,2026-01-20 12:12:12.547312
BUY-1763965650527-005168,SELL-1763965655403-007087,FOREX,3.55,516,2026-01-20 12:12:12.547315
BUY-1763965650527-005168,SELL-1763965655393-001631,FOREX,1.24,157,2026-01-20 12:12:12.547323
BUY-1763965650523-002499,SELL-1763965655393-001631,FOREX,1.24,15,2026-01-20 12:12:12.547326
BUY-1763965650528-005888,SELL-1763965655393-001631,FOREX,1.24,375,2026-01-20 12:12:12.547329
BUY-1763965650520-000985,SELL-1763965655393-001631,FOREX,1.24,156,2026-01-20 12:12:12.547332
BUY-1763965650520-000985,SELL-1763965655402-006343,FOREX,2.27,478,2026-01-20 12:12:12.547340
BUY-1763965650520-000985,SELL-1763965655394-002388,FOREX,3.01,1,2026-01-20 12:12:12.547350
BUY-1763965650522-002241,SELL-1763965655394-002388,FOREX,3.01,707,2026-01-20 12:12:12.547353
BUY-1763965650528-006630,SELL-1763965655393-001560,EQUITY,137.37,193,2026-01-20 12:12:12.547359
BUY-1763965650528-006630,SELL-1763965655398-004072,EQUITY,132.67,313,2026-01-20 12:12:12.547362
BUY-1763965650521-001087,SELL-1763965655398-004072,EQUITY,132.67,97,2026-01-20 12:12:12.547364
BUY-1763965650525-004258,SELL-1763965655398-004072,EQUITY,132.67,36,2026-01-20 12:12:12.547367
BUY-1763965650525-004258,SELL-1763965655398-004055,EQUITY,153.71,197,2026-01-20 12:12:12.547396
BUY-1763965650527-005154,SELL-1763965655398-004055,EQUITY,153.71,244,2026-01-20 12:12:12.547398
BUY-1763965650529-007337,SELL-1763965655398-004055,EQUITY,153.71,196,2026-01-20 12:12:12.547401
BUY-1763965650525-004093,SELL-1763965655398-004055,EQUITY,153.71,2,2026-01-20 12:12:12.547404
BUY-1763965650525-004093,SELL-1763965655396-003108,EQUITY,215.08,6,2026-01-20 12:12:12.547406
BUY-1763965650525-004093,SELL-1763965655395-002911,EQUITY,165.69,19,2026-01-20 12:12:12.547408
BUY-1763965650525-004093,SELL-1763965655395-002569,EQUITY,234.3,70,2026-01-20 12:12:12.547410
BUY-1763965650525-004093,SELL-1763965655391-000426,EQUITY,200.0,35,2026-01-20 12:12:12.547413
BUY-1763965650525-004093,SELL-1763965655390-000121,EQUITY,200.0,86,2026-01-20 12:12:12.547415
BUY-1763965650519-000272,SELL-1763965655390-000121,EQUITY,200.0,14,2026-01-20 12:12:12.547417
BUY-1763965650519-000272,SELL-1763965655402-006588,EQUITY,188.81,79,2026-01-20 12:12:12.547423
BUY-1763965650528-006552,SELL-1763965655402-006588,EQUITY,188.81,90,2026-01-20 12:12:12.547425
BUY-1763965650528-006552,SELL-1763965655393-001833,EQUITY,243.91,13,2026-01-20 12:12:12.547428
BUY-1763965650522-002241,SELL-1763965655400-005297,FOREX,5.15,41,2026-01-20 12:12:12.547440
BUY-1763965650528-006431,SELL-1763965655400-005297,FOREX,5.15,224,2026-01-20 12:12:12.547444
BUY-1763965650528-006431,SELL-1763965655402-006397,FOREX,1.65,250,2026-01-20 12:12:12.547450
BUY-1763965650528-006431,SELL-1763965655391-000780,FOREX,4.95,502,2026-01-20 12:12:12.547460
BUY-1763965650525-004028,SELL-1763965655391-000780,FOREX,4.95,373,2026-01-20 12:12:12.547463
BUY-1763965650529-007421,SELL-1763965655390-000057,EQUITY,150.0,22,2026-01-20 12:12:12.547472
BUY-1763965650529-007421,SELL-1763965655392-000999,EQUITY,201.07,255,2026-01-20 12:12:12.547474
BUY-1763965650521-001273,SELL-1763965655392-000999,EQUITY,201.07,217,2026-01-20 12:12:12.547477
BUY-1763965650522-001724,SELL-1763965655391-000731,CRYPTO,216.5,12,2026-01-20 12:12:12.547486
BUY-1763965650525-004028,SELL-1763965655394-002197,FOREX,1.08,100,2026-01-20 12:12:12.547547
BUY-1763965650522-001704,SELL-1763965655394-002197,FOREX,1.08,20,2026-01-20 12:12:12.547550
BUY-1763965650522-001783,SELL-1763965655394-002197,FOREX,1.08,223,2026-01-20 12:12:12.547553
BUY-1763965650522-001724,SELL-1763965655402-006431,CRYPTO,133.34,42,2026-01-20 12:12:12.547566
BUY-1763965650527-005563,SELL-1763965655402-006431,CRYPTO,133.34,7,2026-01-20 12:12:12.547569
BUY-1763965650528-006448,SELL-1763965655402-006431,CRYPTO,133.34,102,2026-01-20 12:12:12.547571
BUY-1763965650527-005559,SELL-1763965655402-006431,CRYPTO,133.34,28,2026-01-20 12:12:12.547574
BUY-1763965650527-005667,SELL-1763965655402-006431,CRYPTO,133.34,26,2026-01-20 12:12:12.547576
BUY-1763965650523-002269,SELL-1763965655402-006431,CRYPTO,133.34,13,2026-01-20 12:12:12.547579
BUY-1763965650527-005800,SELL-1763965655402-006431,CRYPTO,133.34,26,2026-01-20 12:12:12.547581
BUY-1763965650521-001512,SELL-1763965655402-006431,CRYPTO,133.34,12,2026-01-20 12:12:12.547584
BUY-1763965650522-001783,SELL-1763965655395-002592,FOREX,1.37,324,2026-01-20 12:12:12.547604
BUY-1763965650525-004017,SELL-1763965655395-002592,FOREX,1.37,55,2026-01-20 12:12:12.547607
BUY-1763965650526-004758,SELL-1763965655395-002592,FOREX,1.37,583,2026-01-20 12:12:12.547610
BUY-1763965650521-001273,SELL-1763965655403-007035,EQUITY,149.17,111,2026-01-20 12:12:12.547651
BUY-1763965650529-007353,SELL-1763965655403-007035,EQUITY,149.17,243,2026-01-20 12:12:12.547654
BUY-1763965650524-003091,SELL-1763965655403-007035,EQUITY,149.17,102,2026-01-20 12:12:12.547656
BUY-1763965650524-003091,SELL-1763965655395-002575,EQUITY,197.6,129,2026-01-20 12:12:12.547672
BUY-1763965650529-007236,SELL-1763965655395-002575,EQUITY,197.6,35,2026-01-20 12:12:12.547675
BUY-1763965650519-000302,SELL-1763965655395-002575,EQUITY,197.6,62,2026-01-20 12:12:12.547678
BUY-1763965650521-001104,SELL-1763965655395-002575,EQUITY,197.6,122,2026-01-20 12:12:12.547683
BUY-1763965650521-001104,SELL-1763965655393-001833,EQUITY,243.91,62,2026-01-20 12:12:12.547685
BUY-1763965650521-001104,SELL-1763965655399-004574,EQUITY,328.59,34,2026-01-20 12:12:12.547687
BUY-1763965650521-001104,SELL-1763965655396-003458,EQUITY,241.64,21,2026-01-20 12:12:12.547689
BUY-1763965650525-003684,SELL-1763965655396-003458,EQUITY,241.64,247,2026-01-20 12:12:12.547692
BUY-1763965650527-005369,SELL-1763965655396-003458,EQUITY,241.64,56,2026-01-20 12:12:12.547694
BUY-1763965650527-005369,SELL-1763965655403-007133,EQUITY,233.25,30,2026-01-20 12:12:12.547697
BUY-1763965650527-005369,SELL-1763965655393-001543,EQUITY,200.76,142,2026-01-20 12:12:12.547699
BUY-1763965650525-003896,SELL-1763965655393-001543,EQUITY,200.76,183,2026-01-20 12:12:12.547701
BUY-1763965650524-003519,SELL-1763965655393-001543,EQUITY,200.76,45,2026-01-20 12:12:12.547704
BUY-1763965650524-003519,SELL-1763965655391-000768,EQUITY,126.13,201,2026-01-20 12:12:12.547714
BUY-1763965650527-005488,SELL-1763965655391-000768,EQUITY,126.13,96,2026-01-20 12:12:12.547717
BUY-1763965650527-005488,SELL-1763965655392-001317,EQUITY,95.87,179,2026-01-20 12:12:12.547736
BUY-1763965650519-000563,SELL-1763965655392-001317,EQUITY,95.87,86,2026-01-20 12:12:12.547739
BUY-1763965650521-001272,SELL-1763965655392-001317,EQUITY,95.87,216,2026-01-20 12:12:12.547741
BUY-1763965650523-002348,SELL-1763965655392-001317,EQUITY,95.87,22,2026-01-20 12:12:12.547744
BUY-1763965650523-002348,SELL-1763965655398-004442,EQUITY,210.75,147,2026-01-20 12:12:12.547754
BUY-1763965650523-002348,SELL-1763965655394-002088,EQUITY,211.55,130,2026-01-20 12:12:12.547756
BUY-1763965650523-002314,SELL-1763965655394-002088,EQUITY,211.55,279,2026-01-20 12:12:12.547759
BUY-1763965650526-004758,SELL-1763965655395-002894,FOREX,2.8,34,2026-01-20 12:12:12.547765
BUY-1763965650528-006267,SELL-1763965655395-002894,FOREX,2.8,17,2026-01-20 12:12:12.547769
BUY-1763965650528-006188,SELL-1763965655395-002894,FOREX,2.8,779,2026-01-20 12:12:12.547771
BUY-1763965650529-007375,SELL-1763965655395-002894,FOREX,2.8,46,2026-01-20 12:12:12.547774
BUY-1763965650528-006483,SELL-1763965655395-002894,FOREX,2.8,67,2026-01-20 12:12:12.547777
BUY-1763965650528-006483,SELL-1763965655392-001077,FOREX,1.6,145,2026-01-20 12:12:12.547783
BUY-1763965650523-002314,SELL-1763965655402-006608,EQUITY,74.97,9,2026-01-20 12:12:12.547809
BUY-1763965650529-006639,SELL-1763965655402-006608,EQUITY,74.97,166,2026-01-20 12:12:12.547812
BUY-1763965650522-001915,SELL-1763965655402-006608,EQUITY,74.97,229,2026-01-20 12:12:12.547815
BUY-1763965650527-005323,SELL-1763965655402-006608,EQUITY,74.97,159,2026-01-20 12:12:12.547817
BUY-1763965650520-000643,SELL-1763965655402-006608,EQUITY,74.97,103,2026-01-20 12:12:12.547820
BUY-1763965650520-000643,SELL-1763965655392-000958,EQUITY,278.7,27,2026-01-20 12:12:12.547822
BUY-1763965650528-006483,SELL-1763965655393-001860,FOREX,1.28,69,2026-01-20 12:12:12.547835
BUY-1763965650529-007213,SELL-1763965655393-001860,FOREX,1.28,674,2026-01-20 12:12:12.547842
BUY-1763965650520-000643,SELL-1763965655393-001667,EQUITY,158.23,14,2026-01-20 12:12:12.547861
BUY-1763965650521-001512,SELL-1763965655396-003487,CRYPTO,114.45,203,2026-01-20 12:12:12.547878
BUY-1763965650525-004061,SELL-1763965655396-003487,CRYPTO,114.45,50,2026-01-20 12:12:12.547881
BUY-1763965650528-006075,SELL-1763965655396-003487,CRYPTO,114.45,9,2026-01-20 12:12:12.547884
BUY-1763965650522-001980,SELL-1763965655396-003487,CRYPTO,114.45,28,2026-01-20 12:12:12.547886
BUY-1763965650528-006283,SELL-1763965655396-003487,CRYPTO,114.45,3,2026-01-20 12:12:12.547888
BUY-1763965650523-002749,SELL-1763965655396-003487,CRYPTO,114.45,21,2026-01-20 12:12:12.547891
BUY-1763965650525-004220,SELL-1763965655396-003487,CRYPTO,114.45,19,2026-01-20 12:12:12.547893
BUY-1763965650525-004220,SELL-1763965655398-004285,CRYPTO,240.85,16,2026-01-20 12:12:12.547895
BUY-1763965650525-004220,SELL-1763965655401-005810,CRYPTO,329.02,21,2026-01-20 12:12:12.547898
BUY-1763965650525-004079,SELL-1763965655401-005810,CRYPTO,329.02,7,2026-01-20 12:12:12.547900
BUY-1763965650529-006743,SELL-1763965655401-005810,CRYPTO,329.02,4,2026-01-20 12:12:12.547903
BUY-1763965650519-000196,SELL-1763965655401-005810,CRYPTO,329.02,18,2026-01-20 12:12:12.547905
BUY-1763965650524-003361,SELL-1763965655401-005810,CRYPTO,329.02,1,2026-01-20 12:12:12.547907
BUY-1763965650524-003361,SELL-1763965655396-003173,CRYPTO,399.8,9,2026-01-20 12:12:12.547910
BUY-1763965650528-005915,SELL-1763965655396-003173,CRYPTO,399.8,4,2026-01-20 12:12:12.547912
BUY-1763965650528-006420,SELL-1763965655396-003173,CRYPTO,399.8,22,2026-01-20 12:12:12.547914
BUY-1763965650524-003407,SELL-1763965655396-003173,CRYPTO,399.8,16,2026-01-20 12:12:12.547917
BUY-1763965650524-003647,SELL-1763965655396-003173,CRYPTO,399.8,18,2026-01-20 12:12:12.547919
BUY-1763965650526-004442,SELL-1763965655396-003173,CRYPTO,399.8,2,2026-01-20 12:12:12.547921
BUY-1763965650526-004442,SELL-1763965655403-006993,CRYPTO,367.11,9,2026-01-20 12:12:12.547923
BUY-1763965650526-004442,SELL-1763965655394-002137,CRYPTO,386.45,4,2026-01-20 12:12:12.547926
BUY-1763965650520-000887,SELL-1763965655394-002137,CRYPTO,386.45,12,2026-01-20 12:12:12.547928
BUY-1763965650529-007395,SELL-1763965655394-002137,CRYPTO,386.45,10,2026-01-20 12:12:12.547931
BUY-1763965650529-007499,SELL-1763965655394-002137,CRYPTO,386.45,11,2026-01-20 12:12:12.547933
BUY-1763965650529-007080,SELL-1763965655394-002137,CRYPTO,386.45,13,2026-01-20 12:12:12.547935
BUY-1763965650529-007080,SELL-1763965655394-002139,CRYPTO,399.59,12,2026-01-20 12:12:12.547937
BUY-1763965650529-007080,SELL-1763965655394-002228,CRYPTO,351.95,65,2026-01-20 12:12:12.547939
BUY-1763965650523-002494,SELL-1763965655394-002228,CRYPTO,351.95,36,2026-01-20 12:12:12.547942
BUY-1763965650528-006521,SELL-1763965655394-002228,CRYPTO,351.95,34,2026-01-20 12:12:12.547944
BUY-1763965650528-006521,SELL-1763965655401-005847,CRYPTO,346.55,17,2026-01-20 12:12:12.547949
BUY-1763965650528-006521,SELL-1763965655395-002583,CRYPTO,270.83,68,2026-01-20 12:12:12.547952
BUY-1763965650529-007213,SELL-1763965655398-004482,FOREX,1.75,56,2026-01-20 12:12:12.547965
BUY-1763965650521-001468,SELL-1763965655398-004482,FOREX,1.75,565,2026-01-20 12:12:12.547968
BUY-1763965650529-007363,SELL-1763965655398-004482,FOREX,1.75,85,2026-01-20 12:12:12.547971
BUY-1763965650523-002670,SELL-1763965655398-004482,FOREX,1.75,50,2026-01-20 12:12:12.547974
BUY-1763965650523-002670,SELL-1763965655393-001929,FOREX,1.12,675,2026-01-20 12:12:12.548013
BUY-1763965650519-000238,SELL-1763965655397-003739,EQUITY,111.6,17,2026-01-20 12:12:12.548037
BUY-1763965650522-002125,SELL-1763965655397-003739,EQUITY,111.6,182,2026-01-20 12:12:12.548040
BUY-1763965650523-002579,SELL-1763965655397-003739,EQUITY,111.6,262,2026-01-20 12:12:12.548042
BUY-1763965650522-002203,SELL-1763965655397-003739,EQUITY,111.6,126,2026-01-20 12:12:12.548045
BUY-1763965650522-001983,SELL-1763965655397-003739,EQUITY,111.6,34,2026-01-20 12:12:12.548047
BUY-1763965650528-006125,SELL-1763965655397-003739,EQUITY,111.6,142,2026-01-20 12:12:12.548050
BUY-1763965650528-006125,SELL-1763965655395-002980,EQUITY,193.09,113,2026-01-20 12:12:12.548053
BUY-1763965650524-003148,SELL-1763965655395-002980,EQUITY,193.09,130,2026-01-20 12:12:12.548055
BUY-1763965650524-003601,SELL-1763965655395-002980,EQUITY,193.09,29,2026-01-20 12:12:12.548058
BUY-1763965650524-003601,SELL-1763965655393-001667,EQUITY,158.23,19,2026-01-20 12:12:12.548060
BUY-1763965650525-003700,SELL-1763965655393-001667,EQUITY,158.23,44,2026-01-20 12:12:12.548062
BUY-1763965650528-006070,SELL-1763965655393-001667,EQUITY,158.23,138,2026-01-20 12:12:12.548065
BUY-1763965650528-006070,SELL-1763965655396-003461,EQUITY,240.0,65,2026-01-20 12:12:12.548067
BUY-1763965650524-003132,SELL-1763965655391-000407,EQUITY,150.0,81,2026-01-20 12:12:12.548078
BUY-1763965650524-003132,SELL-1763965655394-002378,EQUITY,125.95,342,2026-01-20 12:12:12.548110
BUY-1763965650524-003132,SELL-1763965655395-002821,EQUITY,143.39,2,2026-01-20 12:12:12.548117
BUY-1763965650527-005147,SELL-1763965655395-002821,EQUITY,143.39,119,2026-01-20 12:12:12.548119
BUY-1763965650518-000030,SELL-1763965655395-002821,EQUITY,143.39,37,2026-01-20 12:12:12.548122
BUY-1763965650525-004182,SELL-1763965655395-002821,EQUITY,143.39,210,2026-01-20 12:12:12.548124
BUY-1763965650529-007152,SELL-1763965655395-002821,EQUITY,143.39,17,2026-01-20 12:12:12.548127
BUY-1763965650521-001254,SELL-1763965655395-002821,EQUITY,143.39,102,2026-01-20 12:12:12.548129
BUY-1763965650521-001118,SELL-1763965655395-002821,EQUITY,143.39,98,2026-01-20 12:12:12.548132
BUY-1763965650523-002670,SELL-1763965655395-002749,FOREX,1.3,187,2026-01-20 12:12:12.548152
BUY-1763965650525-004084,SELL-1763965655395-002749,FOREX,1.3,114,2026-01-20 12:12:12.548155
BUY-1763965650525-004084,SELL-1763965655396-003379,FOREX,3.25,741,2026-01-20 12:12:12.548158
BUY-1763965650526-004999,SELL-1763965655396-003379,FOREX,3.25,71,2026-01-20 12:12:12.548163
BUY-1763965650521-001118,SELL-1763965655399-005029,EQUITY,193.87,5,2026-01-20 12:12:12.548170
BUY-1763965650518-000085,SELL-1763965655399-005029,EQUITY,193.87,72,2026-01-20 12:12:12.548173
BUY-1763965650523-002437,SELL-1763965655399-005029,EQUITY,193.87,78,2026-01-20 12:12:12.548175
BUY-1763965650523-002803,SELL-1763965655399-005029,EQUITY,193.87,131,2026-01-20 12:12:12.548178
BUY-1763965650523-002803,SELL-1763965655396-003461,EQUITY,240.0,77,2026-01-20 12:12:12.548180
BUY-1763965650523-002803,SELL-1763965655401-005771,EQUITY,139.85,12,2026-01-20 12:12:12.548186
BUY-1763965650525-003964,SELL-1763965655401-005771,EQUITY,139.85,162,2026-01-20 12:12:12.548189
BUY-1763965650528-006542,SELL-1763965655401-005771,EQUITY,139.85,32,2026-01-20 12:12:12.548191
BUY-1763965650521-001059,SELL-1763965655401-005771,EQUITY,139.85,56,2026-01-20 12:12:12.548194
BUY-1763965650520-000982,SELL-1763965655401-005771,EQUITY,139.85,288,2026-01-20 12:12:12.548196
BUY-1763965650524-003673,SELL-1763965655401-005771,EQUITY,139.85,159,2026-01-20 12:12:12.548199
BUY-1763965650526-004999,SELL-1763965655393-001785,FOREX,4.06,394,2026-01-20 12:12:12.548209
BUY-1763965650524-003673,SELL-1763965655399-004610,EQUITY,160.21,57,2026-01-20 12:12:12.548225
BUY-1763965650525-003813,SELL-1763965655399-004610,EQUITY,160.21,207,2026-01-20 12:12:12.548228
BUY-1763965650526-004985,SELL-1763965655399-004610,EQUITY,160.21,71,2026-01-20 12:12:12.548230
BUY-1763965650520-000940,SELL-1763965655399-004610,EQUITY,160.21,2,2026-01-20 12:12:12.548233
BUY-1763965650526-004999,SELL-1763965655401-006068,FOREX,1.84,124,2026-01-20 12:12:12.548272
BUY-1763965650521-001402,SELL-1763965655401-006068,FOREX,1.84,436,2026-01-20 12:12:12.548275
BUY-1763965650521-001402,SELL-1763965655390-000102,FOREX,3.0,1,2026-01-20 12:12:12.548291
BUY-1763965650529-006898,SELL-1763965655390-000102,FOREX,3.0,88,2026-01-20 12:12:12.548295
BUY-1763965650520-000940,SELL-1763965655396-003387,EQUITY,104.99,215,2026-01-20 12:12:12.548322
BUY-1763965650522-001949,SELL-1763965655396-003387,EQUITY,104.99,105,2026-01-20 12:12:12.548325
BUY-1763965650523-002381,SELL-1763965655396-003387,EQUITY,104.99,18,2026-01-20 12:12:12.548328
BUY-1763965650529-006898,SELL-1763965655399-004647,FOREX,2.4,589,2026-01-20 12:12:12.548347
BUY-1763965650523-002381,SELL-1763965655390-000262,EQUITY,150.0,23,2026-01-20 12:12:12.548353
BUY-1763965650529-006898,SELL-1763965655390-000111,FOREX,1.5,83,2026-01-20 12:12:12.548360
BUY-1763965650529-006898,SELL-1763965655396-003069,FOREX,1.81,200,2026-01-20 12:12:12.548379
BUY-1763965650524-003422,SELL-1763965655396-003069,FOREX,1.81,193,2026-01-20 12:12:12.548382
BUY-1763965650524-003438,SELL-1763965655396-003069,FOREX,1.81,331,2026-01-20 12:12:12.548385
BUY-1763965650524-003438,SELL-1763965655391-000495,FOREX,2.5,44,2026-01-20 12:12:12.548405
BUY-1763965650523-002381,SELL-1763965655397-003937,EQUITY,154.01,159,2026-01-20 12:12:12.548419
BUY-1763965650523-002381,SELL-1763965655393-001689,EQUITY,93.03,68,2026-01-20 12:12:12.548440
BUY-1763965650523-002837,SELL-1763965655393-001689,EQUITY,93.03,199,2026-01-20 12:12:12.548443
BUY-1763965650526-004833,SELL-1763965655393-001689,EQUITY,93.03,140,2026-01-20 12:12:12.548446
BUY-1763965650519-000350,SELL-1763965655393-001689,EQUITY,93.03,70,2026-01-20 12:12:12.548449
BUY-1763965650524-003186,SELL-1763965655393-001689,EQUITY,93.03,227,2026-01-20 12:12:12.548451
BUY-1763965650520-000716,SELL-1763965655393-001689,EQUITY,93.03,70,2026-01-20 12:12:12.548454
BUY-1763965650524-003438,SELL-1763965655399-004686,FOREX,2.19,144,2026-01-20 12:12:12.548461
BUY-1763965650520-000716,SELL-1763965655400-005573,EQUITY,186.44,217,2026-01-20 12:12:12.548479
BUY-1763965650526-004754,SELL-1763965655400-005573,EQUITY,186.44,122,2026-01-20 12:12:12.548482
BUY-1763965650521-001193,SELL-1763965655400-005573,EQUITY,186.44,67,2026-01-20 12:12:12.548485
BUY-1763965650527-005205,SELL-1763965655400-005573,EQUITY,186.44,11,2026-01-20 12:12:12.548487
BUY-1763965650527-005205,SELL-1763965655403-007385,EQUITY,202.73,162,2026-01-20 12:12:12.548505
BUY-1763965650527-005205,SELL-1763965655394-002347,EQUITY,142.0,13,2026-01-20 12:12:12.548526
BUY-1763965650529-007408,SELL-1763965655394-002347,EQUITY,142.0,44,2026-01-20 12:12:12.548529
BUY-1763965650525-003683,SELL-1763965655394-002347,EQUITY,142.0,85,2026-01-20 12:12:12.548532
BUY-1763965650529-006911,SELL-1763965655394-002347,EQUITY,142.0,128,2026-01-20 12:12:12.548534
BUY-1763965650523-002554,SELL-1763965655394-002347,EQUITY,142.0,17,2026-01-20 12:12:12.548536
BUY-1763965650523-002554,SELL-1763965655396-003474,EQUITY,152.47,30,2026-01-20 12:12:12.548549
BUY-1763965650522-001762,SELL-1763965655396-003474,EQUITY,152.47,299,2026-01-20 12:12:12.548551
BUY-1763965650522-001762,SELL-1763965655395-002738,EQUITY,65.81,141,2026-01-20 12:12:12.548577
BUY-1763965650524-003469,SELL-1763965655395-002738,EQUITY,65.81,7,2026-01-20 12:12:12.548580
BUY-1763965650526-004994,SELL-1763965655395-002738,EQUITY,65.81,236,2026-01-20 12:12:12.548582
BUY-1763965650524-003438,SELL-1763965655395-002513,FOREX,1.48,118,2026-01-20 12:12:12.548588
BUY-1763965650524-003438,SELL-1763965655401-006099,FOREX,3.61,62,2026-01-20 12:12:12.548598
BUY-1763965650522-002158,SELL-1763965655401-006099,FOREX,3.61,760,2026-01-20 12:12:12.548601
BUY-1763965650526-004994,SELL-1763965655393-001857,EQUITY,136.12,130,2026-01-20 12:12:12.548612
BUY-1763965650523-002282,SELL-1763965655393-001857,EQUITY,136.12,125,2026-01-20 12:12:12.548615
BUY-1763965650523-002282,SELL-1763965655393-001850,EQUITY,102.93,166,2026-01-20 12:12:12.548629
BUY-1763965650529-006940,SELL-1763965655393-001850,EQUITY,102.93,86,2026-01-20 12:12:12.548632
BUY-1763965650524-003117,SELL-1763965655393-001850,EQUITY,102.93,10,2026-01-20 12:12:12.548634
BUY-1763965650529-006832,SELL-1763965655393-001850,EQUITY,102.93,223,2026-01-20 12:12:12.548637
BUY-1763965650525-004146,SELL-1763965655393-001850,EQUITY,102.93,120,2026-01-20 12:12:12.548639
BUY-1763965650529-007481,SELL-1763965655393-001850,EQUITY,102.93,183,2026-01-20 12:12:12.548645
BUY-1763965650528-005885,SELL-1763965655393-001850,EQUITY,102.93,59,2026-01-20 12:12:12.548648
BUY-1763965650528-005885,SELL-1763965655400-005514,EQUITY,159.57,189,2026-01-20 12:12:12.548659
BUY-1763965650520-000909,SELL-1763965655400-005514,EQUITY,159.57,255,2026-01-20 12:12:12.548662
BUY-1763965650522-002158,SELL-1763965655401-006060,FOREX,2.5,33,2026-01-20 12:12:12.548671
BUY-1763965650524-003082,SELL-1763965655401-006060,FOREX,2.5,364,2026-01-20 12:12:12.548674
BUY-1763965650528-006521,SELL-1763965655394-002361,CRYPTO,260.54,4,2026-01-20 12:12:12.548687
BUY-1763965650528-006346,SELL-1763965655394-002361,CRYPTO,260.54,27,2026-01-20 12:12:12.548690
BUY-1763965650523-002323,SELL-1763965655394-002361,CRYPTO,260.54,26,2026-01-20 12:12:12.548693
BUY-1763965650526-005066,SELL-1763965655394-002361,CRYPTO,260.54,8,2026-01-20 12:12:12.548695
BUY-1763965650525-004192,SELL-1763965655394-002361,CRYPTO,260.54,5,2026-01-20 12:12:12.548700
BUY-1763965650519-000601,SELL-1763965655394-002361,CRYPTO,260.54,10,2026-01-20 12:12:12.548703
BUY-1763965650521-001213,SELL-1763965655394-002361,CRYPTO,260.54,5,2026-01-20 12:12:12.548705
BUY-1763965650521-001213,SELL-1763965655394-002402,CRYPTO,703.77,13,2026-01-20 12:12:12.548708
BUY-1763965650520-000909,SELL-1763965655401-006205,EQUITY,186.86,23,2026-01-20 12:12:12.548723
BUY-1763965650528-005951,SELL-1763965655401-006205,EQUITY,186.86,9,2026-01-20 12:12:12.548726
BUY-1763965650519-000330,SELL-1763965655401-006205,EQUITY,186.86,39,2026-01-20 12:12:12.548729
BUY-1763965650519-000274,SELL-1763965655401-006205,EQUITY,186.86,73,2026-01-20 12:12:12.548731
BUY-1763965650528-006594,SELL-1763965655401-006205,EQUITY,186.86,151,2026-01-20 12:12:12.548734
BUY-1763965650526-004633,SELL-1763965655401-006205,EQUITY,186.86,235,2026-01-20 12:12:12.548737
BUY-1763965650524-003082,SELL-1763965655390-000253,FOREX,3.0,55,2026-01-20 12:12:12.548778
BUY-1763965650526-004633,SELL-1763965655400-005467,EQUITY,80.88,10,2026-01-20 12:12:12.548786
BUY-1763965650523-002931,SELL-1763965655400-005467,EQUITY,80.88,4,2026-01-20 12:12:12.548789
BUY-1763965650519-000594,SELL-1763965655400-005467,EQUITY,80.88,183,2026-01-20 12:12:12.548791
BUY-1763965650527-005449,SELL-1763965655400-005467,EQUITY,80.88,115,2026-01-20 12:12:12.548796
BUY-1763965650524-003082,SELL-1763965655394-002203,FOREX,1.35,255,2026-01-20 12:12:12.548803
BUY-1763965650524-003082,SELL-1763965655396-003213,FOREX,1.54,49,2026-01-20 12:12:12.548830
BUY-1763965650524-003082,SELL-1763965655392-000908,FOREX,1.11,246,2026-01-20 12:12:12.548836
BUY-1763965650527-005449,SELL-1763965655400-005278,EQUITY,179.95,77,2026-01-20 12:12:12.548848
BUY-1763965650521-001194,SELL-1763965655400-005278,EQUITY,179.95,84,2026-01-20 12:12:12.548850
BUY-1763965650524-003080,SELL-1763965655400-005278,EQUITY,179.95,32,2026-01-20 12:12:12.548853
BUY-1763965650526-004459,SELL-1763965655400-005278,EQUITY,179.95,84,2026-01-20 12:12:12.548859
BUY-1763965650524-003087,SELL-1763965655400-005278,EQUITY,179.95,116,2026-01-20 12:12:12.548861
BUY-1763965650525-003959,SELL-1763965655400-005278,EQUITY,179.95,144,2026-01-20 12:12:12.548863
BUY-1763965650525-003959,SELL-1763965655390-000339,EQUITY,100.0,7,2026-01-20 12:12:12.548873
BUY-1763965650529-006703,SELL-1763965655390-000339,EQUITY,100.0,36,2026-01-20 12:12:12.548876
BUY-1763965650519-000459,SELL-1763965655390-000339,EQUITY,100.0,2,2026-01-20 12:12:12.548879
BUY-1763965650519-000459,SELL-1763965655392-001381,EQUITY,50.78,23,2026-01-20 12:12:12.548888
BUY-1763965650521-001602,SELL-1763965655392-001381,EQUITY,50.78,61,2026-01-20 12:12:12.548891
BUY-1763965650524-003106,SELL-1763965655392-001381,EQUITY,50.78,49,2026-01-20 12:12:12.548893
BUY-1763965650523-002518,SELL-1763965655392-001381,EQUITY,50.78,135,2026-01-20 12:12:12.548896
BUY-1763965650524-003023,SELL-1763965655392-001381,EQUITY,50.78,76,2026-01-20 12:12:12.548898
BUY-1763965650529-007074,SELL-1763965655392-001381,EQUITY,50.78,246,2026-01-20 12:12:12.548900
BUY-1763965650526-005021,SELL-1763965655392-001381,EQUITY,50.78,173,2026-01-20 12:12:12.548903
BUY-1763965650521-001197,SELL-1763965655392-001381,EQUITY,50.78,25,2026-01-20 12:12:12.548905
BUY-1763965650522-002226,SELL-1763965655394-002070,CRYPTO,282.28,69,2026-01-20 12:12:12.548912
BUY-1763965650520-000621,SELL-1763965655394-002070,CRYPTO,282.28,5,2026-01-20 12:12:12.548915
BUY-1763965650524-003082,SELL-1763965655391-000442,FOREX,2.0,29,2026-01-20 12:12:12.548961
BUY-1763965650522-001865,SELL-1763965655391-000442,FOREX,2.0,8,2026-01-20 12:12:12.548964
BUY-1763965650522-001865,SELL-1763965655403-007316,FOREX,2.11,283,2026-01-20 12:12:12.548980
BUY-1763965650522-001865,SELL-1763965655401-005782,FOREX,4.94,166,2026-01-20 12:12:12.548995
BUY-1763965650527-005174,SELL-1763965655401-005782,FOREX,4.94,71,2026-01-20 12:12:12.548998
BUY-1763965650522-001720,SELL-1763965655401-005782,FOREX,4.94,109,2026-01-20 12:12:12.549001
BUY-1763965650522-001720,SELL-1763965655395-002477,FOREX,2.02,564,2026-01-20 12:12:12.549020
BUY-1763965650522-001720,SELL-1763965655394-002351,FOREX,4.69,21,2026-01-20 12:12:12.549036
BUY-1763965650529-007054,SELL-1763965655394-002351,FOREX,4.69,310,2026-01-20 12:12:12.549039
BUY-1763965650528-006608,SELL-1763965655394-002351,FOREX,4.69,184,2026-01-20 12:12:12.549042
BUY-1763965650522-001612,SELL-1763965655394-002351,FOREX,4.69,89,2026-01-20 12:12:12.549045
BUY-1763965650521-001197,SELL-1763965655394-002227,EQUITY,182.75,59,2026-01-20 12:12:12.549054
BUY-1763965650528-006087,SELL-1763965655394-002227,EQUITY,182.75,110,2026-01-20 12:12:12.549057
BUY-1763965650528-006290,SELL-1763965655394-002227,EQUITY,182.75,144,2026-01-20 12:12:12.549059
BUY-1763965650528-006290,SELL-1763965655390-000177,EQUITY,200.0,49,2026-01-20 12:12:12.549088
BUY-1763965650522-001612,SELL-1763965655400-005613,FOREX,3.61,152,2026-01-20 12:12:12.549134
BUY-1763965650527-005405,SELL-1763965655400-005613,FOREX,3.61,250,2026-01-20 12:12:12.549143
BUY-1763965650521-001301,SELL-1763965655400-005613,FOREX,3.61,67,2026-01-20 12:12:12.549145
BUY-1763965650528-005940,SELL-1763965655400-005613,FOREX,3.61,527,2026-01-20 12:12:12.549148
BUY-1763965650528-006290,SELL-1763965655396-003053,EQUITY,128.53,21,2026-01-20 12:12:12.549159
BUY-1763965650526-004461,SELL-1763965655396-003053,EQUITY,128.53,51,2026-01-20 12:12:12.549161
BUY-1763965650528-005940,SELL-1763965655390-000279,FOREX,3.0,15,2026-01-20 12:12:12.549212
BUY-1763965650526-004461,SELL-1763965655393-001562,EQUITY,140.79,201,2026-01-20 12:12:12.549232
BUY-1763965650528-006299,SELL-1763965655393-001562,EQUITY,140.79,180,2026-01-20 12:12:12.549234
BUY-1763965650526-004686,SELL-1763965655393-001562,EQUITY,140.79,37,2026-01-20 12:12:12.549237
BUY-1763965650524-003435,SELL-1763965655393-001562,EQUITY,140.79,230,2026-01-20 12:12:12.549240
BUY-1763965650528-006276,SELL-1763965655392-001096,EQUITY,119.23,286,2026-01-20 12:12:12.549247
BUY-1763965650528-006251,SELL-1763965655392-001096,EQUITY,119.23,322,2026-01-20 12:12:12.549250
BUY-1763965650527-005797,SELL-1763965655392-001096,EQUITY,119.23,97,2026-01-20 12:12:12.549252
BUY-1763965650528-005940,SELL-1763965655396-003124,FOREX,3.12,67,2026-01-20 12:12:12.549268
BUY-1763965650528-006562,SELL-1763965655396-003124,FOREX,3.12,571,2026-01-20 12:12:12.549271
BUY-1763965650527-005797,SELL-1763965655392-001260,EQUITY,188.15,24,2026-01-20 12:12:12.549289
BUY-1763965650526-004922,SELL-1763965655392-001260,EQUITY,188.15,125,2026-01-20 12:12:12.549292
BUY-1763965650528-006562,SELL-1763965655395-002490,FOREX,3.64,214,2026-01-20 12:12:12.549305
BUY-1763965650528-006562,SELL-1763965655398-004064,FOREX,1.1,50,2026-01-20 12:12:12.549316
BUY-1763965650521-001382,SELL-1763965655398-004064,FOREX,1.1,854,2026-01-20 12:12:12.549319
BUY-1763965650521-001382,SELL-1763965655398-004009,FOREX,1.95,137,2026-01-20 12:12:12.549384
BUY-1763965650525-003842,SELL-1763965655398-004009,FOREX,1.95,21,2026-01-20 12:12:12.549388
BUY-1763965650527-005526,SELL-1763965655398-004009,FOREX,1.95,117,2026-01-20 12:12:12.549391
BUY-1763965650527-005526,SELL-1763965655394-001994,FOREX,2.7,23,2026-01-20 12:12:12.549431
BUY-1763965650527-005526,SELL-1763965655401-005744,FOREX,1.94,598,2026-01-20 12:12:12.549454
BUY-1763965650520-001011,SELL-1763965655401-005744,FOREX,1.94,66,2026-01-20 12:12:12.549458
BUY-1763965650520-001011,SELL-1763965655396-003232,FOREX,3.07,59,2026-01-20 12:12:12.549489
BUY-1763965650520-001011,SELL-1763965655398-004305,FOREX,1.18,321,2026-01-20 12:12:12.549520
BUY-1763965650526-004922,SELL-1763965655395-002767,EQUITY,86.65,38,2026-01-20 12:12:12.549533
BUY-1763965650528-006356,SELL-1763965655395-002767,EQUITY,86.65,41,2026-01-20 12:12:12.549536
BUY-1763965650523-002435,SELL-1763965655395-002767,EQUITY,86.65,174,2026-01-20 12:12:12.549538
BUY-1763965650529-007122,SELL-1763965655395-002767,EQUITY,86.65,115,2026-01-20 12:12:12.549544
BUY-1763965650520-001011,SELL-1763965655397-003755,FOREX,2.35,142,2026-01-20 12:12:12.549584
BUY-1763965650524-003218,SELL-1763965655397-003755,FOREX,2.35,739,2026-01-20 12:12:12.549587
BUY-1763965650524-003218,SELL-1763965655391-000825,FOREX,4.38,205,2026-01-20 12:12:12.549589
BUY-1763965650524-003465,SELL-1763965655391-000825,FOREX,4.38,96,2026-01-20 12:12:12.549593
BUY-1763965650526-004983,SELL-1763965655391-000825,FOREX,4.38,26,2026-01-20 12:12:12.549595
BUY-1763965650520-000846,SELL-1763965655391-000825,FOREX,4.38,284,2026-01-20 12:12:12.549598
BUY-1763965650520-000846,SELL-1763965655394-002121,FOREX,4.19,13,2026-01-20 12:12:12.549601
BUY-1763965650522-001858,SELL-1763965655394-002121,FOREX,4.19,164,2026-01-20 12:12:12.549603
BUY-1763965650523-002327,SELL-1763965655394-002121,FOREX,4.19,557,2026-01-20 12:12:12.549606
BUY-1763965650527-005691,SELL-1763965655394-002121,FOREX,4.19,93,2026-01-20 12:12:12.549609
BUY-1763965650527-005691,SELL-1763965655403-007389,FOREX,5.71,485,2026-01-20 12:12:12.549611
BUY-1763965650527-005203,SELL-1763965655403-007389,FOREX,5.71,256,2026-01-20 12:12:12.549614
BUY-1763965650529-007122,SELL-1763965655392-001185,EQUITY,116.86,136,2026-01-20 12:12:12.549624
BUY-1763965650528-006566,SELL-1763965655392-001185,EQUITY,116.86,27,2026-01-20 12:12:12.549627
BUY-1763965650523-002902,SELL-1763965655392-001185,EQUITY,116.86,270,2026-01-20 12:12:12.549630
BUY-1763965650526-004644,SELL-1763965655392-001185,EQUITY,116.86,102,2026-01-20 12:12:12.549632
BUY-1763965650527-005203,SELL-1763965655395-002579,FOREX,4.11,324,2026-01-20 12:12:12.549648
BUY-1763965650526-004644,SELL-1763965655390-000169,EQUITY,100.0,34,2026-01-20 12:12:12.549668
BUY-1763965650526-004644,SELL-1763965655396-003171,EQUITY,54.53,421,2026-01-20 12:12:12.549678
BUY-1763965650521-001472,SELL-1763965655396-003171,EQUITY,54.53,408,2026-01-20 12:12:12.549681
BUY-1763965650527-005203,SELL-1763965655394-002431,FOREX,4.11,117,2026-01-20 12:12:12.549692
BUY-1763965650529-007323,SELL-1763965655394-002431,FOREX,4.11,435,2026-01-20 12:12:12.549695
BUY-1763965650529-007323,SELL-1763965655397-003564,FOREX,2.3,153,2026-01-20 12:12:12.549705
BUY-1763965650529-006669,SELL-1763965655397-003564,FOREX,2.3,425,2026-01-20 12:12:12.549708
BUY-1763965650529-006669,SELL-1763965655401-006095,FOREX,2.69,236,2026-01-20 12:12:12.549733
BUY-1763965650521-001472,SELL-1763965655400-005168,EQUITY,111.45,17,2026-01-20 12:12:12.549754
BUY-1763965650521-001472,SELL-1763965655392-001301,EQUITY,87.09,171,2026-01-20 12:12:12.549768
BUY-1763965650527-005630,SELL-1763965655392-001301,EQUITY,87.09,27,2026-01-20 12:12:12.549770
BUY-1763965650526-004959,SELL-1763965655392-001301,EQUITY,87.09,392,2026-01-20 12:12:12.549773
BUY-1763965650522-001630,SELL-1763965655392-001301,EQUITY,87.09,68,2026-01-20 12:12:12.549775
BUY-1763965650529-006669,SELL-1763965655397-003928,FOREX,3.79,135,2026-01-20 12:12:12.549782
BUY-1763965650523-002895,SELL-1763965655397-003928,FOREX,3.79,472,2026-01-20 12:12:12.549785
BUY-1763965650523-002829,SELL-1763965655397-003928,FOREX,3.79,169,2026-01-20 12:12:12.549791
BUY-1763965650522-001630,SELL-1763965655398-004358,EQUITY,51.59,157,2026-01-20 12:12:12.549841
BUY-1763965650522-001630,SELL-1763965655390-000165,EQUITY,100.0,18,2026-01-20 12:12:12.549853
BUY-1763965650523-002829,SELL-1763965655390-000132,FOREX,1.5,98,2026-01-20 12:12:12.549888
BUY-1763965650523-002829,SELL-1763965655391-000557,FOREX,3.97,494,2026-01-20 12:12:12.549894
BUY-1763965650527-005749,SELL-1763965655391-000557,FOREX,3.97,476,2026-01-20 12:12:12.549897
BUY-1763965650529-006738,SELL-1763965655391-000557,FOREX,3.97,13,2026-01-20 12:12:12.549900
BUY-1763965650529-006738,SELL-1763965655390-000188,FOREX,3.5,78,2026-01-20 12:12:12.549938
BUY-1763965650522-001630,SELL-1763965655403-007084,EQUITY,62.21,99,2026-01-20 12:12:12.549990
BUY-1763965650524-003184,SELL-1763965655403-007084,EQUITY,62.21,225,2026-01-20 12:12:12.549993
BUY-1763965650524-003184,SELL-1763965655398-004481,EQUITY,140.32,136,2026-01-20 12:12:12.549996
BUY-1763965650519-000297,SELL-1763965655398-004481,EQUITY,140.32,97,2026-01-20 12:12:12.549998
BUY-1763965650525-004367,SELL-1763965655398-004481,EQUITY,140.32,124,2026-01-20 12:12:12.550001
BUY-1763965650529-007299,SELL-1763965655398-004481,EQUITY,140.32,130,2026-01-20 12:12:12.550004
BUY-1763965650529-007299,SELL-1763965655392-001000,EQUITY,168.44,289,2026-01-20 12:12:12.550012
BUY-1763965650526-004887,SELL-1763965655401-006164,EQUITY,74.37,461,2026-01-20 12:12:12.550049
BUY-1763965650529-006738,SELL-1763965655403-007408,FOREX,1.5,61,2026-01-20 12:12:12.550075
BUY-1763965650529-006738,SELL-1763965655390-000037,FOREX,3.0,100,2026-01-20 12:12:12.550081
BUY-1763965650529-006738,SELL-1763965655400-005189,FOREX,3.88,702,2026-01-20 12:12:12.550094
BUY-1763965650525-004364,SELL-1763965655400-005189,FOREX,3.88,196,2026-01-20 12:12:12.550097
BUY-1763965650525-004364,SELL-1763965655390-000084,FOREX,1.5,85,2026-01-20 12:12:12.550134
BUY-1763965650525-004364,SELL-1763965655394-002412,FOREX,4.2,187,2026-01-20 12:12:12.550140
BUY-1763965650526-004887,SELL-1763965655392-001238,EQUITY,68.6,97,2026-01-20 12:12:12.550235
BUY-1763965650524-003524,SELL-1763965655392-001238,EQUITY,68.6,285,2026-01-20 12:12:12.550238
BUY-1763965650526-004822,SELL-1763965655392-001238,EQUITY,68.6,440,2026-01-20 12:12:12.550241
BUY-1763965650524-003558,SELL-1763965655392-001238,EQUITY,68.6,47,2026-01-20 12:12:12.550243
BUY-1763965650524-003558,SELL-1763965655400-005342,EQUITY,109.99,146,2026-01-20 12:12:12.550246
BUY-1763965650523-002850,SELL-1763965655400-005342,EQUITY,109.99,176,2026-01-20 12:12:12.550248
BUY-1763965650523-002850,SELL-1763965655397-003749,EQUITY,231.85,36,2026-01-20 12:12:12.550250
BUY-1763965650523-002850,SELL-1763965655394-002253,EQUITY,138.41,85,2026-01-20 12:12:12.550253
BUY-1763965650523-002850,SELL-1763965655401-005851,EQUITY,215.06,12,2026-01-20 12:12:12.550255
BUY-1763965650519-000463,SELL-1763965655398-004223,FOREX,1.4,54,2026-01-20 12:12:12.550292
BUY-1763965650524-003397,SELL-1763965655398-004223,FOREX,1.4,176,2026-01-20 12:12:12.550295
BUY-1763965650524-003397,SELL-1763965655394-002412,FOREX,4.2,156,2026-01-20 12:12:12.550297
BUY-1763965650519-000216,SELL-1763965655394-002329,FOREX,2.24,17,2026-01-20 12:12:12.550320
BUY-1763965650525-004219,SELL-1763965655394-002329,FOREX,2.24,581,2026-01-20 12:12:12.550323
BUY-1763965650525-004219,SELL-1763965655394-002412,FOREX,4.2,122,2026-01-20 12:12:12.550325
BUY-1763965650523-002685,SELL-1763965655394-002412,FOREX,4.2,526,2026-01-20 12:12:12.550328
BUY-1763965650523-002685,SELL-1763965655393-001743,FOREX,1.04,104,2026-01-20 12:12:12.550336
BUY-1763965650521-001398,SELL-1763965655393-001743,FOREX,1.04,288,2026-01-20 12:12:12.550339
BUY-1763965650525-004145,SELL-1763965655393-001743,FOREX,1.04,132,2026-01-20 12:12:12.550342
BUY-1763965650525-004145,SELL-1763965655399-004659,FOREX,1.74,221,2026-01-20 12:12:12.550378
BUY-1763965650521-001503,SELL-1763965655399-004659,FOREX,1.74,108,2026-01-20 12:12:12.550382
BUY-1763965650521-001503,SELL-1763965655401-006231,FOREX,5.34,443,2026-01-20 12:12:12.550384
BUY-1763965650521-001503,SELL-1763965655398-004212,FOREX,5.46,348,2026-01-20 12:12:12.550387
BUY-1763965650524-003251,SELL-1763965655398-004212,FOREX,5.46,439,2026-01-20 12:12:12.550390
BUY-1763965650524-003433,SELL-1763965655398-004212,FOREX,5.46,21,2026-01-20 12:12:12.550393
BUY-1763965650524-003433,SELL-1763965655396-003175,FOREX,4.6,284,2026-01-20 12:12:12.550395
BUY-1763965650524-003433,SELL-1763965655391-000738,FOREX,4.28,391,2026-01-20 12:12:12.550398
BUY-1763965650524-003433,SELL-1763965655403-007308,FOREX,5.5,273,2026-01-20 12:12:12.550400
BUY-1763965650520-000860,SELL-1763965655403-007308,FOREX,5.5,164,2026-01-20 12:12:12.550403
BUY-1763965650521-001066,SELL-1763965655403-007308,FOREX,5.5,140,2026-01-20 12:12:12.550406
BUY-1763965650528-006237,SELL-1763965655403-007308,FOREX,5.5,22,2026-01-20 12:12:12.550411
BUY-1763965650528-006237,SELL-1763965655397-003909,FOREX,4.91,281,2026-01-20 12:12:12.550432
BUY-1763965650528-006012,SELL-1763965655397-003909,FOREX,4.91,633,2026-01-20 12:12:12.550435
BUY-1763965650528-006012,SELL-1763965655401-006089,FOREX,1.49,133,2026-01-20 12:12:12.550476
BUY-1763965650528-006012,SELL-1763965655400-005526,FOREX,1.62,99,2026-01-20 12:12:12.550525
BUY-1763965650521-001504,SELL-1763965655400-005526,FOREX,1.62,197,2026-01-20 12:12:12.550528
BUY-1763965650525-003812,SELL-1763965655400-005526,FOREX,1.62,211,2026-01-20 12:12:12.550531
BUY-1763965650523-002486,SELL-1763965655400-005526,FOREX,1.62,29,2026-01-20 12:12:12.550533
BUY-1763965650523-002486,SELL-1763965655400-005546,FOREX,2.05,191,2026-01-20 12:12:12.550560
BUY-1763965650523-002486,SELL-1763965655398-004518,FOREX,3.49,349,2026-01-20 12:12:12.550567
BUY-1763965650523-002486,SELL-1763965655397-003911,FOREX,2.95,223,2026-01-20 12:12:12.550576
BUY-1763965650525-003987,SELL-1763965655397-003911,FOREX,2.95,286,2026-01-20 12:12:12.550582
BUY-1763965650525-003987,SELL-1763965655392-001359,FOREX,3.79,281,2026-01-20 12:12:12.550601
BUY-1763965650522-001683,SELL-1763965655392-001359,FOREX,3.79,665,2026-01-20 12:12:12.550604
BUY-1763965650522-001683,SELL-1763965655394-002283,FOREX,4.02,240,2026-01-20 12:12:12.550615
BUY-1763965650526-004559,SELL-1763965655394-002283,FOREX,4.02,694,2026-01-20 12:12:12.550618
BUY-1763965650526-004559,SELL-1763965655402-006655,FOREX,2.85,40,2026-01-20 12:12:12.550656
BUY-1763965650523-002433,SELL-1763965655402-006655,FOREX,2.85,1,2026-01-20 12:12:12.550659
BUY-1763965650523-002433,SELL-1763965655402-006794,FOREX,5.01,606,2026-01-20 12:12:12.550676
BUY-1763965650527-005261,SELL-1763965655402-006794,FOREX,5.01,229,2026-01-20 12:12:12.550679
BUY-1763965650527-005261,SELL-1763965655401-005796,FOREX,1.34,455,2026-01-20 12:12:12.550694
BUY-1763965650528-006284,SELL-1763965655401-005796,FOREX,1.34,433,2026-01-20 12:12:12.550698
BUY-1763965650528-006284,SELL-1763965655397-003987,FOREX,3.44,375,2026-01-20 12:12:12.550736
BUY-1763965650521-001596,SELL-1763965655398-004340,EQUITY,78.97,47,2026-01-20 12:12:12.550750
BUY-1763965650529-007343,SELL-1763965655398-004340,EQUITY,78.97,495,2026-01-20 12:12:12.550753
BUY-1763965650529-007343,SELL-1763965655399-004978,EQUITY,110.04,66,2026-01-20 12:12:12.550755
BUY-1763965650518-000067,SELL-1763965655390-000241,FOREX,3.0,65,2026-01-20 12:12:12.550767
BUY-1763965650524-003595,SELL-1763965655390-000241,FOREX,3.0,41,2026-01-20 12:12:12.550770
BUY-1763965650524-003595,SELL-1763965655397-003987,FOREX,3.44,283,2026-01-20 12:12:12.550773
BUY-1763965650524-003595,SELL-1763965655400-005307,FOREX,3.47,323,2026-01-20 12:12:12.550792
BUY-1763965650525-004111,SELL-1763965655396-003466,EQUITY,52.51,148,2026-01-20 12:12:12.550840
BUY-1763965650524-003595,SELL-1763965655398-004011,FOREX,1.05,63,2026-01-20 12:12:12.550847
BUY-1763965650527-005665,SELL-1763965655398-004011,FOREX,1.05,480,2026-01-20 12:12:12.550850
BUY-1763965650527-005313,SELL-1763965655398-004011,FOREX,1.05,38,2026-01-20 12:12:12.550853
BUY-1763965650525-003767,SELL-1763965655398-004011,FOREX,1.05,206,2026-01-20 12:12:12.550856
BUY-1763965650525-003767,SELL-1763965655395-002951,FOREX,1.91,458,2026-01-20 12:12:12.550926
BUY-1763965650522-002163,SELL-1763965655395-002951,FOREX,1.91,77,2026-01-20 12:12:12.550929
BUY-1763965650522-002163,SELL-1763965655402-006500,FOREX,5.07,336,2026-01-20 12:12:12.550932
BUY-1763965650522-002163,SELL-1763965655402-006622,FOREX,4.34,467,2026-01-20 12:12:12.550953
BUY-1763965650529-006645,SELL-1763965655402-006622,FOREX,4.34,230,2026-01-20 12:12:12.550956
BUY-1763965650520-000921,SELL-1763965655402-006622,FOREX,4.34,57,2026-01-20 12:12:12.550959
BUY-1763965650520-000921,SELL-1763965655390-000208,FOREX,3.0,43,2026-01-20 12:12:12.550974
BUY-1763965650529-007294,SELL-1763965655390-000208,FOREX,3.0,16,2026-01-20 12:12:12.550977
BUY-1763965650529-007294,SELL-1763965655403-007239,FOREX,1.6,187,2026-01-20 12:12:12.550995
BUY-1763965650529-007294,SELL-1763965655393-001760,FOREX,3.47,261,2026-01-20 12:12:12.551028
BUY-1763965650520-000801,SELL-1763965655393-001760,FOREX,3.47,128,2026-01-20 12:12:12.551031
BUY-1763965650522-001674,SELL-1763965655393-001760,FOREX,3.47,223,2026-01-20 12:12:12.551034
BUY-1763965650521-001239,SELL-1763965655393-001760,FOREX,3.47,24,2026-01-20 12:12:12.551037
BUY-1763965650521-001239,SELL-1763965655395-002492,FOREX,3.1,15,2026-01-20 12:12:12.551077
BUY-1763965650521-001239,SELL-1763965655393-001849,FOREX,5.19,82,2026-01-20 12:12:12.551093
BUY-1763965650521-001239,SELL-1763965655391-000433,FOREX,2.0,78,2026-01-20 12:12:12.551105
BUY-1763965650521-001239,SELL-1763965655390-000294,FOREX,3.5,80,2026-01-20 12:12:12.551151
BUY-1763965650521-001239,SELL-1763965655394-002123,FOREX,4.11,30,2026-01-20 12:12:12.551180
BUY-1763965650529-007257,SELL-1763965655394-002123,FOREX,4.11,51,2026-01-20 12:12:12.551184
BUY-1763965650529-006829,SELL-1763965655394-002123,FOREX,4.11,117,2026-01-20 12:12:12.551187
BUY-1763965650529-006829,SELL-1763965655400-005552,FOREX,6.06,58,2026-01-20 12:12:12.551189
BUY-1763965650529-006829,SELL-1763965655403-007009,FOREX,5.86,2,2026-01-20 12:12:12.551191
BUY-1763965650522-002240,SELL-1763965655403-007009,FOREX,5.86,90,2026-01-20 12:12:12.551194
BUY-1763965650524-003364,SELL-1763965655393-001640,FOREX,2.23,480,2026-01-20 12:12:12.551203
BUY-1763965650528-005808,SELL-1763965655393-001640,FOREX,2.23,185,2026-01-20 12:12:12.551207
BUY-1763965650528-005808,SELL-1763965655394-002399,FOREX,6.26,48,2026-01-20 12:12:12.551209
BUY-1763965650528-005808,SELL-1763965655403-007009,FOREX,5.86,284,2026-01-20 12:12:12.551211
BUY-1763965650528-005808,SELL-1763965655396-003218,FOREX,1.33,137,2026-01-20 12:12:12.551292
BUY-1763965650525-003838,SELL-1763965655396-003218,FOREX,1.33,438,2026-01-20 12:12:12.551300
BUY-1763965650528-005977,SELL-1763965655396-003218,FOREX,1.33,42,2026-01-20 12:12:12.551305
BUY-1763965650528-005977,SELL-1763965655393-001651,FOREX,5.23,467,2026-01-20 12:12:12.551308
BUY-1763965650528-005977,SELL-1763965655402-006783,FOREX,4.38,45,2026-01-20 12:12:12.551320
BUY-1763965650523-002830,SELL-1763965655402-006783,FOREX,4.38,487,2026-01-20 12:12:12.551325
BUY-1763965650523-002830,SELL-1763965655398-004364,FOREX,4.52,367,2026-01-20 12:12:12.551329
BUY-1763965650526-004544,SELL-1763965655394-002294,FOREX,2.32,647,2026-01-20 12:12:12.551357
BUY-1763965650526-004544,SELL-1763965655390-000148,FOREX,2.0,91,2026-01-20 12:12:12.551402
BUY-1763965650526-004544,SELL-1763965655391-000748,FOREX,2.71,139,2026-01-20 12:12:12.551498
BUY-1763965650523-002819,SELL-1763965655391-000748,FOREX,2.71,661,2026-01-20 12:12:12.551504
BUY-1763965650523-002819,SELL-1763965655395-002505,FOREX,1.99,24,2026-01-20 12:12:12.551521
BUY-1763965650523-002954,SELL-1763965655395-002505,FOREX,1.99,317,2026-01-20 12:12:12.551526
BUY-1763965650523-002606,SELL-1763965655395-002505,FOREX,1.99,345,2026-01-20 12:12:12.551542
BUY-1763965650523-002606,SELL-1763965655398-004364,FOREX,4.52,6,2026-01-20 12:12:12.551546
BUY-1763965650521-001572,SELL-1763965655398-004364,FOREX,4.52,10,2026-01-20 12:12:12.551550
BUY-1763965650529-007253,SELL-1763965655398-004364,FOREX,4.52,610,2026-01-20 12:12:12.551555
BUY-1763965650529-007253,SELL-1763965655397-003892,FOREX,4.27,230,2026-01-20 12:12:12.551566
BUY-1763965650520-000691,SELL-1763965655397-003892,FOREX,4.27,487,2026-01-20 12:12:12.551571
BUY-1763965650528-006147,SELL-1763965655397-003892,FOREX,4.27,163,2026-01-20 12:12:12.551576
BUY-1763965650528-006147,SELL-1763965655393-001637,FOREX,5.19,251,2026-01-20 12:12:12.551580
BUY-1763965650521-001491,SELL-1763965655392-001358,CRYPTO,100.26,142,2026-01-20 12:12:12.551591
BUY-1763965650528-006147,SELL-1763965655391-000815,FOREX,2.59,440,2026-01-20 12:12:12.551627
BUY-1763965650521-001550,SELL-1763965655391-000815,FOREX,2.59,208,2026-01-20 12:12:12.551632
BUY-1763965650521-001428,SELL-1763965655391-000815,FOREX,2.59,100,2026-01-20 12:12:12.551637
BUY-1763965650521-001428,SELL-1763965655392-001212,FOREX,5.91,362,2026-01-20 12:12:12.551641
BUY-1763965650521-001091,SELL-1763965655392-001212,FOREX,5.91,536,2026-01-20 12:12:12.551645
BUY-1763965650521-001091,SELL-1763965655391-000519,FOREX,3.49,423,2026-01-20 12:12:12.551683
BUY-1763965650523-002357,SELL-1763965655391-000519,FOREX,3.49,461,2026-01-20 12:12:12.551688
BUY-1763965650523-002357,SELL-1763965655395-002963,FOREX,1.11,292,2026-01-20 12:12:12.551725
BUY-1763965650527-005267,SELL-1763965655395-002963,FOREX,1.11,99,2026-01-20 12:12:12.551731
BUY-1763965650527-005267,SELL-1763965655395-002879,FOREX,4.46,157,2026-01-20 12:12:12.551851
BUY-1763965650526-004654,SELL-1763965655395-002879,FOREX,4.46,366,2026-01-20 12:12:12.551857
BUY-1763965650525-004132,SELL-1763965655395-002879,FOREX,4.46,129,2026-01-20 12:12:12.551861
BUY-1763965650525-004132,SELL-1763965655392-001345,FOREX,6.65,677,2026-01-20 12:12:12.551866
BUY-1763965650525-004132,SELL-1763965655402-006908,FOREX,1.46,67,2026-01-20 12:12:12.551883
BUY-1763965650524-003570,SELL-1763965655402-006908,FOREX,1.46,213,2026-01-20 12:12:12.551888
BUY-1763965650524-003570,SELL-1763965655402-006556,FOREX,3.7,583,2026-01-20 12:12:12.551973
BUY-1763965650524-003570,SELL-1763965655396-003388,FOREX,3.88,156,2026-01-20 12:12:12.552011
BUY-1763965650529-007043,SELL-1763965655396-003388,FOREX,3.88,204,2026-01-20 12:12:12.552016
BUY-1763965650529-007043,SELL-1763965655390-000172,FOREX,2.0,108,2026-01-20 12:12:12.552049
BUY-1763965650529-007043,SELL-1763965655400-005335,FOREX,1.79,280,2026-01-20 12:12:12.552092
BUY-1763965650529-007043,SELL-1763965655401-005772,FOREX,1.07,136,2026-01-20 12:12:12.552148
BUY-1763965650529-007043,SELL-1763965655390-000261,FOREX,3.0,21,2026-01-20 12:12:12.552166
BUY-1763965650529-007043,SELL-1763965655396-003196,FOREX,2.32,146,2026-01-20 12:12:12.552192
BUY-1763965650522-002168,SELL-1763965655396-003196,FOREX,2.32,470,2026-01-20 12:12:12.552198
BUY-1763965650522-002168,SELL-1763965655397-003788,FOREX,2.35,515,2026-01-20 12:12:12.552254
BUY-1763965650524-003256,SELL-1763965655397-003788,FOREX,2.35,28,2026-01-20 12:12:12.552260
BUY-1763965650524-003256,SELL-1763965655400-005521,FOREX,5.54,153,2026-01-20 12:12:12.552265
BUY-1763965650524-003256,SELL-1763965655390-000072,FOREX,3.0,32,2026-01-20 12:12:12.552387
BUY-1763965650524-003256,SELL-1763965655399-004559,FOREX,5.78,82,2026-01-20 12:12:12.552398
BUY-1763965650523-002460,SELL-1763965655402-006886,FOREX,1.21,4,2026-01-20 12:12:12.552456
BUY-1763965650524-003155,SELL-1763965655402-006886,FOREX,1.21,226,2026-01-20 12:12:12.552465
BUY-1763965650524-003155,SELL-1763965655393-001699,FOREX,2.37,199,2026-01-20 12:12:12.552966
BUY-1763965650525-003798,SELL-1763965655393-001699,FOREX,2.37,228,2026-01-20 12:12:12.552976
BUY-1763965650525-004008,SELL-1763965655393-001699,FOREX,2.37,202,2026-01-20 12:12:12.552982
BUY-1763965650525-004008,SELL-1763965655399-004559,FOREX,5.78,440,2026-01-20 12:12:12.552987
BUY-1763965650527-005172,SELL-1763965655399-004559,FOREX,5.78,293,2026-01-20 12:12:12.552992
BUY-1763965650527-005172,SELL-1763965655399-004760,FOREX,2.93,276,2026-01-20 12:12:12.553011
BUY-1763965650527-005172,SELL-1763965655401-005982,FOREX,4.25,194,2026-01-20 12:12:12.553052
BUY-1763965650528-005859,SELL-1763965655401-005982,FOREX,4.25,217,2026-01-20 12:12:12.553058
BUY-1763965650525-003876,SELL-1763965655401-005982,FOREX,4.25,373,2026-01-20 12:12:12.553063
BUY-1763965650528-006465,SELL-1763965655401-005982,FOREX,4.25,137,2026-01-20 12:12:12.553068
BUY-1763965650528-006465,SELL-1763965655402-006881,FOREX,1.22,258,2026-01-20 12:12:12.553080
BUY-1763965650523-002590,SELL-1763965655402-006881,FOREX,1.22,475,2026-01-20 12:12:12.553085
BUY-1763965650523-002590,SELL-1763965655400-005646,FOREX,2.67,154,2026-01-20 12:12:12.553149
BUY-1763965650523-002590,SELL-1763965655392-001408,FOREX,1.16,139,2026-01-20 12:12:12.553175
BUY-1763965650522-002244,SELL-1763965655392-001408,FOREX,1.16,183,2026-01-20 12:12:12.553180
BUY-1763965650522-002244,SELL-1763965655395-002876,FOREX,2.81,185,2026-01-20 12:12:12.553196
BUY-1763965650522-002244,SELL-1763965655395-002811,FOREX,4.34,34,2026-01-20 12:12:12.553259
BUY-1763965650529-006813,SELL-1763965655395-002811,FOREX,4.34,316,2026-01-20 12:12:12.553264
BUY-1763965650529-006813,SELL-1763965655391-000464,FOREX,1.5,28,2026-01-20 12:12:12.553329
BUY-1763965650529-006813,SELL-1763965655400-005196,FOREX,1.09,448,2026-01-20 12:12:12.553348
BUY-1763965650529-006813,SELL-1763965655398-004225,FOREX,4.67,164,2026-01-20 12:12:12.553369
BUY-1763965650525-004210,SELL-1763965655398-004225,FOREX,4.67,301,2026-01-20 12:12:12.553374
BUY-1763965650525-004210,SELL-1763965655399-004742,FOREX,3.29,418,2026-01-20 12:12:12.553405
BUY-1763965650529-007293,SELL-1763965655399-004742,FOREX,3.29,19,2026-01-20 12:12:12.553419
BUY-1763965650529-007293,SELL-1763965655398-004219,FOREX,4.94,226,2026-01-20 12:12:12.553568
BUY-1763965650519-000529,SELL-1763965655398-004219,FOREX,4.94,4,2026-01-20 12:12:12.553575
BUY-1763965650522-001727,SELL-1763965655398-004219,FOREX,4.94,727,2026-01-20 12:12:12.553579
BUY-1763965650522-001727,SELL-1763965655400-005212,FOREX,2.25,168,2026-01-20 12:12:12.553668
BUY-1763965650524-003296,SELL-1763965655400-005212,FOREX,2.25,630,2026-01-20 12:12:12.553672
BUY-1763965650524-003296,SELL-1763965655397-003591,FOREX,3.36,152,2026-01-20 12:12:12.553732
BUY-1763965650523-002461,SELL-1763965655397-003591,FOREX,3.36,476,2026-01-20 12:12:12.553737
BUY-1763965650523-002461,SELL-1763965655402-006779,FOREX,1.87,153,2026-01-20 12:12:12.553749
BUY-1763965650527-005506,SELL-1763965655402-006779,FOREX,1.87,153,2026-01-20 12:12:12.553971
BUY-1763965650527-005506,SELL-1763965655397-003761,FOREX,3.1,49,2026-01-20 12:12:12.554035
BUY-1763965650520-000866,SELL-1763965655397-003761,FOREX,3.1,269,2026-01-20 12:12:12.554042
BUY-1763965650520-000866,SELL-1763965655393-001646,FOREX,3.77,117,2026-01-20 12:12:12.554056
BUY-1763965650527-005463,SELL-1763965655393-001646,FOREX,3.77,91,2026-01-20 12:12:12.554061
BUY-1763965650527-005463,SELL-1763965655398-004467,FOREX,3.49,619,2026-01-20 12:12:12.554085
BUY-1763965650523-002930,SELL-1763965655398-004467,FOREX,3.49,381,2026-01-20 12:12:12.554091
BUY-1763965650523-002930,SELL-1763965655399-005019,FOREX,2.96,426,2026-01-20 12:12:12.554104
BUY-1763965650523-002930,SELL-1763965655397-003550,FOREX,1.52,123,2026-01-20 12:12:12.554150
BUY-1763965650523-002930,SELL-1763965655400-005426,FOREX,3.19,19,2026-01-20 12:12:12.554167
BUY-1763965650522-001647,SELL-1763965655400-005426,FOREX,3.19,633,2026-01-20 12:12:12.554173
BUY-1763965650525-004111,SELL-1763965655394-002158,EQUITY,53.96,500,2026-01-20 12:12:12.554234
BUY-1763965650522-001647,SELL-1763965655402-006660,FOREX,2.1,331,2026-01-20 12:12:12.554299
BUY-1763965650525-004319,SELL-1763965655402-006660,FOREX,2.1,208,2026-01-20 12:12:12.554304
BUY-1763965650525-004319,SELL-1763965655395-002530,FOREX,1.62,434,2026-01-20 12:12:12.554384
BUY-1763965650523-002367,SELL-1763965655395-002530,FOREX,1.62,322,2026-01-20 12:12:12.554390
BUY-1763965650523-002367,SELL-1763965655401-005952,FOREX,1.78,158,2026-01-20 12:12:12.554439
BUY-1763965650523-002367,SELL-1763965655401-006222,FOREX,4.54,223,2026-01-20 12:12:12.554451
BUY-1763965650527-005697,SELL-1763965655403-007289,FOREX,1.76,555,2026-01-20 12:12:12.554475
BUY-1763965650527-005697,SELL-1763965655401-005758,FOREX,3.15,241,2026-01-20 12:12:12.554494
BUY-1763965650520-000971,SELL-1763965655401-005758,FOREX,3.15,255,2026-01-20 12:12:12.554499
BUY-1763965650520-000971,SELL-1763965655401-006222,FOREX,4.54,161,2026-01-20 12:12:12.554503
BUY-1763965650520-000971,SELL-1763965655392-001315,FOREX,3.47,107,2026-01-20 12:12:12.554539
BUY-1763965650519-000304,SELL-1763965655392-001315,FOREX,3.47,57,2026-01-20 12:12:12.554553
BUY-1763965650524-003431,SELL-1763965655392-001315,FOREX,3.47,596,2026-01-20 12:12:12.554562
BUY-1763965650529-007470,SELL-1763965655392-001315,FOREX,3.47,238,2026-01-20 12:12:12.554567
BUY-1763965650529-007470,SELL-1763965655397-003627,FOREX,1.36,439,2026-01-20 12:12:12.554960
BUY-1763965650528-006327,SELL-1763965655397-003627,FOREX,1.36,160,2026-01-20 12:12:12.554967
BUY-1763965650529-007255,SELL-1763965655397-003627,FOREX,1.36,33,2026-01-20 12:12:12.554971
BUY-1763965650525-003973,SELL-1763965655397-003627,FOREX,1.36,88,2026-01-20 12:12:12.554974
BUY-1763965650525-003973,SELL-1763965655403-007093,FOREX,2.33,2,2026-01-20 12:12:12.554982
BUY-1763965650525-003973,SELL-1763965655393-001919,FOREX,5.62,850,2026-01-20 12:12:12.554985
BUY-1763965650526-004580,SELL-1763965655394-002154,FOREX,1.82,431,2026-01-20 12:12:12.555154
BUY-1763965650521-001069,SELL-1763965655394-002154,FOREX,1.82,178,2026-01-20 12:12:12.555161
BUY-1763965650528-006033,SELL-1763965655394-002154,FOREX,1.82,331,2026-01-20 12:12:12.555165
BUY-1763965650528-006033,SELL-1763965655395-002585,FOREX,1.4,170,2026-01-20 12:12:12.555222
BUY-1763965650528-005938,SELL-1763965655395-002585,FOREX,1.4,105,2026-01-20 12:12:12.555226
BUY-1763965650529-006963,SELL-1763965655395-002585,FOREX,1.4,600,2026-01-20 12:12:12.555229
BUY-1763965650525-004189,SELL-1763965655395-002585,FOREX,1.4,31,2026-01-20 12:12:12.555232
BUY-1763965650525-004189,SELL-1763965655402-006499,FOREX,1.26,133,2026-01-20 12:12:12.555239
BUY-1763965650527-005192,SELL-1763965655402-006499,FOREX,1.26,631,2026-01-20 12:12:12.555242
BUY-1763965650527-005192,SELL-1763965655403-007130,FOREX,3.21,71,2026-01-20 12:12:12.555252
BUY-1763965650523-002330,SELL-1763965655403-007130,FOREX,3.21,578,2026-01-20 12:12:12.555257
BUY-1763965650520-000803,SELL-1763965655403-007130,FOREX,3.21,136,2026-01-20 12:12:12.555261
BUY-1763965650519-000516,SELL-1763965655403-007130,FOREX,3.21,71,2026-01-20 12:12:12.555266
BUY-1763965650519-000516,SELL-1763965655401-006239,FOREX,2.99,395,2026-01-20 12:12:12.555297
BUY-1763965650519-000516,SELL-1763965655394-001964,FOREX,3.91,48,2026-01-20 12:12:12.555343
BUY-1763965650525-004299,SELL-1763965655394-001964,FOREX,3.91,452,2026-01-20 12:12:12.555346
BUY-1763965650522-001856,SELL-1763965655394-001964,FOREX,3.91,367,2026-01-20 12:12:12.555349
BUY-1763965650522-001856,SELL-1763965655400-005525,FOREX,3.74,550,2026-01-20 12:12:12.555647
BUY-1763965650521-001325,SELL-1763965655400-005525,FOREX,3.74,138,2026-01-20 12:12:12.555658
BUY-1763965650521-001325,SELL-1763965655399-004776,FOREX,1.94,307,2026-01-20 12:12:12.555673
BUY-1763965650525-003705,SELL-1763965655399-004776,FOREX,1.94,179,2026-01-20 12:12:12.555679
BUY-1763965650525-003705,SELL-1763965655393-001581,FOREX,3.33,190,2026-01-20 12:12:12.555735
BUY-1763965650529-007452,SELL-1763965655393-001581,FOREX,3.33,10,2026-01-20 12:12:12.555741
BUY-1763965650529-007452,SELL-1763965655401-006172,FOREX,2.17,398,2026-01-20 12:12:12.555796
BUY-1763965650529-007452,SELL-1763965655394-002198,FOREX,4.2,48,2026-01-20 12:12:12.555802
BUY-1763965650529-007467,SELL-1763965655394-002198,FOREX,4.2,807,2026-01-20 12:12:12.555807
BUY-1763965650529-007467,SELL-1763965655403-007050,FOREX,4.33,152,2026-01-20 12:12:12.555934
BUY-1763965650526-004861,SELL-1763965655403-007050,FOREX,4.33,161,2026-01-20 12:12:12.555942
BUY-1763965650523-002291,SELL-1763965655403-007050,FOREX,4.33,93,2026-01-20 12:12:12.555949
BUY-1763965650523-002291,SELL-1763965655392-001094,FOREX,1.06,388,2026-01-20 12:12:12.555977
BUY-1763965650523-002291,SELL-1763965655390-000059,FOREX,2.5,79,2026-01-20 12:12:12.556076
BUY-1763965650529-007381,SELL-1763965655390-000059,FOREX,2.5,15,2026-01-20 12:12:12.556085
BUY-1763965650529-007381,SELL-1763965655390-000162,FOREX,3.5,20,2026-01-20 12:12:12.556114
BUY-1763965650529-007381,SELL-1763965655397-003610,FOREX,1.49,573,2026-01-20 12:12:12.556167
BUY-1763965650529-007381,SELL-1763965655391-000777,FOREX,3.55,387,2026-01-20 12:12:12.556199
BUY-1763965650527-005680,SELL-1763965655391-000777,FOREX,3.55,377,2026-01-20 12:12:12.556205
BUY-1763965650527-005680,SELL-1763965655403-007038,FOREX,2.81,491,2026-01-20 12:12:12.556229
BUY-1763965650524-003342,SELL-1763965655403-007038,FOREX,2.81,10,2026-01-20 12:12:12.556235
BUY-1763965650524-003342,SELL-1763965655393-001919,FOREX,5.62,38,2026-01-20 12:12:12.556240
BUY-1763965650524-003342,SELL-1763965655397-003794,FOREX,1.27,87,2026-01-20 12:12:12.556310
BUY-1763965650524-003342,SELL-1763965655393-001507,FOREX,5.86,77,2026-01-20 12:12:12.556315
BUY-1763965650524-003062,SELL-1763965655399-004774,FOREX,2.63,84,2026-01-20 12:12:12.556427
BUY-1763965650527-005190,SELL-1763965655399-004774,FOREX,2.63,709,2026-01-20 12:12:12.556433
BUY-1763965650529-006952,SELL-1763965655399-004774,FOREX,2.63,28,2026-01-20 12:12:12.556439
BUY-1763965650529-006952,SELL-1763965655402-006876,FOREX,4.49,501,2026-01-20 12:12:12.556460
BUY-1763965650521-001476,SELL-1763965655402-006876,FOREX,4.49,118,2026-01-20 12:12:12.556465
BUY-1763965650521-001288,SELL-1763965655395-002476,FOREX,3.14,200,2026-01-20 12:12:12.556479
BUY-1763965650521-001288,SELL-1763965655397-003592,FOREX,1.28,115,2026-01-20 12:12:12.556701
BUY-1763965650523-002691,SELL-1763965655397-003592,FOREX,1.28,58,2026-01-20 12:12:12.556707
BUY-1763965650521-001269,SELL-1763965655397-003592,FOREX,1.28,602,2026-01-20 12:12:12.556712
BUY-1763965650521-001269,SELL-1763965655402-006876,FOREX,4.49,8,2026-01-20 12:12:12.556717
BUY-1763965650528-006402,SELL-1763965655402-006876,FOREX,4.49,127,2026-01-20 12:12:12.556722
BUY-1763965650528-006402,SELL-1763965655393-001551,FOREX,2.02,336,2026-01-20 12:12:12.556769
BUY-1763965650527-005103,SELL-1763965655393-001551,FOREX,2.02,174,2026-01-20 12:12:12.556968
BUY-1763965650527-005103,SELL-1763965655396-003418,FOREX,5.29,200,2026-01-20 12:12:12.557003
BUY-1763965650522-001802,SELL-1763965655396-003418,FOREX,5.29,104,2026-01-20 12:12:12.557009
BUY-1763965650529-007346,SELL-1763965655396-003418,FOREX,5.29,404,2026-01-20 12:12:12.557015
BUY-1763965650524-003145,SELL-1763965655393-001481,FOREX,1.51,174,2026-01-20 12:12:12.557084
BUY-1763965650526-004977,SELL-1763965655393-001481,FOREX,1.51,187,2026-01-20 12:12:12.557093
BUY-1763965650526-004977,SELL-1763965655396-003215,FOREX,2.93,167,2026-01-20 12:12:12.557200
BUY-1763965650528-006341,SELL-1763965655396-003215,FOREX,2.93,378,2026-01-20 12:12:12.557205
BUY-1763965650528-006341,SELL-1763965655399-004924,FOREX,4.58,321,2026-01-20 12:12:12.557210
BUY-1763965650522-001874,SELL-1763965655400-005534,FOREX,1.31,236,2026-01-20 12:12:12.557270
BUY-1763965650527-005389,SELL-1763965655400-005534,FOREX,1.31,29,2026-01-20 12:12:12.557275
BUY-1763965650527-005389,SELL-1763965655390-000056,FOREX,2.5,32,2026-01-20 12:12:12.557462
BUY-1763965650527-005389,SELL-1763965655399-004924,FOREX,4.58,87,2026-01-20 12:12:12.557467
BUY-1763965650529-006638,SELL-1763965655399-004924,FOREX,4.58,506,2026-01-20 12:12:12.557471
BUY-1763965650529-006638,SELL-1763965655393-001507,FOREX,5.86,430,2026-01-20 12:12:12.557475
BUY-1763965650529-006638,SELL-1763965655396-003418,FOREX,5.29,41,2026-01-20 12:12:12.557479
BUY-1763965650527-005678,SELL-1763965655397-003719,FOREX,2.29,270,2026-01-20 12:12:12.557700
BUY-1763965650524-003292,SELL-1763965655397-003719,FOREX,2.29,506,2026-01-20 12:12:12.557711
BUY-1763965650524-003292,SELL-1763965655398-004109,FOREX,4.54,63,2026-01-20 12:12:12.557717
BUY-1763965650524-003292,SELL-1763965655401-006235,FOREX,4.02,107,2026-01-20 12:12:12.557721
BUY-1763965650521-001350,SELL-1763965655401-006235,FOREX,4.02,418,2026-01-20 12:12:12.557727
BUY-1763965650521-001350,SELL-1763965655403-007499,FOREX,4.26,234,2026-01-20 12:12:12.557731
BUY-1763965650528-006456,SELL-1763965655403-007499,FOREX,4.26,251,2026-01-20 12:12:12.557736
BUY-1763965650528-006456,SELL-1763965655400-005205,FOREX,4.54,48,2026-01-20 12:12:12.557749
BUY-1763965650521-001591,SELL-1763965655400-005205,FOREX,4.54,551,2026-01-20 12:12:12.557754
BUY-1763965650521-001491,SELL-1763965655391-000859,CRYPTO,119.8,110,2026-01-20 12:12:12.557807
BUY-1763965650529-006773,SELL-1763965655391-000859,CRYPTO,119.8,15,2026-01-20 12:12:12.557813
BUY-1763965650520-001043,SELL-1763965655391-000859,CRYPTO,119.8,13,2026-01-20 12:12:12.557817
BUY-1763965650524-003293,SELL-1763965655391-000859,CRYPTO,119.8,18,2026-01-20 12:12:12.557821
BUY-1763965650528-006480,SELL-1763965655391-000859,CRYPTO,119.8,22,2026-01-20 12:12:12.557825
BUY-1763965650518-000013,SELL-1763965655391-000859,CRYPTO,119.8,21,2026-01-20 12:12:12.557829
BUY-1763965650526-004645,SELL-1763965655391-000859,CRYPTO,119.8,14,2026-01-20 12:12:12.557833
BUY-1763965650529-006924,SELL-1763965655391-000859,CRYPTO,119.8,55,2026-01-20 12:12:12.557837
BUY-1763965650524-003295,SELL-1763965655391-000859,CRYPTO,119.8,11,2026-01-20 12:12:12.557845
BUY-1763965650521-001255,SELL-1763965655391-000859,CRYPTO,119.8,40,2026-01-20 12:12:12.557849
BUY-1763965650521-001255,SELL-1763965655394-002303,CRYPTO,158.9,8,2026-01-20 12:12:12.557853
BUY-1763965650521-001124,SELL-1763965655394-002303,CRYPTO,158.9,9,2026-01-20 12:12:12.557857
BUY-1763965650529-006927,SELL-1763965655394-002303,CRYPTO,158.9,27,2026-01-20 12:12:12.557862
BUY-1763965650527-005334,SELL-1763965655394-002303,CRYPTO,158.9,18,2026-01-20 12:12:12.557866
BUY-1763965650527-005520,SELL-1763965655394-002303,CRYPTO,158.9,55,2026-01-20 12:12:12.557870
BUY-1763965650520-000821,SELL-1763965655394-002303,CRYPTO,158.9,172,2026-01-20 12:12:12.557873
BUY-1763965650521-001591,SELL-1763965655395-002563,FOREX,4.15,405,2026-01-20 12:12:12.557924
BUY-1763965650528-006137,SELL-1763965655395-002563,FOREX,4.15,391,2026-01-20 12:12:12.557930
BUY-1763965650527-005228,SELL-1763965655402-006762,FOREX,2.71,4,2026-01-20 12:12:12.557960
BUY-1763965650527-005228,SELL-1763965655394-002278,FOREX,1.54,232,2026-01-20 12:12:12.557979
BUY-1763965650527-005228,SELL-1763965655390-000096,FOREX,2.0,39,2026-01-20 12:12:12.558031
BUY-1763965650527-005228,SELL-1763965655402-006944,FOREX,1.58,227,2026-01-20 12:12:12.558095
BUY-1763965650527-005228,SELL-1763965655393-001787,FOREX,2.95,467,2026-01-20 12:12:12.558221
BUY-1763965650520-000898,SELL-1763965655393-001787,FOREX,2.95,432,2026-01-20 12:12:12.558229
BUY-1763965650520-000898,SELL-1763965655402-006736,FOREX,5.21,12,2026-01-20 12:12:12.558235
BUY-1763965650523-002693,SELL-1763965655402-006736,FOREX,5.21,83,2026-01-20 12:12:12.558240
BUY-1763965650522-001834,SELL-1763965655394-002274,FOREX,2.02,464,2026-01-20 12:12:12.558275
BUY-1763965650522-001834,SELL-1763965655395-002563,FOREX,4.15,96,2026-01-20 12:12:12.558279
BUY-1763965650522-001834,SELL-1763965655401-006004,FOREX,1.4,156,2026-01-20 12:12:12.558293
BUY-1763965650526-004728,SELL-1763965655401-006004,FOREX,1.4,420,2026-01-20 12:12:12.558299
BUY-1763965650526-004728,SELL-1763965655400-005373,FOREX,4.48,32,2026-01-20 12:12:12.558305
BUY-1763965650522-001992,SELL-1763965655400-005373,FOREX,4.48,295,2026-01-20 12:12:12.558312
BUY-1763965650522-001992,SELL-1763965655402-006736,FOREX,5.21,43,2026-01-20 12:12:12.558317
BUY-1763965650527-005187,SELL-1763965655402-006736,FOREX,5.21,712,2026-01-20 12:12:12.558325
BUY-1763965650527-005187,SELL-1763965655397-003565,FOREX,5.09,236,2026-01-20 12:12:12.558331
BUY-1763965650525-003945,SELL-1763965655397-003565,FOREX,5.09,139,2026-01-20 12:12:12.558338
BUY-1763965650525-003945,SELL-1763965655396-003035,FOREX,4.89,32,2026-01-20 12:12:12.558343
BUY-1763965650525-003945,SELL-1763965655393-001747,FOREX,7.13,143,2026-01-20 12:12:12.558348
BUY-1763965650525-003945,SELL-1763965655394-002172,FOREX,4.57,334,2026-01-20 12:12:12.558353
BUY-1763965650525-003945,SELL-1763965655390-000164,FOREX,3.5,48,2026-01-20 12:12:12.558540
BUY-1763965650525-003945,SELL-1763965655399-004670,FOREX,5.45,123,2026-01-20 12:12:12.558559
BUY-1763965650525-003945,SELL-1763965655391-000591,FOREX,4.94,87,2026-01-20 12:12:12.558574
BUY-1763965650529-006780,SELL-1763965655391-000591,FOREX,4.94,523,2026-01-20 12:12:12.558581
BUY-1763965650519-000586,SELL-1763965655391-000591,FOREX,4.94,41,2026-01-20 12:12:12.558587
BUY-1763965650519-000586,SELL-1763965655396-003418,FOREX,5.29,156,2026-01-20 12:12:12.558592
BUY-1763965650519-000586,SELL-1763965655398-004354,FOREX,3.74,96,2026-01-20 12:12:12.558625
BUY-1763965650520-001040,SELL-1763965655398-004354,FOREX,3.74,377,2026-01-20 12:12:12.558631
BUY-1763965650527-005349,SELL-1763965655398-004354,FOREX,3.74,515,2026-01-20 12:12:12.558638
BUY-1763965650527-005349,SELL-1763965655394-002416,FOREX,5.31,151,2026-01-20 12:12:12.558643
BUY-1763965650529-006930,SELL-1763965655394-002416,FOREX,5.31,75,2026-01-20 12:12:12.558649
BUY-1763965650529-006930,SELL-1763965655400-005643,FOREX,3.32,258,2026-01-20 12:12:12.558709
BUY-1763965650529-006930,SELL-1763965655397-003978,FOREX,1.49,145,2026-01-20 12:12:12.558735
BUY-1763965650528-005861,SELL-1763965655397-003978,FOREX,1.49,134,2026-01-20 12:12:12.558741
BUY-1763965650523-002680,SELL-1763965655397-003978,FOREX,1.49,615,2026-01-20 12:12:12.558748
BUY-1763965650523-002680,SELL-1763965655393-001546,FOREX,2.69,278,2026-01-20 12:12:12.558834
BUY-1763965650523-002521,SELL-1763965655393-001546,FOREX,2.69,409,2026-01-20 12:12:12.558839
BUY-1763965650523-002521,SELL-1763965655401-005778,FOREX,4.24,568,2026-01-20 12:12:12.558953
BUY-1763965650524-003671,SELL-1763965655401-005778,FOREX,4.24,28,2026-01-20 12:12:12.558958
BUY-1763965650524-003671,SELL-1763965655402-006827,FOREX,4.04,225,2026-01-20 12:12:12.559069
BUY-1763965650522-001879,SELL-1763965655402-006827,FOREX,4.04,122,2026-01-20 12:12:12.559075
BUY-1763965650522-001879,SELL-1763965655391-000441,FOREX,2.5,26,2026-01-20 12:12:12.559111
BUY-1763965650522-001879,SELL-1763965655402-006722,FOREX,3.66,488,2026-01-20 12:12:12.559489
BUY-1763965650522-001950,SELL-1763965655402-006722,FOREX,3.66,195,2026-01-20 12:12:12.559499
BUY-1763965650528-006462,SELL-1763965655402-006722,FOREX,3.66,263,2026-01-20 12:12:12.559505
BUY-1763965650528-006462,SELL-1763965655395-002830,FOREX,4.55,141,2026-01-20 12:12:12.559699
BUY-1763965650521-001203,SELL-1763965655395-002830,FOREX,4.55,227,2026-01-20 12:12:12.559705
BUY-1763965650522-001911,SELL-1763965655395-002830,FOREX,4.55,514,2026-01-20 12:12:12.559710
BUY-1763965650522-001911,SELL-1763965655390-000332,FOREX,2.5,47,2026-01-20 12:12:12.559764
BUY-1763965650522-001911,SELL-1763965655391-000547,FOREX,1.28,407,2026-01-20 12:12:12.559817
BUY-1763965650523-002271,SELL-1763965655391-000547,FOREX,1.28,270,2026-01-20 12:12:12.559823
BUY-1763965650523-002271,SELL-1763965655399-005016,FOREX,2.47,22,2026-01-20 12:12:12.559889
BUY-1763965650523-002271,SELL-1763965655394-002396,FOREX,1.15,71,2026-01-20 12:12:12.559902
BUY-1763965650522-001697,SELL-1763965655394-002396,FOREX,1.15,322,2026-01-20 12:12:12.559914
BUY-1763965650520-000821,SELL-1763965655400-005111,CRYPTO,146.05,57,2026-01-20 12:12:12.559950
BUY-1763965650523-002439,SELL-1763965655400-005111,CRYPTO,146.05,159,2026-01-20 12:12:12.559956
BUY-1763965650527-005474,SELL-1763965655400-005111,CRYPTO,146.05,38,2026-01-20 12:12:12.559961
BUY-1763965650529-006686,SELL-1763965655400-005111,CRYPTO,146.05,6,2026-01-20 12:12:12.559967
BUY-1763965650524-003122,SELL-1763965655400-005111,CRYPTO,146.05,6,2026-01-20 12:12:12.559971
BUY-1763965650527-005410,SELL-1763965655400-005111,CRYPTO,146.05,9,2026-01-20 12:12:12.559976
BUY-1763965650527-005410,SELL-1763965655398-004131,CRYPTO,221.93,1,2026-01-20 12:12:12.559982
BUY-1763965650529-007390,SELL-1763965655398-004131,CRYPTO,221.93,8,2026-01-20 12:12:12.559986
BUY-1763965650520-000882,SELL-1763965655398-004131,CRYPTO,221.93,1,2026-01-20 12:12:12.559991
BUY-1763965650528-006607,SELL-1763965655398-004131,CRYPTO,221.93,12,2026-01-20 12:12:12.559996
BUY-1763965650524-003210,SELL-1763965655398-004131,CRYPTO,221.93,48,2026-01-20 12:12:12.560006
BUY-1763965650526-004857,SELL-1763965655398-004131,CRYPTO,221.93,32,2026-01-20 12:12:12.560011
BUY-1763965650529-007138,SELL-1763965655398-004131,CRYPTO,221.93,4,2026-01-20 12:12:12.560016
BUY-1763965650523-002792,SELL-1763965655398-004131,CRYPTO,221.93,16,2026-01-20 12:12:12.560020
BUY-1763965650528-006479,SELL-1763965655398-004131,CRYPTO,221.93,22,2026-01-20 12:12:12.560025
BUY-1763965650523-002796,SELL-1763965655398-004131,CRYPTO,221.93,6,2026-01-20 12:12:12.560030
BUY-1763965650522-001697,SELL-1763965655392-000991,FOREX,2.72,370,2026-01-20 12:12:12.560246
BUY-1763965650529-006992,SELL-1763965655392-000991,FOREX,2.72,52,2026-01-20 12:12:12.560256
BUY-1763965650523-002602,SELL-1763965655392-000991,FOREX,2.72,564,2026-01-20 12:12:12.560262
BUY-1763965650523-002602,SELL-1763965655401-005861,FOREX,1.04,223,2026-01-20 12:12:12.560301
BUY-1763965650522-002036,SELL-1763965655401-005861,FOREX,1.04,119,2026-01-20 12:12:12.560305
BUY-1763965650522-002036,SELL-1763965655399-004995,FOREX,2.83,616,2026-01-20 12:12:12.560328
BUY-1763965650526-004788,SELL-1763965655399-004995,FOREX,2.83,42,2026-01-20 12:12:12.560331
BUY-1763965650525-004111,SELL-1763965655391-000596,EQUITY,52.91,294,2026-01-20 12:12:12.560412
BUY-1763965650521-001459,SELL-1763965655391-000596,EQUITY,52.91,38,2026-01-20 12:12:12.560418
BUY-1763965650521-001459,SELL-1763965655403-007088,EQUITY,57.59,723,2026-01-20 12:12:12.560422
BUY-1763965650521-001459,SELL-1763965655399-004723,EQUITY,54.8,52,2026-01-20 12:12:12.560425
BUY-1763965650529-007045,SELL-1763965655399-004723,EQUITY,54.8,551,2026-01-20 12:12:12.560428
BUY-1763965650527-005487,SELL-1763965655399-004723,EQUITY,54.8,112,2026-01-20 12:12:12.560430
BUY-1763965650529-007291,SELL-1763965655399-004723,EQUITY,54.8,112,2026-01-20 12:12:12.560433
BUY-1763965650529-007291,SELL-1763965655403-007478,EQUITY,57.67,244,2026-01-20 12:12:12.560446
BUY-1763965650529-007291,SELL-1763965655403-007259,EQUITY,57.96,186,2026-01-20 12:12:12.560450
BUY-1763965650529-007291,SELL-1763965655399-004550,EQUITY,66.09,160,2026-01-20 12:12:12.560454
BUY-1763965650526-004788,SELL-1763965655391-000792,FOREX,5.1,152,2026-01-20 12:12:12.560467
BUY-1763965650523-002769,SELL-1763965655401-005729,FOREX,1.49,537,2026-01-20 12:12:12.560739
BUY-1763965650519-000360,SELL-1763965655401-005729,FOREX,1.49,49,2026-01-20 12:12:12.560743
BUY-1763965650522-002101,SELL-1763965655401-005729,FOREX,1.49,224,2026-01-20 12:12:12.560746
BUY-1763965650521-001231,SELL-1763965655401-005729,FOREX,1.49,35,2026-01-20 12:12:12.560749
BUY-1763965650521-001231,SELL-1763965655392-001324,FOREX,2.56,113,2026-01-20 12:12:12.560751
BUY-1763965650521-001231,SELL-1763965655402-006831,FOREX,2.7,364,2026-01-20 12:12:12.560753
BUY-1763965650524-003105,SELL-1763965655402-006831,FOREX,2.7,256,2026-01-20 12:12:12.560756
BUY-1763965650524-003105,SELL-1763965655401-005853,FOREX,3.12,97,2026-01-20 12:12:12.560759
BUY-1763965650524-003105,SELL-1763965655390-000207,FOREX,2.0,50,2026-01-20 12:12:12.560766
BUY-1763965650522-001896,SELL-1763965655390-000207,FOREX,2.0,21,2026-01-20 12:12:12.560769
BUY-1763965650522-001896,SELL-1763965655399-004958,FOREX,5.2,123,2026-01-20 12:12:12.560772
BUY-1763965650522-001896,SELL-1763965655396-003159,FOREX,2.98,676,2026-01-20 12:12:12.560774
BUY-1763965650525-003956,SELL-1763965655396-003159,FOREX,2.98,9,2026-01-20 12:12:12.560777
BUY-1763965650525-003956,SELL-1763965655392-001245,FOREX,4.7,281,2026-01-20 12:12:12.560780
BUY-1763965650528-006593,SELL-1763965655392-001245,FOREX,4.7,118,2026-01-20 12:12:12.560783
BUY-1763965650525-004212,SELL-1763965655395-002571,FOREX,1.67,381,2026-01-20 12:12:12.560795
BUY-1763965650525-004212,SELL-1763965655395-002712,FOREX,3.29,43,2026-01-20 12:12:12.560806
BUY-1763965650523-002652,SELL-1763965655395-002712,FOREX,3.29,234,2026-01-20 12:12:12.560811
BUY-1763965650528-006415,SELL-1763965655395-002712,FOREX,3.29,450,2026-01-20 12:12:12.560816
BUY-1763965650528-006415,SELL-1763965655392-001245,FOREX,4.7,100,2026-01-20 12:12:12.560820
BUY-1763965650523-002281,SELL-1763965655392-001245,FOREX,4.7,6,2026-01-20 12:12:12.560987
BUY-1763965650529-006633,SELL-1763965655392-001245,FOREX,4.7,472,2026-01-20 12:12:12.560999
BUY-1763965650529-006633,SELL-1763965655399-005050,FOREX,2.88,333,2026-01-20 12:12:12.561087
BUY-1763965650521-001307,SELL-1763965655399-005050,FOREX,2.88,275,2026-01-20 12:12:12.561093
BUY-1763965650529-006887,SELL-1763965655399-005050,FOREX,2.88,25,2026-01-20 12:12:12.561099
BUY-1763965650529-006887,SELL-1763965655395-002965,FOREX,3.97,236,2026-01-20 12:12:12.561104
BUY-1763965650529-007291,SELL-1763965655397-003822,EQUITY,52.14,246,2026-01-20 12:12:12.561121
BUY-1763965650519-000618,SELL-1763965655397-003822,EQUITY,52.14,6,2026-01-20 12:12:12.561127
BUY-1763965650526-005045,SELL-1763965655397-003822,EQUITY,52.14,378,2026-01-20 12:12:12.561139
BUY-1763965650526-005045,SELL-1763965655392-001297,EQUITY,110.44,16,2026-01-20 12:12:12.561145
BUY-1763965650522-002178,SELL-1763965655392-001297,EQUITY,110.44,39,2026-01-20 12:12:12.561150
BUY-1763965650522-002178,SELL-1763965655401-006330,EQUITY,73.15,263,2026-01-20 12:12:12.561155
BUY-1763965650527-005468,SELL-1763965655401-006330,EQUITY,73.15,449,2026-01-20 12:12:12.561160
BUY-1763965650527-005468,SELL-1763965655393-001864,EQUITY,79.55,35,2026-01-20 12:12:12.561165
BUY-1763965650518-000142,SELL-1763965655393-001864,EQUITY,79.55,81,2026-01-20 12:12:12.561169
BUY-1763965650528-006015,SELL-1763965655393-001864,EQUITY,79.55,119,2026-01-20 12:12:12.561174
BUY-1763965650518-000023,SELL-1763965655393-001864,EQUITY,79.55,56,2026-01-20 12:12:12.561178
BUY-1763965650529-006887,SELL-1763965655401-006015,FOREX,3.61,596,2026-01-20 12:12:12.561192
BUY-1763965650529-006895,SELL-1763965655401-006015,FOREX,3.61,66,2026-01-20 12:12:12.561197
BUY-1763965650529-006895,SELL-1763965655402-006502,FOREX,5.24,40,2026-01-20 12:12:12.561225
BUY-1763965650529-006895,SELL-1763965655396-003319,FOREX,4.63,206,2026-01-20 12:12:12.561238
BUY-1763965650529-006895,SELL-1763965655403-007185,FOREX,4.45,474,2026-01-20 12:12:12.561259
BUY-1763965650529-006895,SELL-1763965655400-005253,FOREX,3.36,92,2026-01-20 12:12:12.561271
BUY-1763965650525-004125,SELL-1763965655400-005253,FOREX,3.36,487,2026-01-20 12:12:12.561276
BUY-1763965650522-001931,SELL-1763965655400-005253,FOREX,3.36,341,2026-01-20 12:12:12.561281
BUY-1763965650520-000694,SELL-1763965655397-003819,EQUITY,52.37,427,2026-01-20 12:12:12.561301
BUY-1763965650524-003281,SELL-1763965655397-003819,EQUITY,52.37,56,2026-01-20 12:12:12.561306
BUY-1763965650525-003753,SELL-1763965655397-003819,EQUITY,52.37,310,2026-01-20 12:12:12.561311
BUY-1763965650525-003753,SELL-1763965655393-001908,EQUITY,60.76,180,2026-01-20 12:12:12.561315
BUY-1763965650525-003753,SELL-1763965655393-001864,EQUITY,79.55,92,2026-01-20 12:12:12.561320
BUY-1763965650529-007296,SELL-1763965655393-001864,EQUITY,79.55,55,2026-01-20 12:12:12.561324
BUY-1763965650525-003816,SELL-1763965655393-001864,EQUITY,79.55,168,2026-01-20 12:12:12.561328
BUY-1763965650519-000408,SELL-1763965655393-001864,EQUITY,79.55,24,2026-01-20 12:12:12.561333
BUY-1763965650519-000408,SELL-1763965655396-003046,EQUITY,73.22,7,2026-01-20 12:12:12.561338
BUY-1763965650521-001547,SELL-1763965655396-003046,EQUITY,73.22,186,2026-01-20 12:12:12.561342
BUY-1763965650521-001510,SELL-1763965655396-003046,EQUITY,73.22,95,2026-01-20 12:12:12.561347
BUY-1763965650522-001931,SELL-1763965655394-002171,FOREX,2.39,71,2026-01-20 12:12:12.561460
BUY-1763965650522-001931,SELL-1763965655390-000103,FOREX,2.0,89,2026-01-20 12:12:12.561561
BUY-1763965650522-001931,SELL-1763965655398-004197,FOREX,4.66,14,2026-01-20 12:12:12.561584
BUY-1763965650521-001161,SELL-1763965655398-004197,FOREX,4.66,526,2026-01-20 12:12:12.561589
BUY-1763965650521-001161,SELL-1763965655401-005825,FOREX,4.56,395,2026-01-20 12:12:12.561615
BUY-1763965650520-000804,SELL-1763965655401-005825,FOREX,4.56,221,2026-01-20 12:12:12.561620
BUY-1763965650520-000804,SELL-1763965655402-006602,FOREX,5.1,464,2026-01-20 12:12:12.561624
BUY-1763965650529-006783,SELL-1763965655402-006602,FOREX,5.1,196,2026-01-20 12:12:12.561814
BUY-1763965650523-002426,SELL-1763965655397-003535,FOREX,3.48,101,2026-01-20 12:12:12.561845
BUY-1763965650523-002426,SELL-1763965655395-002775,FOREX,2.89,10,2026-01-20 12:12:12.561921
BUY-1763965650523-002426,SELL-1763965655399-004691,FOREX,2.72,365,2026-01-20 12:12:12.561947
BUY-1763965650526-004395,SELL-1763965655392-001101,CRYPTO,123.81,1,2026-01-20 12:12:12.562005
BUY-1763965650523-002426,SELL-1763965655400-005213,FOREX,1.34,231,2026-01-20 12:12:12.562078
BUY-1763965650523-002426,SELL-1763965655399-005088,FOREX,1.71,219,2026-01-20 12:12:12.562108
BUY-1763965650529-006799,SELL-1763965655399-005088,FOREX,1.71,197,2026-01-20 12:12:12.562114
BUY-1763965650529-006799,SELL-1763965655400-005580,FOREX,4.74,252,2026-01-20 12:12:12.562118
BUY-1763965650527-005118,SELL-1763965655400-005580,FOREX,4.74,244,2026-01-20 12:12:12.562123
BUY-1763965650525-004155,SELL-1763965655400-005580,FOREX,4.74,181,2026-01-20 12:12:12.562128
BUY-1763965650525-004155,SELL-1763965655402-006602,FOREX,5.1,288,2026-01-20 12:12:12.562133
BUY-1763965650525-004155,SELL-1763965655390-000076,FOREX,2.0,27,2026-01-20 12:12:12.562159
BUY-1763965650525-004155,SELL-1763965655399-005018,FOREX,2.35,321,2026-01-20 12:12:12.562201
BUY-1763965650522-002118,SELL-1763965655399-005018,FOREX,2.35,492,2026-01-20 12:12:12.562206
BUY-1763965650522-002118,SELL-1763965655403-007210,FOREX,6.24,193,2026-01-20 12:12:12.562211
BUY-1763965650518-000130,SELL-1763965655399-004627,FOREX,1.26,61,2026-01-20 12:12:12.562262
BUY-1763965650520-001008,SELL-1763965655399-004627,FOREX,1.26,331,2026-01-20 12:12:12.562267
BUY-1763965650520-001008,SELL-1763965655403-007210,FOREX,6.24,192,2026-01-20 12:12:12.562271
BUY-1763965650520-001008,SELL-1763965655394-002114,FOREX,3.64,96,2026-01-20 12:12:12.562284
BUY-1763965650529-007384,SELL-1763965655394-002114,FOREX,3.64,89,2026-01-20 12:12:12.562289
BUY-1763965650527-005700,SELL-1763965655394-002114,FOREX,3.64,60,2026-01-20 12:12:12.562294
BUY-1763965650522-001701,SELL-1763965655394-002114,FOREX,3.64,208,2026-01-20 12:12:12.562299
BUY-1763965650522-001701,SELL-1763965655392-001025,FOREX,7.57,168,2026-01-20 12:12:12.562304
BUY-1763965650519-000493,SELL-1763965655399-004639,FOREX,1.36,65,2026-01-20 12:12:12.562325
BUY-1763965650526-004433,SELL-1763965655399-004639,FOREX,1.36,620,2026-01-20 12:12:12.562331
BUY-1763965650529-006676,SELL-1763965655399-004639,FOREX,1.36,258,2026-01-20 12:12:12.562336
BUY-1763965650529-006676,SELL-1763965655392-001025,FOREX,7.57,167,2026-01-20 12:12:12.562340
BUY-1763965650524-003052,SELL-1763965655402-006410,FOREX,1.08,303,2026-01-20 12:12:12.562361
BUY-1763965650524-003052,SELL-1763965655396-003299,FOREX,2.67,671,2026-01-20 12:12:12.562591
BUY-1763965650519-000277,SELL-1763965655396-003299,FOREX,2.67,36,2026-01-20 12:12:12.562600
BUY-1763965650528-006467,SELL-1763965655396-003299,FOREX,2.67,107,2026-01-20 12:12:12.562605
BUY-1763965650524-003459,SELL-1763965655396-003299,FOREX,2.67,64,2026-01-20 12:12:12.562610
BUY-1763965650527-005333,SELL-1763965655396-003299,FOREX,2.67,27,2026-01-20 12:12:12.562616
BUY-1763965650527-005333,SELL-1763965655397-003760,FOREX,4.75,615,2026-01-20 12:12:12.562755
BUY-1763965650525-003715,SELL-1763965655397-003760,FOREX,4.75,239,2026-01-20 12:12:12.562760
BUY-1763965650525-003715,SELL-1763965655390-000359,FOREX,2.0,37,2026-01-20 12:12:12.562803
BUY-1763965650525-003715,SELL-1763965655403-007104,FOREX,2.91,511,2026-01-20 12:12:12.562850
BUY-1763965650528-006249,SELL-1763965655394-002289,EQUITY,50.12,30,2026-01-20 12:12:12.562896
BUY-1763965650525-003715,SELL-1763965655401-006007,FOREX,3.49,133,2026-01-20 12:12:12.562974
BUY-1763965650523-002498,SELL-1763965655401-006007,FOREX,3.49,132,2026-01-20 12:12:12.562979
BUY-1763965650523-002498,SELL-1763965655390-000068,FOREX,2.0,18,2026-01-20 12:12:12.563340
BUY-1763965650523-002498,SELL-1763965655394-002066,FOREX,3.27,127,2026-01-20 12:12:12.563384
BUY-1763965650523-002498,SELL-1763965655395-002947,FOREX,3.2,361,2026-01-20 12:12:12.563540
BUY-1763965650528-005893,SELL-1763965655395-002947,FOREX,3.2,33,2026-01-20 12:12:12.563546
BUY-1763965650522-002187,SELL-1763965655395-002947,FOREX,3.2,128,2026-01-20 12:12:12.563551
BUY-1763965650529-007433,SELL-1763965655395-002947,FOREX,3.2,3,2026-01-20 12:12:12.563556
BUY-1763965650529-007433,SELL-1763965655394-002272,FOREX,3.54,289,2026-01-20 12:12:12.563561
BUY-1763965650529-007433,SELL-1763965655392-001058,FOREX,6.82,2,2026-01-20 12:12:12.563565
BUY-1763965650529-007433,SELL-1763965655402-006515,FOREX,4.47,103,2026-01-20 12:12:12.563570
BUY-1763965650521-001601,SELL-1763965655402-006515,FOREX,4.47,200,2026-01-20 12:12:12.563574
BUY-1763965650521-001601,SELL-1763965655399-004752,FOREX,3.58,724,2026-01-20 12:12:12.563579
BUY-1763965650521-001601,SELL-1763965655394-002147,FOREX,1.73,27,2026-01-20 12:12:12.563616
BUY-1763965650521-001601,SELL-1763965655401-005984,FOREX,1.57,44,2026-01-20 12:12:12.563706
BUY-1763965650526-005079,SELL-1763965655401-005984,FOREX,1.57,225,2026-01-20 12:12:12.563712
BUY-1763965650523-002311,SELL-1763965655401-005984,FOREX,1.57,398,2026-01-20 12:12:12.563717
BUY-1763965650522-001656,SELL-1763965655401-005984,FOREX,1.57,37,2026-01-20 12:12:12.563722
BUY-1763965650520-000964,SELL-1763965655401-005984,FOREX,1.57,36,2026-01-20 12:12:12.563727
BUY-1763965650529-006908,SELL-1763965655401-005984,FOREX,1.57,241,2026-01-20 12:12:12.563731
BUY-1763965650527-005746,SELL-1763965655401-005984,FOREX,1.57,3,2026-01-20 12:12:12.563736
BUY-1763965650527-005746,SELL-1763965655397-004001,FOREX,5.66,141,2026-01-20 12:12:12.563747
BUY-1763965650527-005746,SELL-1763965655397-003733,FOREX,6.33,621,2026-01-20 12:12:12.563751
BUY-1763965650527-005746,SELL-1763965655402-006409,FOREX,6.87,208,2026-01-20 12:12:12.563756
BUY-1763965650529-006735,SELL-1763965655402-006409,FOREX,6.87,353,2026-01-20 12:12:12.563761
BUY-1763965650526-004395,SELL-1763965655400-005628,CRYPTO,148.68,83,2026-01-20 12:12:12.563795
BUY-1763965650523-002758,SELL-1763965655399-004920,FOREX,3.96,225,2026-01-20 12:12:12.563822
BUY-1763965650527-005498,SELL-1763965655399-004920,FOREX,3.96,256,2026-01-20 12:12:12.563827
BUY-1763965650528-006417,SELL-1763965655394-002208,FOREX,1.43,561,2026-01-20 12:12:12.563839
BUY-1763965650527-005619,SELL-1763965655394-002208,FOREX,1.43,265,2026-01-20 12:12:12.563844
BUY-1763965650527-005619,SELL-1763965655399-004920,FOREX,3.96,320,2026-01-20 12:12:12.563849
BUY-1763965650527-005619,SELL-1763965655402-006614,FOREX,4.81,226,2026-01-20 12:12:12.563853
BUY-1763965650527-005619,SELL-1763965655390-000315,FOREX,3.5,29,2026-01-20 12:12:12.563875
BUY-1763965650518-000042,SELL-1763965655402-006954,FOREX,1.23,90,2026-01-20 12:12:12.563887
BUY-1763965650526-004515,SELL-1763965655402-006954,FOREX,1.23,547,2026-01-20 12:12:12.563892
BUY-1763965650526-004514,SELL-1763965655402-006954,FOREX,1.23,73,2026-01-20 12:12:12.563897
BUY-1763965650526-004514,SELL-1763965655390-000315,FOREX,3.5,37,2026-01-20 12:12:12.563901
BUY-1763965650526-004514,SELL-1763965655396-003435,FOREX,6.43,33,2026-01-20 12:12:12.563905
BUY-1763965650525-003982,SELL-1763965655396-003435,FOREX,6.43,260,2026-01-20 12:12:12.563910
BUY-1763965650527-005126,SELL-1763965655395-002867,FOREX,2.49,241,2026-01-20 12:12:12.563927
BUY-1763965650527-005097,SELL-1763965655395-002867,FOREX,2.49,127,2026-01-20 12:12:12.563932
BUY-1763965650527-005097,SELL-1763965655403-007042,FOREX,2.02,161,2026-01-20 12:12:12.563979
BUY-1763965650527-005097,SELL-1763965655394-002058,FOREX,2.68,435,2026-01-20 12:12:12.563991
BUY-1763965650523-002642,SELL-1763965655394-002058,FOREX,2.68,467,2026-01-20 12:12:12.563996
BUY-1763965650523-002642,SELL-1763965655391-000489,FOREX,1.5,24,2026-01-20 12:12:12.564042
BUY-1763965650523-002642,SELL-1763965655400-005448,FOREX,1.48,128,2026-01-20 12:12:12.564095
BUY-1763965650521-001379,SELL-1763965655400-005448,FOREX,1.48,527,2026-01-20 12:12:12.564101
BUY-1763965650521-001379,SELL-1763965655396-003435,FOREX,6.43,292,2026-01-20 12:12:12.564105
BUY-1763965650518-000115,SELL-1763965655390-000380,FOREX,2.5,29,2026-01-20 12:12:12.564135
BUY-1763965650528-006519,SELL-1763965655390-000380,FOREX,2.5,44,2026-01-20 12:12:12.564140
BUY-1763965650528-006519,SELL-1763965655396-003435,FOREX,6.43,195,2026-01-20 12:12:12.564145
BUY-1763965650528-006519,SELL-1763965655398-004494,FOREX,3.76,695,2026-01-20 12:12:12.564166
BUY-1763965650519-000495,SELL-1763965655398-004486,FOREX,1.95,43,2026-01-20 12:12:12.564188
BUY-1763965650521-001461,SELL-1763965655398-004486,FOREX,1.95,544,2026-01-20 12:12:12.564197
BUY-1763965650521-001461,SELL-1763965655398-004494,FOREX,3.76,5,2026-01-20 12:12:12.564201
BUY-1763965650527-005125,SELL-1763965655398-004494,FOREX,3.76,12,2026-01-20 12:12:12.564207
BUY-1763965650527-005125,SELL-1763965655398-004270,FOREX,3.75,746,2026-01-20 12:12:12.564219
BUY-1763965650527-005125,SELL-1763965655397-003678,FOREX,1.22,121,2026-01-20 12:12:12.564308
BUY-1763965650521-001551,SELL-1763965655397-003678,FOREX,1.22,252,2026-01-20 12:12:12.564314
BUY-1763965650521-001551,SELL-1763965655392-001025,FOREX,7.57,584,2026-01-20 12:12:12.564318
BUY-1763965650523-002822,SELL-1763965655399-004543,FOREX,4.28,41,2026-01-20 12:12:12.564365
BUY-1763965650526-004395,SELL-1763965655395-002503,CRYPTO,117.84,28,2026-01-20 12:12:12.564381
BUY-1763965650528-006364,SELL-1763965655395-002503,CRYPTO,117.84,25,2026-01-20 12:12:12.564387
BUY-1763965650525-004042,SELL-1763965655395-002503,CRYPTO,117.84,148,2026-01-20 12:12:12.564391
BUY-1763965650524-003632,SELL-1763965655395-002503,CRYPTO,117.84,106,2026-01-20 12:12:12.564396
BUY-1763965650522-001799,SELL-1763965655395-002503,CRYPTO,117.84,26,2026-01-20 12:12:12.564400
BUY-1763965650524-003584,SELL-1763965655395-002503,CRYPTO,117.84,1,2026-01-20 12:12:12.564404
BUY-1763965650528-006600,SELL-1763965655395-002503,CRYPTO,117.84,9,2026-01-20 12:12:12.564408
BUY-1763965650521-001111,SELL-1763965655395-002503,CRYPTO,117.84,32,2026-01-20 12:12:12.564412
BUY-1763965650522-002084,SELL-1763965655395-002503,CRYPTO,117.84,2,2026-01-20 12:12:12.564416
BUY-1763965650518-000146,SELL-1763965655395-002503,CRYPTO,117.84,8,2026-01-20 12:12:12.564420
BUY-1763965650518-000146,SELL-1763965655398-004131,CRYPTO,221.93,18,2026-01-20 12:12:12.564425
BUY-1763965650523-002432,SELL-1763965655398-004131,CRYPTO,221.93,6,2026-01-20 12:12:12.564429
BUY-1763965650523-002767,SELL-1763965655398-004131,CRYPTO,221.93,8,2026-01-20 12:12:12.564434
BUY-1763965650518-000119,SELL-1763965655398-004131,CRYPTO,221.93,25,2026-01-20 12:12:12.564436
BUY-1763965650518-000119,SELL-1763965655397-003778,CRYPTO,197.22,17,2026-01-20 12:12:12.564440
BUY-1763965650525-003986,SELL-1763965655397-003778,CRYPTO,197.22,4,2026-01-20 12:12:12.564442
BUY-1763965650525-003787,SELL-1763965655397-003778,CRYPTO,197.22,32,2026-01-20 12:12:12.564444
BUY-1763965650527-005635,SELL-1763965655397-003778,CRYPTO,197.22,11,2026-01-20 12:12:12.564447
BUY-1763965650527-005564,SELL-1763965655397-003778,CRYPTO,197.22,44,2026-01-20 12:12:12.564449
BUY-1763965650525-004203,SELL-1763965655397-003778,CRYPTO,197.22,8,2026-01-20 12:12:12.564452
BUY-1763965650522-002210,SELL-1763965655397-003778,CRYPTO,197.22,7,2026-01-20 12:12:12.564454
BUY-1763965650526-004969,SELL-1763965655397-003778,CRYPTO,197.22,15,2026-01-20 12:12:12.564457
BUY-1763965650528-006470,SELL-1763965655397-003778,CRYPTO,197.22,25,2026-01-20 12:12:12.564459
BUY-1763965650525-003805,SELL-1763965655397-003778,CRYPTO,197.22,6,2026-01-20 12:12:12.564462
BUY-1763965650525-003805,SELL-1763965655394-002003,CRYPTO,226.27,4,2026-01-20 12:12:12.564468
BUY-1763965650519-000567,SELL-1763965655394-002003,CRYPTO,226.27,1,2026-01-20 12:12:12.564471
BUY-1763965650529-006955,SELL-1763965655394-002003,CRYPTO,226.27,9,2026-01-20 12:12:12.564473
BUY-1763965650523-002822,SELL-1763965655399-004534,FOREX,3.06,367,2026-01-20 12:12:12.564492
BUY-1763965650522-002067,SELL-1763965655399-004534,FOREX,3.06,625,2026-01-20 12:12:12.564495
BUY-1763965650522-002067,SELL-1763965655392-001025,FOREX,7.57,48,2026-01-20 12:12:12.564497
BUY-1763965650522-002067,SELL-1763965655402-006409,FOREX,6.87,18,2026-01-20 12:12:12.564500
BUY-1763965650522-002067,SELL-1763965655394-002307,FOREX,5.99,297,2026-01-20 12:12:12.564503
BUY-1763965650520-000699,SELL-1763965655394-002307,FOREX,5.99,19,2026-01-20 12:12:12.564505
BUY-1763965650522-002044,SELL-1763965655394-002307,FOREX,5.99,285,2026-01-20 12:12:12.564508
BUY-1763965650522-002044,SELL-1763965655396-003238,FOREX,5.58,701,2026-01-20 12:12:12.564511
BUY-1763965650522-001878,SELL-1763965655396-003238,FOREX,5.58,157,2026-01-20 12:12:12.564514
BUY-1763965650526-004866,SELL-1763965655397-003779,FOREX,3.56,520,2026-01-20 12:12:12.564535
BUY-1763965650523-002802,SELL-1763965655397-003779,FOREX,3.56,74,2026-01-20 12:12:12.564538
BUY-1763965650523-002802,SELL-1763965655396-003238,FOREX,5.58,116,2026-01-20 12:12:12.564541
BUY-1763965650523-002802,SELL-1763965655395-002758,FOREX,5.46,96,2026-01-20 12:12:12.564543
BUY-1763965650523-002802,SELL-1763965655392-001172,FOREX,5.05,459,2026-01-20 12:12:12.564546
BUY-1763965650523-002802,SELL-1763965655392-001070,FOREX,1.43,181,2026-01-20 12:12:12.564561
BUY-1763965650529-007431,SELL-1763965655392-001070,FOREX,1.43,586,2026-01-20 12:12:12.564564
BUY-1763965650529-007431,SELL-1763965655401-005894,FOREX,1.48,79,2026-01-20 12:12:12.564614
BUY-1763965650527-005543,SELL-1763965655401-005894,FOREX,1.48,307,2026-01-20 12:12:12.564618
BUY-1763965650524-003037,SELL-1763965655401-005894,FOREX,1.48,119,2026-01-20 12:12:12.564620
BUY-1763965650528-006336,SELL-1763965655401-006310,CRYPTO,188.7,32,2026-01-20 12:12:12.564656
BUY-1763965650525-004097,SELL-1763965655401-006310,CRYPTO,188.7,47,2026-01-20 12:12:12.564659
BUY-1763965650529-007070,SELL-1763965655401-006310,CRYPTO,188.7,75,2026-01-20 12:12:12.564662
BUY-1763965650524-002983,SELL-1763965655401-006310,CRYPTO,188.7,13,2026-01-20 12:12:12.564665
BUY-1763965650523-002428,SELL-1763965655401-006310,CRYPTO,188.7,11,2026-01-20 12:12:12.564667
BUY-1763965650523-002428,SELL-1763965655394-002003,CRYPTO,226.27,47,2026-01-20 12:12:12.564669
BUY-1763965650523-002428,SELL-1763965655394-002395,CRYPTO,269.8,29,2026-01-20 12:12:12.564672
BUY-1763965650523-002428,SELL-1763965655396-003332,CRYPTO,200.2,25,2026-01-20 12:12:12.564675
BUY-1763965650523-002479,SELL-1763965655396-003332,CRYPTO,200.2,1,2026-01-20 12:12:12.564677
BUY-1763965650528-006471,SELL-1763965655396-003332,CRYPTO,200.2,20,2026-01-20 12:12:12.564680
BUY-1763965650524-003314,SELL-1763965655396-003332,CRYPTO,200.2,1,2026-01-20 12:12:12.564685
BUY-1763965650525-003820,SELL-1763965655396-003332,CRYPTO,200.2,86,2026-01-20 12:12:12.564688
BUY-1763965650520-000829,SELL-1763965655396-003332,CRYPTO,200.2,13,2026-01-20 12:12:12.564690
BUY-1763965650527-005351,SELL-1763965655396-003332,CRYPTO,200.2,22,2026-01-20 12:12:12.564693
BUY-1763965650522-002012,SELL-1763965655396-003332,CRYPTO,200.2,4,2026-01-20 12:12:12.564695
BUY-1763965650522-002012,SELL-1763965655394-002317,CRYPTO,171.83,4,2026-01-20 12:12:12.564698
BUY-1763965650524-003492,SELL-1763965655394-002317,CRYPTO,171.83,12,2026-01-20 12:12:12.564700
BUY-1763965650523-002515,SELL-1763965655394-002317,CRYPTO,171.83,9,2026-01-20 12:12:12.564703
BUY-1763965650529-006896,SELL-1763965655394-002317,CRYPTO,171.83,10,2026-01-20 12:12:12.564705
BUY-1763965650523-002716,SELL-1763965655394-002317,CRYPTO,171.83,6,2026-01-20 12:12:12.564707
BUY-1763965650525-004273,SELL-1763965655394-002317,CRYPTO,171.83,13,2026-01-20 12:12:12.564710
BUY-1763965650524-003038,SELL-1763965655394-002317,CRYPTO,171.83,51,2026-01-20 12:12:12.564712
BUY-1763965650524-003038,SELL-1763965655397-003595,CRYPTO,319.96,52,2026-01-20 12:12:12.564717
BUY-1763965650524-003203,SELL-1763965655397-003595,CRYPTO,319.96,7,2026-01-20 12:12:12.564720
BUY-1763965650526-004779,SELL-1763965655397-003595,CRYPTO,319.96,9,2026-01-20 12:12:12.564722
BUY-1763965650528-005875,SELL-1763965655397-003595,CRYPTO,319.96,16,2026-01-20 12:12:12.564725
BUY-1763965650527-005107,SELL-1763965655397-003595,CRYPTO,319.96,20,2026-01-20 12:12:12.564727
BUY-1763965650522-002188,SELL-1763965655397-003595,CRYPTO,319.96,15,2026-01-20 12:12:12.564730
BUY-1763965650525-004187,SELL-1763965655397-003595,CRYPTO,319.96,16,2026-01-20 12:12:12.564732
BUY-1763965650525-004187,SELL-1763965655395-002562,CRYPTO,313.57,23,2026-01-20 12:12:12.564735
BUY-1763965650520-000789,SELL-1763965655395-002562,CRYPTO,313.57,7,2026-01-20 12:12:12.564738
BUY-1763965650527-005259,SELL-1763965655395-002562,CRYPTO,313.57,14,2026-01-20 12:12:12.564740
BUY-1763965650521-001390,SELL-1763965655395-002562,CRYPTO,313.57,13,2026-01-20 12:12:12.564742
BUY-1763965650529-007032,SELL-1763965655395-002562,CRYPTO,313.57,8,2026-01-20 12:12:12.564745
BUY-1763965650523-002643,SELL-1763965655395-002562,CRYPTO,313.57,9,2026-01-20 12:12:12.564747
BUY-1763965650524-003572,SELL-1763965655395-002562,CRYPTO,313.57,7,2026-01-20 12:12:12.564749
BUY-1763965650525-004071,SELL-1763965655395-002562,CRYPTO,313.57,16,2026-01-20 12:12:12.564751
BUY-1763965650529-007232,SELL-1763965655395-002562,CRYPTO,313.57,4,2026-01-20 12:12:12.564754
BUY-1763965650523-002861,SELL-1763965655395-002562,CRYPTO,313.57,7,2026-01-20 12:12:12.564756
BUY-1763965650523-002861,SELL-1763965655394-002070,CRYPTO,282.28,39,2026-01-20 12:12:12.564759
BUY-1763965650529-007154,SELL-1763965655394-002070,CRYPTO,282.28,2,2026-01-20 12:12:12.564761
BUY-1763965650527-005625,SELL-1763965655394-002070,CRYPTO,282.28,6,2026-01-20 12:12:12.564766
BUY-1763965650527-005625,SELL-1763965655399-004603,CRYPTO,253.76,8,2026-01-20 12:12:12.564769
BUY-1763965650527-005169,SELL-1763965655399-004603,CRYPTO,253.76,16,2026-01-20 12:12:12.564772
BUY-1763965650521-001544,SELL-1763965655399-004603,CRYPTO,253.76,7,2026-01-20 12:12:12.564774
BUY-1763965650529-007361,SELL-1763965655399-004603,CRYPTO,253.76,8,2026-01-20 12:12:12.564776
BUY-1763965650522-002015,SELL-1763965655399-004603,CRYPTO,253.76,18,2026-01-20 12:12:12.564779
BUY-1763965650523-002785,SELL-1763965655399-004603,CRYPTO,253.76,22,2026-01-20 12:12:12.564781
BUY-1763965650521-001067,SELL-1763965655399-004603,CRYPTO,253.76,30,2026-01-20 12:12:12.564784
BUY-1763965650529-006655,SELL-1763965655399-004603,CRYPTO,253.76,3,2026-01-20 12:12:12.564786
BUY-1763965650528-005844,SELL-1763965655399-004603,CRYPTO,253.76,33,2026-01-20 12:12:12.564788
BUY-1763965650528-005844,SELL-1763965655393-001853,CRYPTO,249.92,5,2026-01-20 12:12:12.564791
BUY-1763965650524-003219,SELL-1763965655393-001853,CRYPTO,249.92,3,2026-01-20 12:12:12.564793
BUY-1763965650527-005378,SELL-1763965655393-001853,CRYPTO,249.92,2,2026-01-20 12:12:12.564796
BUY-1763965650519-000551,SELL-1763965655393-001853,CRYPTO,249.92,22,2026-01-20 12:12:12.564798
BUY-1763965650529-007027,SELL-1763965655393-001853,CRYPTO,249.92,13,2026-01-20 12:12:12.564801
BUY-1763965650529-007182,SELL-1763965655393-001853,CRYPTO,249.92,24,2026-01-20 12:12:12.564803
BUY-1763965650524-003037,SELL-1763965655394-002049,FOREX,1.46,100,2026-01-20 12:12:12.564811
BUY-1763965650528-006621,SELL-1763965655394-002049,FOREX,1.46,597,2026-01-20 12:12:12.564815
BUY-1763965650525-003733,SELL-1763965655394-002049,FOREX,1.46,274,2026-01-20 12:12:12.564818
BUY-1763965650525-003733,SELL-1763965655397-003698,FOREX,6.85,580,2026-01-20 12:12:12.564820
BUY-1763965650525-003733,SELL-1763965655392-000940,FOREX,3.99,66,2026-01-20 12:12:12.564823
BUY-1763965650529-007144,SELL-1763965655392-000940,FOREX,3.99,787,2026-01-20 12:12:12.564826
BUY-1763965650529-007144,SELL-1763965655402-006686,FOREX,5.95,159,2026-01-20 12:12:12.564828
BUY-1763965650527-005269,SELL-1763965655391-000801,FOREX,2.14,151,2026-01-20 12:12:12.564842
BUY-1763965650523-002901,SELL-1763965655391-000801,FOREX,2.14,397,2026-01-20 12:12:12.564845
BUY-1763965650525-004348,SELL-1763965655391-000801,FOREX,2.14,195,2026-01-20 12:12:12.564847
BUY-1763965650525-004348,SELL-1763965655402-006686,FOREX,5.95,427,2026-01-20 12:12:12.564850
BUY-1763965650525-004348,SELL-1763965655396-003479,FOREX,6.45,5,2026-01-20 12:12:12.564852
BUY-1763965650526-004391,SELL-1763965655396-003479,FOREX,6.45,245,2026-01-20 12:12:12.564855
BUY-1763965650528-006323,SELL-1763965655396-003479,FOREX,6.45,545,2026-01-20 12:12:12.564858
BUY-1763965650528-006323,SELL-1763965655395-002795,FOREX,5.02,9,2026-01-20 12:12:12.564861
BUY-1763965650528-005891,SELL-1763965655395-002969,FOREX,1.13,671,2026-01-20 12:12:12.564942
BUY-1763965650523-002627,SELL-1763965655395-002969,FOREX,1.13,127,2026-01-20 12:12:12.564948
BUY-1763965650523-002627,SELL-1763965655394-002051,FOREX,3.43,288,2026-01-20 12:12:12.564951
BUY-1763965650523-002627,SELL-1763965655401-005779,FOREX,1.22,192,2026-01-20 12:12:12.564963
BUY-1763965650526-004914,SELL-1763965655401-005779,FOREX,1.22,526,2026-01-20 12:12:12.564967
BUY-1763965650526-004914,SELL-1763965655395-002723,FOREX,4.4,314,2026-01-20 12:12:12.564973
BUY-1763965650526-004914,SELL-1763965655391-000802,FOREX,1.97,19,2026-01-20 12:12:12.564995
BUY-1763965650526-004914,SELL-1763965655390-000382,FOREX,2.0,51,2026-01-20 12:12:12.565024
BUY-1763965650526-004914,SELL-1763965655391-000886,FOREX,1.78,1,2026-01-20 12:12:12.565062
BUY-1763965650520-000685,SELL-1763965655391-000886,FOREX,1.78,198,2026-01-20 12:12:12.565066
BUY-1763965650521-001138,SELL-1763965655391-000886,FOREX,1.78,476,2026-01-20 12:12:12.565069
BUY-1763965650521-001138,SELL-1763965655403-007141,FOREX,1.49,457,2026-01-20 12:12:12.565086
BUY-1763965650523-002874,SELL-1763965655403-007141,FOREX,1.49,124,2026-01-20 12:12:12.565089
BUY-1763965650521-001526,SELL-1763965655403-007141,FOREX,1.49,63,2026-01-20 12:12:12.565092
BUY-1763965650521-001526,SELL-1763965655402-006697,FOREX,5.95,240,2026-01-20 12:12:12.565095
BUY-1763965650521-001526,SELL-1763965655395-002795,FOREX,5.02,221,2026-01-20 12:12:12.565097
BUY-1763965650527-005115,SELL-1763965655395-002795,FOREX,5.02,598,2026-01-20 12:12:12.565100
BUY-1763965650527-005115,SELL-1763965655400-005233,FOREX,5.41,360,2026-01-20 12:12:12.565102
BUY-1763965650529-006650,SELL-1763965655402-006584,FOREX,1.2,205,2026-01-20 12:12:12.565116
BUY-1763965650526-004541,SELL-1763965655402-006584,FOREX,1.2,392,2026-01-20 12:12:12.565120
BUY-1763965650524-003021,SELL-1763965655402-006584,FOREX,1.2,363,2026-01-20 12:12:12.565122
BUY-1763965650524-003021,SELL-1763965655400-005233,FOREX,5.41,74,2026-01-20 12:12:12.565125
BUY-1763965650524-003021,SELL-1763965655403-007282,FOREX,1.27,286,2026-01-20 12:12:12.565213
BUY-1763965650524-003021,SELL-1763965655393-001878,FOREX,3.07,139,2026-01-20 12:12:12.565224
BUY-1763965650520-000972,SELL-1763965655393-001878,FOREX,3.07,549,2026-01-20 12:12:12.565227
BUY-1763965650528-006366,SELL-1763965655393-001878,FOREX,3.07,215,2026-01-20 12:12:12.565230
BUY-1763965650528-006366,SELL-1763965655403-007037,FOREX,1.77,39,2026-01-20 12:12:12.565254
BUY-1763965650528-006366,SELL-1763965655400-005209,FOREX,3.36,337,2026-01-20 12:12:12.565261
BUY-1763965650525-003953,SELL-1763965655392-000920,CRYPTO,122.52,35,2026-01-20 12:12:12.565306
BUY-1763965650528-006366,SELL-1763965655391-000420,FOREX,3.5,50,2026-01-20 12:12:12.565330
BUY-1763965650528-006366,SELL-1763965655392-001352,FOREX,3.34,60,2026-01-20 12:12:12.565337
BUY-1763965650520-000663,SELL-1763965655392-001352,FOREX,3.34,47,2026-01-20 12:12:12.565340
BUY-1763965650520-000663,SELL-1763965655402-006336,FOREX,2.45,118,2026-01-20 12:12:12.565353
BUY-1763965650520-001029,SELL-1763965655402-006336,FOREX,2.45,233,2026-01-20 12:12:12.565363
BUY-1763965650520-001029,SELL-1763965655392-001340,FOREX,1.21,291,2026-01-20 12:12:12.565428
BUY-1763965650527-005717,SELL-1763965655392-001340,FOREX,1.21,518,2026-01-20 12:12:12.565431
BUY-1763965650527-005717,SELL-1763965655394-002180,FOREX,6.87,205,2026-01-20 12:12:12.565433
BUY-1763965650527-005702,SELL-1763965655400-005388,FOREX,1.68,782,2026-01-20 12:12:12.565465
BUY-1763965650525-003840,SELL-1763965655400-005388,FOREX,1.68,92,2026-01-20 12:12:12.565468
BUY-1763965650525-003840,SELL-1763965655390-000204,FOREX,2.5,107,2026-01-20 12:12:12.565514
BUY-1763965650525-003840,SELL-1763965655396-003352,FOREX,4.6,730,2026-01-20 12:12:12.565531
BUY-1763965650526-004568,SELL-1763965655396-003352,FOREX,4.6,88,2026-01-20 12:12:12.565534
BUY-1763965650526-004568,SELL-1763965655391-000876,FOREX,3.86,97,2026-01-20 12:12:12.565613
BUY-1763965650526-004568,SELL-1763965655402-006690,FOREX,2.3,641,2026-01-20 12:12:12.565677
BUY-1763965650523-002342,SELL-1763965655402-006690,FOREX,2.3,344,2026-01-20 12:12:12.565681
BUY-1763965650523-002342,SELL-1763965655394-002180,FOREX,6.87,250,2026-01-20 12:12:12.565683
BUY-1763965650523-002342,SELL-1763965655403-007197,FOREX,6.1,87,2026-01-20 12:12:12.565686
BUY-1763965650523-002342,SELL-1763965655396-003022,FOREX,6.38,275,2026-01-20 12:12:12.565688
BUY-1763965650526-004529,SELL-1763965655396-003022,FOREX,6.38,61,2026-01-20 12:12:12.565692
BUY-1763965650526-004529,SELL-1763965655403-007420,FOREX,1.32,431,2026-01-20 12:12:12.565713
BUY-1763965650522-001975,SELL-1763965655403-007420,FOREX,1.32,169,2026-01-20 12:12:12.565716
BUY-1763965650522-001975,SELL-1763965655401-005995,FOREX,7.46,254,2026-01-20 12:12:12.565718
BUY-1763965650529-006856,SELL-1763965655396-003096,FOREX,1.67,688,2026-01-20 12:12:12.565741
BUY-1763965650524-003190,SELL-1763965655396-003096,FOREX,1.67,93,2026-01-20 12:12:12.565744
BUY-1763965650524-003190,SELL-1763965655393-001558,FOREX,3.75,45,2026-01-20 12:12:12.565760
BUY-1763965650527-005724,SELL-1763965655393-001558,FOREX,3.75,318,2026-01-20 12:12:12.565764
BUY-1763965650522-001951,SELL-1763965655393-001558,FOREX,3.75,280,2026-01-20 12:12:12.565767
BUY-1763965650522-001951,SELL-1763965655398-004017,FOREX,2.64,87,2026-01-20 12:12:12.565777
BUY-1763965650527-005295,SELL-1763965655398-004017,FOREX,2.64,49,2026-01-20 12:12:12.565780
BUY-1763965650523-002290,SELL-1763965655398-004017,FOREX,2.64,473,2026-01-20 12:12:12.565783
BUY-1763965650523-002290,SELL-1763965655402-006492,FOREX,4.04,119,2026-01-20 12:12:12.565792
BUY-1763965650521-001236,SELL-1763965655402-006492,FOREX,4.04,513,2026-01-20 12:12:12.565795
BUY-1763965650524-003253,SELL-1763965655402-006492,FOREX,4.04,182,2026-01-20 12:12:12.565797
BUY-1763965650524-003253,SELL-1763965655391-000666,FOREX,1.61,270,2026-01-20 12:12:12.565808
BUY-1763965650525-004300,SELL-1763965655391-000666,FOREX,1.61,59,2026-01-20 12:12:12.565811
BUY-1763965650525-004300,SELL-1763965655398-004210,FOREX,3.72,271,2026-01-20 12:12:12.565850
BUY-1763965650522-001627,SELL-1763965655398-004210,FOREX,3.72,451,2026-01-20 12:12:12.565854
BUY-1763965650522-001627,SELL-1763965655395-002776,FOREX,3.75,277,2026-01-20 12:12:12.565899
BUY-1763965650526-004945,SELL-1763965655395-002776,FOREX,3.75,519,2026-01-20 12:12:12.565902
BUY-1763965650526-004945,SELL-1763965655402-006781,FOREX,2.28,122,2026-01-20 12:12:12.565991
BUY-1763965650523-002585,SELL-1763965655402-006781,FOREX,2.28,591,2026-01-20 12:12:12.565994
BUY-1763965650523-002585,SELL-1763965655394-002362,FOREX,2.63,380,2026-01-20 12:12:12.566078
BUY-1763965650522-002220,SELL-1763965655394-002362,FOREX,2.63,259,2026-01-20 12:12:12.566082
BUY-1763965650522-002220,SELL-1763965655401-005995,FOREX,7.46,121,2026-01-20 12:12:12.566084
BUY-1763965650522-002220,SELL-1763965655401-005883,FOREX,2.03,578,2026-01-20 12:12:12.566095
BUY-1763965650522-002145,SELL-1763965655401-005883,FOREX,2.03,44,2026-01-20 12:12:12.566098
BUY-1763965650522-002145,SELL-1763965655399-004621,FOREX,1.52,402,2026-01-20 12:12:12.566112
BUY-1763965650522-002145,SELL-1763965655403-007359,FOREX,1.37,259,2026-01-20 12:12:12.566153
BUY-1763965650524-003161,SELL-1763965655403-007359,FOREX,1.37,287,2026-01-20 12:12:12.566157
BUY-1763965650522-001605,SELL-1763965655403-007359,FOREX,1.37,228,2026-01-20 12:12:12.566160
BUY-1763965650522-001605,SELL-1763965655403-007475,FOREX,8.38,354,2026-01-20 12:12:12.566162
BUY-1763965650529-006742,SELL-1763965655403-007475,FOREX,8.38,110,2026-01-20 12:12:12.566165
BUY-1763965650529-006742,SELL-1763965655392-001115,FOREX,6.88,45,2026-01-20 12:12:12.566168
BUY-1763965650529-006742,SELL-1763965655396-003241,FOREX,2.48,247,2026-01-20 12:12:12.566182
BUY-1763965650529-006742,SELL-1763965655391-000810,FOREX,1.81,153,2026-01-20 12:12:12.566215
BUY-1763965650529-006718,SELL-1763965655391-000810,FOREX,1.81,560,2026-01-20 12:12:12.566218
BUY-1763965650529-006718,SELL-1763965655391-000542,FOREX,1.3,64,2026-01-20 12:12:12.566254
BUY-1763965650525-004320,SELL-1763965655391-000542,FOREX,1.3,823,2026-01-20 12:12:12.566257
BUY-1763965650525-004320,SELL-1763965655396-003369,FOREX,3.38,74,2026-01-20 12:12:12.566281
BUY-1763965650528-006541,SELL-1763965655396-003369,FOREX,3.38,3,2026-01-20 12:12:12.566284
BUY-1763965650528-006541,SELL-1763965655398-004216,FOREX,4.0,350,2026-01-20 12:12:12.566292
BUY-1763965650525-004083,SELL-1763965655398-004216,FOREX,4.0,69,2026-01-20 12:12:12.566296
BUY-1763965650525-004083,SELL-1763965655391-000833,FOREX,3.28,101,2026-01-20 12:12:12.566306
BUY-1763965650521-001481,SELL-1763965655391-000833,FOREX,3.28,357,2026-01-20 12:12:12.566309
BUY-1763965650520-000735,SELL-1763965655391-000833,FOREX,3.28,123,2026-01-20 12:12:12.566312
BUY-1763965650520-000735,SELL-1763965655401-005981,FOREX,3.22,287,2026-01-20 12:12:12.566328
BUY-1763965650520-000735,SELL-1763965655394-001957,FOREX,3.41,254,2026-01-20 12:12:12.566342
BUY-1763965650527-005548,SELL-1763965655394-001957,FOREX,3.41,259,2026-01-20 12:12:12.566345
BUY-1763965650527-005548,SELL-1763965655396-003051,FOREX,2.67,139,2026-01-20 12:12:12.566364
BUY-1763965650528-006389,SELL-1763965655396-003051,FOREX,2.67,77,2026-01-20 12:12:12.566367
BUY-1763965650524-002969,SELL-1763965655396-003051,FOREX,2.67,185,2026-01-20 12:12:12.566370
BUY-1763965650524-002969,SELL-1763965655402-006586,FOREX,3.09,793,2026-01-20 12:12:12.566384
BUY-1763965650528-006109,SELL-1763965655402-006586,FOREX,3.09,93,2026-01-20 12:12:12.566387
BUY-1763965650528-006109,SELL-1763965655390-000193,FOREX,2.5,40,2026-01-20 12:12:12.566401
BUY-1763965650528-006109,SELL-1763965655394-002327,FOREX,3.63,60,2026-01-20 12:12:12.566445
BUY-1763965650527-005317,SELL-1763965655394-002327,FOREX,3.63,178,2026-01-20 12:12:12.566448
BUY-1763965650527-005317,SELL-1763965655393-001682,FOREX,3.47,820,2026-01-20 12:12:12.566459
BUY-1763965650527-005317,SELL-1763965655397-003643,FOREX,1.42,2,2026-01-20 12:12:12.566488
BUY-1763965650525-004312,SELL-1763965655397-003643,FOREX,1.42,660,2026-01-20 12:12:12.566491
BUY-1763965650528-006534,SELL-1763965655397-003643,FOREX,1.42,39,2026-01-20 12:12:12.566494
BUY-1763965650528-006092,SELL-1763965655397-003643,FOREX,1.42,249,2026-01-20 12:12:12.566497
BUY-1763965650528-006092,SELL-1763965655393-001871,FOREX,4.29,160,2026-01-20 12:12:12.566530
BUY-1763965650528-006092,SELL-1763965655399-004710,FOREX,1.23,522,2026-01-20 12:12:12.566588
BUY-1763965650528-005828,SELL-1763965655399-004710,FOREX,1.23,168,2026-01-20 12:12:12.566591
BUY-1763965650528-005828,SELL-1763965655402-006712,FOREX,1.16,82,2026-01-20 12:12:12.566633
BUY-1763965650527-005081,SELL-1763965655402-006712,FOREX,1.16,284,2026-01-20 12:12:12.566636
BUY-1763965650525-003972,SELL-1763965655402-006712,FOREX,1.16,91,2026-01-20 12:12:12.566639
BUY-1763965650528-005987,SELL-1763965655402-006712,FOREX,1.16,110,2026-01-20 12:12:12.566642
BUY-1763965650528-006249,SELL-1763965655396-003500,EQUITY,51.87,47,2026-01-20 12:12:12.566649
BUY-1763965650528-005987,SELL-1763965655391-000813,FOREX,2.82,88,2026-01-20 12:12:12.566663
BUY-1763965650528-005987,SELL-1763965655400-005374,FOREX,2.03,581,2026-01-20 12:12:12.566671
BUY-1763965650527-005156,SELL-1763965655400-005374,FOREX,2.03,57,2026-01-20 12:12:12.566674
BUY-1763965650527-005156,SELL-1763965655400-005469,FOREX,1.72,571,2026-01-20 12:12:12.566687
BUY-1763965650527-005156,SELL-1763965655400-005601,FOREX,4.22,68,2026-01-20 12:12:12.566709
BUY-1763965650525-003685,SELL-1763965655400-005601,FOREX,4.22,128,2026-01-20 12:12:12.566712
BUY-1763965650525-003685,SELL-1763965655402-006569,FOREX,3.46,549,2026-01-20 12:12:12.566730
BUY-1763965650525-003685,SELL-1763965655390-000343,FOREX,2.0,35,2026-01-20 12:12:12.566737
BUY-1763965650525-003685,SELL-1763965655398-004054,FOREX,1.38,12,2026-01-20 12:12:12.566755
BUY-1763965650528-006358,SELL-1763965655398-004054,FOREX,1.38,739,2026-01-20 12:12:12.566760
BUY-1763965650528-006358,SELL-1763965655402-006699,FOREX,2.64,206,2026-01-20 12:12:12.566767
BUY-1763965650522-001635,SELL-1763965655402-006699,FOREX,2.64,214,2026-01-20 12:12:12.566770
BUY-1763965650526-004926,SELL-1763965655402-006699,FOREX,2.64,351,2026-01-20 12:12:12.566773
BUY-1763965650526-004926,SELL-1763965655390-000115,FOREX,2.5,94,2026-01-20 12:12:12.566791
BUY-1763965650526-004926,SELL-1763965655398-004033,FOREX,2.27,462,2026-01-20 12:12:12.566805
BUY-1763965650522-002119,SELL-1763965655398-004033,FOREX,2.27,337,2026-01-20 12:12:12.566808
BUY-1763965650522-002119,SELL-1763965655397-003583,FOREX,2.42,258,2026-01-20 12:12:12.566837
BUY-1763965650521-001061,SELL-1763965655397-003583,FOREX,2.42,94,2026-01-20 12:12:12.566841
BUY-1763965650521-001061,SELL-1763965655392-001142,FOREX,2.06,337,2026-01-20 12:12:12.566860
BUY-1763965650521-001061,SELL-1763965655390-000388,FOREX,3.0,60,2026-01-20 12:12:12.566951
BUY-1763965650521-001061,SELL-1763965655398-004139,FOREX,5.0,277,2026-01-20 12:12:12.567004
BUY-1763965650528-006213,SELL-1763965655398-004139,FOREX,5.0,478,2026-01-20 12:12:12.567007
BUY-1763965650528-006213,SELL-1763965655402-006334,FOREX,1.85,489,2026-01-20 12:12:12.567036
BUY-1763965650527-005707,SELL-1763965655402-006334,FOREX,1.85,458,2026-01-20 12:12:12.567039
BUY-1763965650527-005707,SELL-1763965655390-000284,FOREX,1.5,78,2026-01-20 12:12:12.567095
BUY-1763965650527-005707,SELL-1763965655392-001031,FOREX,2.71,15,2026-01-20 12:12:12.567109
BUY-1763965650527-005707,SELL-1763965655394-002261,FOREX,5.04,55,2026-01-20 12:12:12.567140
BUY-1763965650522-002121,SELL-1763965655396-003024,FOREX,3.53,421,2026-01-20 12:12:12.567206
BUY-1763965650522-002121,SELL-1763965655397-003795,FOREX,2.81,109,2026-01-20 12:12:12.567237
BUY-1763965650522-002121,SELL-1763965655398-004488,FOREX,2.6,221,2026-01-20 12:12:12.567250
BUY-1763965650528-005989,SELL-1763965655398-004488,FOREX,2.6,216,2026-01-20 12:12:12.567253
BUY-1763965650528-006019,SELL-1763965655398-004488,FOREX,2.6,41,2026-01-20 12:12:12.567256
BUY-1763965650528-006019,SELL-1763965655397-003647,FOREX,3.0,218,2026-01-20 12:12:12.567298
BUY-1763965650519-000342,SELL-1763965655397-003647,FOREX,3.0,105,2026-01-20 12:12:12.567302
BUY-1763965650520-000641,SELL-1763965655397-003647,FOREX,3.0,129,2026-01-20 12:12:12.567305
BUY-1763965650519-000564,SELL-1763965655397-003647,FOREX,3.0,71,2026-01-20 12:12:12.567307
BUY-1763965650522-001962,SELL-1763965655391-000661,FOREX,1.15,340,2026-01-20 12:12:12.567428
BUY-1763965650527-005332,SELL-1763965655391-000661,FOREX,1.15,5,2026-01-20 12:12:12.567433
BUY-1763965650524-003229,SELL-1763965655391-000661,FOREX,1.15,12,2026-01-20 12:12:12.567436
BUY-1763965650524-003229,SELL-1763965655397-003647,FOREX,3.0,76,2026-01-20 12:12:12.567438
BUY-1763965650527-005677,SELL-1763965655397-003647,FOREX,3.0,152,2026-01-20 12:12:12.567441
BUY-1763965650527-005677,SELL-1763965655397-003577,FOREX,4.91,117,2026-01-20 12:12:12.567453
BUY-1763965650527-005677,SELL-1763965655396-003166,FOREX,2.65,360,2026-01-20 12:12:12.567479
BUY-1763965650522-002095,SELL-1763965655396-003166,FOREX,2.65,440,2026-01-20 12:12:12.567482
BUY-1763965650522-002095,SELL-1763965655398-004265,FOREX,4.58,497,2026-01-20 12:12:12.567503
BUY-1763965650524-003318,SELL-1763965655398-004265,FOREX,4.58,102,2026-01-20 12:12:12.567506
BUY-1763965650528-006249,SELL-1763965655399-004931,EQUITY,52.36,530,2026-01-20 12:12:12.567566
BUY-1763965650527-005145,SELL-1763965655392-001272,FOREX,1.32,579,2026-01-20 12:12:12.567623
BUY-1763965650524-003569,SELL-1763965655392-001272,FOREX,1.32,64,2026-01-20 12:12:12.567626
BUY-1763965650524-003569,SELL-1763965655396-003297,FOREX,3.23,384,2026-01-20 12:12:12.567629
BUY-1763965650521-001195,SELL-1763965655396-003297,FOREX,3.23,544,2026-01-20 12:12:12.567632
BUY-1763965650525-004099,SELL-1763965655396-003297,FOREX,3.23,24,2026-01-20 12:12:12.567635
BUY-1763965650525-004099,SELL-1763965655394-002118,FOREX,4.81,145,2026-01-20 12:12:12.567637
BUY-1763965650528-006191,SELL-1763965655400-005230,FOREX,2.91,131,2026-01-20 12:12:12.567695
BUY-1763965650528-006191,SELL-1763965655390-000091,FOREX,1.5,65,2026-01-20 12:12:12.567731
BUY-1763965650528-006191,SELL-1763965655390-000216,FOREX,1.5,32,2026-01-20 12:12:12.567741
BUY-1763965650528-006191,SELL-1763965655396-003445,FOREX,1.85,18,2026-01-20 12:12:12.567787
BUY-1763965650528-006191,SELL-1763965655392-001214,FOREX,1.54,288,2026-01-20 12:12:12.567803
BUY-1763965650526-004554,SELL-1763965655392-001214,FOREX,1.54,153,2026-01-20 12:12:12.567806
BUY-1763965650526-004554,SELL-1763965655393-001914,FOREX,3.75,305,2026-01-20 12:12:12.567809
BUY-1763965650527-005465,SELL-1763965655393-001914,FOREX,3.75,471,2026-01-20 12:12:12.567812
BUY-1763965650527-005465,SELL-1763965655394-002118,FOREX,4.81,179,2026-01-20 12:12:12.567815
BUY-1763965650526-004836,SELL-1763965655390-000128,FOREX,2.5,51,2026-01-20 12:12:12.567868
BUY-1763965650526-004836,SELL-1763965655399-005071,FOREX,2.91,61,2026-01-20 12:12:12.567880
BUY-1763965650523-002501,SELL-1763965655399-005071,FOREX,2.91,868,2026-01-20 12:12:12.567883
BUY-1763965650523-002501,SELL-1763965655400-005356,FOREX,2.32,103,2026-01-20 12:12:12.567893
BUY-1763965650521-001470,SELL-1763965655400-005356,FOREX,2.32,200,2026-01-20 12:12:12.567895
BUY-1763965650520-000620,SELL-1763965655400-005356,FOREX,2.32,449,2026-01-20 12:12:12.567898
BUY-1763965650520-000620,SELL-1763965655398-004426,FOREX,2.11,8,2026-01-20 12:12:12.567934
BUY-1763965650526-004874,SELL-1763965655398-004426,FOREX,2.11,741,2026-01-20 12:12:12.567938
BUY-1763965650525-003737,SELL-1763965655398-004426,FOREX,2.11,186,2026-01-20 12:12:12.567941
BUY-1763965650525-003737,SELL-1763965655392-000934,FOREX,3.61,291,2026-01-20 12:12:12.567975
BUY-1763965650523-002447,SELL-1763965655392-000934,FOREX,3.61,12,2026-01-20 12:12:12.567978
BUY-1763965650523-002447,SELL-1763965655394-002118,FOREX,4.81,173,2026-01-20 12:12:12.567984
BUY-1763965650529-006681,SELL-1763965655401-006323,FOREX,3.61,495,2026-01-20 12:12:12.568018
BUY-1763965650520-000917,SELL-1763965655401-006323,FOREX,3.61,108,2026-01-20 12:12:12.568021
BUY-1763965650527-005087,SELL-1763965655401-006323,FOREX,3.61,74,2026-01-20 12:12:12.568024
BUY-1763965650529-006980,SELL-1763965655401-006323,FOREX,3.61,161,2026-01-20 12:12:12.568027
BUY-1763965650529-007272,SELL-1763965655401-006323,FOREX,3.61,62,2026-01-20 12:12:12.568041
BUY-1763965650529-007272,SELL-1763965655392-000909,FOREX,1.56,252,2026-01-20 12:12:12.568095
BUY-1763965650523-002857,SELL-1763965655392-000909,FOREX,1.56,32,2026-01-20 12:12:12.568099
BUY-1763965650522-002014,SELL-1763965655392-000909,FOREX,1.56,179,2026-01-20 12:12:12.568102
BUY-1763965650522-002014,SELL-1763965655394-002118,FOREX,4.81,379,2026-01-20 12:12:12.568104
BUY-1763965650522-002014,SELL-1763965655399-004555,FOREX,4.04,290,2026-01-20 12:12:12.568107
BUY-1763965650524-003613,SELL-1763965655399-004555,FOREX,4.04,463,2026-01-20 12:12:12.568110
BUY-1763965650524-003613,SELL-1763965655395-002940,FOREX,5.61,400,2026-01-20 12:12:12.568112
BUY-1763965650522-001943,SELL-1763965655394-002370,FOREX,3.73,627,2026-01-20 12:12:12.568123
BUY-1763965650526-004918,SELL-1763965655394-002370,FOREX,3.73,125,2026-01-20 12:12:12.568126
BUY-1763965650526-004918,SELL-1763965655395-002940,FOREX,5.61,3,2026-01-20 12:12:12.568129
BUY-1763965650526-004918,SELL-1763965655397-003566,FOREX,5.32,138,2026-01-20 12:12:12.568131
BUY-1763965650526-004918,SELL-1763965655398-004265,FOREX,4.58,203,2026-01-20 12:12:12.568134
BUY-1763965650526-004918,SELL-1763965655399-004915,FOREX,4.02,520,2026-01-20 12:12:12.568136
BUY-1763965650526-004918,SELL-1763965655403-006965,FOREX,5.48,1,2026-01-20 12:12:12.568139
BUY-1763965650525-004325,SELL-1763965655403-006965,FOREX,5.48,538,2026-01-20 12:12:12.568141
BUY-1763965650527-005466,SELL-1763965655403-006965,FOREX,5.48,50,2026-01-20 12:12:12.568145
BUY-1763965650527-005466,SELL-1763965655402-006513,FOREX,4.63,334,2026-01-20 12:12:12.568147
BUY-1763965650527-005466,SELL-1763965655402-006631,FOREX,4.11,536,2026-01-20 12:12:12.568149
BUY-1763965650528-006002,SELL-1763965655390-000203,FOREX,2.0,35,2026-01-20 12:12:12.568178
BUY-1763965650528-006002,SELL-1763965655390-000098,FOREX,3.0,83,2026-01-20 12:12:12.568196
BUY-1763965650528-006002,SELL-1763965655398-004206,FOREX,2.45,302,2026-01-20 12:12:12.568205
BUY-1763965650528-006362,SELL-1763965655398-004206,FOREX,2.45,324,2026-01-20 12:12:12.568208
BUY-1763965650528-006362,SELL-1763965655393-001554,FOREX,4.17,359,2026-01-20 12:12:12.568211
BUY-1763965650526-005026,SELL-1763965655391-000532,FOREX,3.37,695,2026-01-20 12:12:12.568292
BUY-1763965650526-005026,SELL-1763965655393-001668,FOREX,1.57,64,2026-01-20 12:12:12.568317
BUY-1763965650525-003758,SELL-1763965655393-001668,FOREX,1.57,130,2026-01-20 12:12:12.568327
BUY-1763965650526-004428,SELL-1763965655393-001668,FOREX,1.57,293,2026-01-20 12:12:12.568332
BUY-1763965650526-004428,SELL-1763965655393-001554,FOREX,4.17,138,2026-01-20 12:12:12.568336
BUY-1763965650526-004428,SELL-1763965655391-000544,FOREX,3.31,343,2026-01-20 12:12:12.568570
BUY-1763965650529-007289,SELL-1763965655391-000544,FOREX,3.31,356,2026-01-20 12:12:12.568577
BUY-1763965650529-007289,SELL-1763965655399-004540,FOREX,4.27,443,2026-01-20 12:12:12.568596
BUY-1763965650529-007289,SELL-1763965655399-004738,FOREX,4.02,85,2026-01-20 12:12:12.568630
BUY-1763965650525-003708,SELL-1763965655394-002177,FOREX,3.26,382,2026-01-20 12:12:12.568642
BUY-1763965650525-004274,SELL-1763965655394-002177,FOREX,3.26,138,2026-01-20 12:12:12.568647
BUY-1763965650525-004274,SELL-1763965655399-004738,FOREX,4.02,500,2026-01-20 12:12:12.568651
BUY-1763965650525-003837,SELL-1763965655399-004738,FOREX,4.02,75,2026-01-20 12:12:12.568656
BUY-1763965650525-003837,SELL-1763965655399-004717,FOREX,1.34,267,2026-01-20 12:12:12.568736
BUY-1763965650522-002086,SELL-1763965655399-004717,FOREX,1.34,99,2026-01-20 12:12:12.568741
BUY-1763965650522-002086,SELL-1763965655402-006909,FOREX,5.09,617,2026-01-20 12:12:12.568746
BUY-1763965650528-006598,SELL-1763965655402-006909,FOREX,5.09,227,2026-01-20 12:12:12.568750
BUY-1763965650528-006598,SELL-1763965655402-006741,FOREX,3.05,357,2026-01-20 12:12:12.568901
BUY-1763965650529-006975,SELL-1763965655402-006741,FOREX,3.05,523,2026-01-20 12:12:12.568906
BUY-1763965650529-006975,SELL-1763965655400-005459,FOREX,2.08,128,2026-01-20 12:12:12.568921
BUY-1763965650528-006523,SELL-1763965655400-005459,FOREX,2.08,104,2026-01-20 12:12:12.568925
BUY-1763965650524-003526,SELL-1763965655400-005459,FOREX,2.08,135,2026-01-20 12:12:12.568930
BUY-1763965650524-003526,SELL-1763965655402-006829,FOREX,1.89,274,2026-01-20 12:12:12.568948
BUY-1763965650524-003526,SELL-1763965655402-006855,FOREX,3.27,190,2026-01-20 12:12:12.568966
BUY-1763965650521-001385,SELL-1763965655402-006855,FOREX,3.27,696,2026-01-20 12:12:12.568971
BUY-1763965650521-001385,SELL-1763965655399-004751,FOREX,2.11,62,2026-01-20 12:12:12.569015
BUY-1763965650524-003518,SELL-1763965655399-004751,FOREX,2.11,197,2026-01-20 12:12:12.569020
BUY-1763965650524-003518,SELL-1763965655403-007414,FOREX,1.04,284,2026-01-20 12:12:12.569032
BUY-1763965650524-003518,SELL-1763965655393-001687,FOREX,1.08,456,2026-01-20 12:12:12.569067
BUY-1763965650526-004938,SELL-1763965655393-001687,FOREX,1.08,92,2026-01-20 12:12:12.569073
BUY-1763965650526-004938,SELL-1763965655398-004496,FOREX,3.43,100,2026-01-20 12:12:12.569106
BUY-1763965650526-004938,SELL-1763965655401-006268,FOREX,1.74,763,2026-01-20 12:12:12.569150
BUY-1763965650526-004856,SELL-1763965655401-006268,FOREX,1.74,156,2026-01-20 12:12:12.569155
BUY-1763965650526-004856,SELL-1763965655401-006276,FOREX,2.24,677,2026-01-20 12:12:12.569226
BUY-1763965650529-007073,SELL-1763965655401-006276,FOREX,2.24,150,2026-01-20 12:12:12.569236
BUY-1763965650529-007073,SELL-1763965655390-000282,FOREX,2.5,77,2026-01-20 12:12:12.569248
BUY-1763965650529-007073,SELL-1763965655390-000190,FOREX,2.5,106,2026-01-20 12:12:12.569320
BUY-1763965650529-007073,SELL-1763965655395-002847,FOREX,1.26,161,2026-01-20 12:12:12.569331
BUY-1763965650529-007073,SELL-1763965655390-000176,FOREX,2.0,15,2026-01-20 12:12:12.569420
BUY-1763965650529-007073,SELL-1763965655392-001390,FOREX,2.31,184,2026-01-20 12:12:12.569595
BUY-1763965650528-006597,SELL-1763965655392-001390,FOREX,2.31,49,2026-01-20 12:12:12.569600
BUY-1763965650528-006597,SELL-1763965655394-002304,FOREX,2.43,588,2026-01-20 12:12:12.569623
BUY-1763965650524-003393,SELL-1763965655394-002304,FOREX,2.43,372,2026-01-20 12:12:12.569628
BUY-1763965650524-003393,SELL-1763965655391-000718,FOREX,2.04,342,2026-01-20 12:12:12.569646
BUY-1763965650524-003393,SELL-1763965655391-000644,FOREX,1.46,36,2026-01-20 12:12:12.569681
BUY-1763965650526-004574,SELL-1763965655391-000644,FOREX,1.46,678,2026-01-20 12:12:12.569686
BUY-1763965650524-003137,SELL-1763965655391-000644,FOREX,1.46,127,2026-01-20 12:12:12.569691
BUY-1763965650524-003137,SELL-1763965655391-000450,FOREX,2.5,23,2026-01-20 12:12:12.569709
BUY-1763965650524-003137,SELL-1763965655392-001134,FOREX,1.76,275,2026-01-20 12:12:12.569757
BUY-1763965650529-007023,SELL-1763965655392-001134,FOREX,1.76,462,2026-01-20 12:12:12.569761
BUY-1763965650529-007023,SELL-1763965655395-002960,FOREX,4.69,482,2026-01-20 12:12:12.569793
BUY-1763965650521-001290,SELL-1763965655395-002960,FOREX,4.69,465,2026-01-20 12:12:12.569798
BUY-1763965650521-001290,SELL-1763965655403-007310,FOREX,2.9,7,2026-01-20 12:12:12.569810
BUY-1763965650524-003143,SELL-1763965655403-007310,FOREX,2.9,25,2026-01-20 12:12:12.569815
BUY-1763965650526-004763,SELL-1763965655403-007310,FOREX,2.9,241,2026-01-20 12:12:12.569820
BUY-1763965650526-004763,SELL-1763965655390-000383,FOREX,2.5,62,2026-01-20 12:12:12.569913
BUY-1763965650526-004763,SELL-1763965655396-003468,FOREX,2.55,397,2026-01-20 12:12:12.569955
BUY-1763965650521-001257,SELL-1763965655396-003468,FOREX,2.55,54,2026-01-20 12:12:12.569960
BUY-1763965650519-000199,SELL-1763965655400-005641,FOREX,1.33,47,2026-01-20 12:12:12.570167
BUY-1763965650526-004481,SELL-1763965655400-005641,FOREX,1.33,268,2026-01-20 12:12:12.570173
BUY-1763965650526-004481,SELL-1763965655401-005865,FOREX,2.46,581,2026-01-20 12:12:12.570177
BUY-1763965650526-004481,SELL-1763965655402-006853,FOREX,2.17,28,2026-01-20 12:12:12.570261
BUY-1763965650529-007220,SELL-1763965655402-006853,FOREX,2.17,206,2026-01-20 12:12:12.570267
BUY-1763965650528-005876,SELL-1763965655402-006853,FOREX,2.17,218,2026-01-20 12:12:12.570271
BUY-1763965650524-003102,SELL-1763965655402-006853,FOREX,2.17,227,2026-01-20 12:12:12.570276
BUY-1763965650524-003102,SELL-1763965655396-003341,FOREX,1.6,249,2026-01-20 12:12:12.570370
BUY-1763965650526-004915,SELL-1763965655396-003341,FOREX,1.6,147,2026-01-20 12:12:12.570379
BUY-1763965650526-004915,SELL-1763965655400-005228,FOREX,1.76,242,2026-01-20 12:12:12.570441
BUY-1763965650527-005591,SELL-1763965655400-005228,FOREX,1.76,87,2026-01-20 12:12:12.570446
BUY-1763965650529-007333,SELL-1763965655400-005228,FOREX,1.76,361,2026-01-20 12:12:12.570453
BUY-1763965650529-007333,SELL-1763965655395-002977,FOREX,3.65,445,2026-01-20 12:12:12.570458
BUY-1763965650529-007333,SELL-1763965655395-002891,FOREX,5.66,126,2026-01-20 12:12:12.570462
BUY-1763965650526-004862,SELL-1763965655401-005799,FOREX,2.13,175,2026-01-20 12:12:12.570589
BUY-1763965650526-004862,SELL-1763965655399-005077,FOREX,4.29,276,2026-01-20 12:12:12.570601
BUY-1763965650526-004862,SELL-1763965655394-002365,FOREX,1.1,411,2026-01-20 12:12:12.570689
BUY-1763965650525-003953,SELL-1763965655398-004516,CRYPTO,109.18,210,2026-01-20 12:12:12.570707
BUY-1763965650526-004862,SELL-1763965655401-005987,FOREX,2.19,134,2026-01-20 12:12:12.570757
BUY-1763965650528-006257,SELL-1763965655401-005987,FOREX,2.19,78,2026-01-20 12:12:12.570762
BUY-1763965650528-006257,SELL-1763965655395-002891,FOREX,5.66,807,2026-01-20 12:12:12.570766
BUY-1763965650528-006257,SELL-1763965655394-002449,FOREX,4.79,69,2026-01-20 12:12:12.570770
BUY-1763965650525-003751,SELL-1763965655394-002449,FOREX,4.79,766,2026-01-20 12:12:12.570775
BUY-1763965650525-003751,SELL-1763965655399-005008,FOREX,2.92,53,2026-01-20 12:12:12.570779
BUY-1763965650526-004859,SELL-1763965655399-005008,FOREX,2.92,98,2026-01-20 12:12:12.570784
BUY-1763965650527-005116,SELL-1763965655399-005008,FOREX,2.92,201,2026-01-20 12:12:12.570788
BUY-1763965650527-005116,SELL-1763965655396-003468,FOREX,2.55,318,2026-01-20 12:12:12.570792
BUY-1763965650527-005454,SELL-1763965655396-003468,FOREX,2.55,76,2026-01-20 12:12:12.570797
BUY-1763965650527-005454,SELL-1763965655400-005393,FOREX,4.88,704,2026-01-20 12:12:12.570801
BUY-1763965650522-002109,SELL-1763965655401-005723,FOREX,2.61,69,2026-01-20 12:12:12.570939
BUY-1763965650524-003528,SELL-1763965655401-005723,FOREX,2.61,18,2026-01-20 12:12:12.570944
BUY-1763965650524-003528,SELL-1763965655400-005393,FOREX,4.88,274,2026-01-20 12:12:12.570949
BUY-1763965650524-003528,SELL-1763965655395-002809,FOREX,5.49,67,2026-01-20 12:12:12.570953
BUY-1763965650529-007331,SELL-1763965655395-002809,FOREX,5.49,36,2026-01-20 12:12:12.570958
BUY-1763965650520-000961,SELL-1763965655395-002809,FOREX,5.49,208,2026-01-20 12:12:12.570962
BUY-1763965650520-000961,SELL-1763965655390-000347,FOREX,3.5,62,2026-01-20 12:12:12.570966
BUY-1763965650520-000961,SELL-1763965655392-001213,FOREX,2.94,80,2026-01-20 12:12:12.570970
BUY-1763965650520-000961,SELL-1763965655394-002261,FOREX,5.04,454,2026-01-20 12:12:12.570974
BUY-1763965650520-000961,SELL-1763965655392-001046,FOREX,1.14,41,2026-01-20 12:12:12.570986
BUY-1763965650524-003503,SELL-1763965655392-001046,FOREX,1.14,859,2026-01-20 12:12:12.570991
BUY-1763965650525-004278,SELL-1763965655392-001046,FOREX,1.14,33,2026-01-20 12:12:12.571000
BUY-1763965650525-004278,SELL-1763965655399-004527,FOREX,3.19,382,2026-01-20 12:12:12.571103
BUY-1763965650522-002179,SELL-1763965655399-004527,FOREX,3.19,70,2026-01-20 12:12:12.571108
BUY-1763965650524-003504,SELL-1763965655399-004527,FOREX,3.19,314,2026-01-20 12:12:12.571113
BUY-1763965650524-003504,SELL-1763965655402-006772,FOREX,1.09,61,2026-01-20 12:12:12.571162
BUY-1763965650524-003504,SELL-1763965655401-005837,FOREX,1.63,311,2026-01-20 12:12:12.571208
BUY-1763965650522-001998,SELL-1763965655401-005837,FOREX,1.63,21,2026-01-20 12:12:12.571213
BUY-1763965650522-002236,SELL-1763965655401-005837,FOREX,1.63,511,2026-01-20 12:12:12.571218
BUY-1763965650522-002236,SELL-1763965655391-000564,FOREX,1.58,167,2026-01-20 12:12:12.571242
BUY-1763965650518-000027,SELL-1763965655391-000564,FOREX,1.58,86,2026-01-20 12:12:12.571247
BUY-1763965650520-000806,SELL-1763965655391-000564,FOREX,1.58,106,2026-01-20 12:12:12.571251
BUY-1763965650521-001417,SELL-1763965655391-000564,FOREX,1.58,181,2026-01-20 12:12:12.571256
BUY-1763965650521-001417,SELL-1763965655402-006714,FOREX,1.65,646,2026-01-20 12:12:12.571280
BUY-1763965650519-000582,SELL-1763965655402-006714,FOREX,1.65,280,2026-01-20 12:12:12.571285
BUY-1763965650519-000582,SELL-1763965655398-004052,FOREX,1.31,48,2026-01-20 12:12:12.571330
BUY-1763965650519-000582,SELL-1763965655400-005399,FOREX,3.72,7,2026-01-20 12:12:12.571379
BUY-1763965650522-001859,SELL-1763965655400-005399,FOREX,3.72,482,2026-01-20 12:12:12.571385
BUY-1763965650529-007432,SELL-1763965655400-005399,FOREX,3.72,285,2026-01-20 12:12:12.571389
BUY-1763965650529-007432,SELL-1763965655395-002612,FOREX,3.15,308,2026-01-20 12:12:12.571489
BUY-1763965650522-001668,SELL-1763965655395-002612,FOREX,3.15,484,2026-01-20 12:12:12.571494
BUY-1763965650522-001668,SELL-1763965655401-006134,FOREX,4.9,191,2026-01-20 12:12:12.571513
BUY-1763965650523-002656,SELL-1763965655401-006134,FOREX,4.9,460,2026-01-20 12:12:12.571518
BUY-1763965650523-002656,SELL-1763965655402-006585,FOREX,2.28,332,2026-01-20 12:12:12.571550
BUY-1763965650523-002656,SELL-1763965655395-002630,FOREX,2.97,55,2026-01-20 12:12:12.571574
BUY-1763965650529-006802,SELL-1763965655395-002630,FOREX,2.97,178,2026-01-20 12:12:12.571579
BUY-1763965650523-002443,SELL-1763965655395-002630,FOREX,2.97,549,2026-01-20 12:12:12.571583
BUY-1763965650523-002443,SELL-1763965655393-001443,FOREX,4.54,135,2026-01-20 12:12:12.571590
BUY-1763965650522-001822,SELL-1763965655393-001443,FOREX,4.54,341,2026-01-20 12:12:12.571593
BUY-1763965650522-001822,SELL-1763965655400-005517,FOREX,2.61,207,2026-01-20 12:12:12.571612
BUY-1763965650525-004078,SELL-1763965655400-005517,FOREX,2.61,244,2026-01-20 12:12:12.571615
BUY-1763965650527-005479,SELL-1763965655400-005517,FOREX,2.61,401,2026-01-20 12:12:12.571617
BUY-1763965650527-005479,SELL-1763965655390-000397,FOREX,1.5,84,2026-01-20 12:12:12.571628
BUY-1763965650527-005479,SELL-1763965655390-000270,FOREX,1.5,27,2026-01-20 12:12:12.571635
BUY-1763965650527-005479,SELL-1763965655399-004999,FOREX,1.28,63,2026-01-20 12:12:12.571657
BUY-1763965650527-005576,SELL-1763965655399-004999,FOREX,1.28,761,2026-01-20 12:12:12.571660
BUY-1763965650528-006512,SELL-1763965655399-004999,FOREX,1.28,24,2026-01-20 12:12:12.571662
BUY-1763965650528-006512,SELL-1763965655391-000429,FOREX,2.0,40,2026-01-20 12:12:12.571719
BUY-1763965650528-006512,SELL-1763965655401-006317,FOREX,1.49,793,2026-01-20 12:12:12.571775
BUY-1763965650523-002389,SELL-1763965655401-006317,FOREX,1.49,53,2026-01-20 12:12:12.571779
BUY-1763965650523-002389,SELL-1763965655400-005193,FOREX,1.44,849,2026-01-20 12:12:12.571786
BUY-1763965650521-001441,SELL-1763965655400-005193,FOREX,1.44,90,2026-01-20 12:12:12.571789
BUY-1763965650521-001441,SELL-1763965655390-000167,FOREX,2.5,87,2026-01-20 12:12:12.571796
BUY-1763965650521-001441,SELL-1763965655399-004646,FOREX,4.47,521,2026-01-20 12:12:12.571878
BUY-1763965650521-001441,SELL-1763965655402-006777,FOREX,4.36,268,2026-01-20 12:12:12.571929
BUY-1763965650529-006860,SELL-1763965655395-002839,FOREX,1.83,382,2026-01-20 12:12:12.571937
BUY-1763965650529-007147,SELL-1763965655395-002839,FOREX,1.83,317,2026-01-20 12:12:12.571940
BUY-1763965650529-007147,SELL-1763965655399-004770,FOREX,1.51,272,2026-01-20 12:12:12.571946
BUY-1763965650523-002265,SELL-1763965655399-004770,FOREX,1.51,110,2026-01-20 12:12:12.571949
BUY-1763965650523-002265,SELL-1763965655396-003187,FOREX,3.12,43,2026-01-20 12:12:12.572025
BUY-1763965650523-002265,SELL-1763965655394-002168,FOREX,1.11,187,2026-01-20 12:12:12.572138
BUY-1763965650523-002553,SELL-1763965655394-002168,FOREX,1.11,663,2026-01-20 12:12:12.572142
BUY-1763965650523-002553,SELL-1763965655402-006777,FOREX,4.36,298,2026-01-20 12:12:12.572145
BUY-1763965650529-007242,SELL-1763965655402-006777,FOREX,4.36,205,2026-01-20 12:12:12.572148
BUY-1763965650529-007242,SELL-1763965655391-000589,FOREX,3.5,93,2026-01-20 12:12:12.572150
BUY-1763965650527-005428,SELL-1763965655391-000589,FOREX,3.5,94,2026-01-20 12:12:12.572153
BUY-1763965650526-004452,SELL-1763965655391-000589,FOREX,3.5,249,2026-01-20 12:12:12.572156
BUY-1763965650526-004452,SELL-1763965655392-001039,FOREX,5.36,64,2026-01-20 12:12:12.572162
BUY-1763965650522-001995,SELL-1763965655392-001039,FOREX,5.36,351,2026-01-20 12:12:12.572165
BUY-1763965650522-001995,SELL-1763965655400-005535,FOREX,2.21,178,2026-01-20 12:12:12.572205
BUY-1763965650526-004819,SELL-1763965655400-005535,FOREX,2.21,797,2026-01-20 12:12:12.572208
BUY-1763965650526-004819,SELL-1763965655395-002495,FOREX,1.42,152,2026-01-20 12:12:12.572223
BUY-1763965650526-004923,SELL-1763965655395-002495,FOREX,1.42,73,2026-01-20 12:12:12.572226
BUY-1763965650526-004923,SELL-1763965655402-006928,FOREX,3.63,587,2026-01-20 12:12:12.572249
BUY-1763965650526-004923,SELL-1763965655401-006251,FOREX,2.32,261,2026-01-20 12:12:12.572311
BUY-1763965650519-000609,SELL-1763965655401-006251,FOREX,2.32,212,2026-01-20 12:12:12.572315
BUY-1763965650519-000609,SELL-1763965655400-005345,FOREX,3.38,103,2026-01-20 12:12:12.572402
BUY-1763965650526-005062,SELL-1763965655400-005345,FOREX,3.38,7,2026-01-20 12:12:12.572406
BUY-1763965650526-005062,SELL-1763965655400-005488,FOREX,3.37,345,2026-01-20 12:12:12.572461
BUY-1763965650521-001185,SELL-1763965655400-005488,FOREX,3.37,261,2026-01-20 12:12:12.572464
BUY-1763965650521-001185,SELL-1763965655394-002126,FOREX,3.2,270,2026-01-20 12:12:12.572646
BUY-1763965650521-001185,SELL-1763965655394-002063,FOREX,2.96,90,2026-01-20 12:12:12.572701
BUY-1763965650521-001185,SELL-1763965655391-000608,FOREX,3.07,17,2026-01-20 12:12:12.572835
BUY-1763965650522-001898,SELL-1763965655391-000608,FOREX,3.07,265,2026-01-20 12:12:12.572838
BUY-1763965650522-001898,SELL-1763965655392-001148,FOREX,3.94,46,2026-01-20 12:12:12.572969
BUY-1763965650529-007261,SELL-1763965655392-001148,FOREX,3.94,804,2026-01-20 12:12:12.572972
BUY-1763965650529-007261,SELL-1763965655400-005389,FOREX,3.63,180,2026-01-20 12:12:12.572986
BUY-1763965650528-006321,SELL-1763965655400-005389,FOREX,3.63,141,2026-01-20 12:12:12.572989
BUY-1763965650528-006050,SELL-1763965655400-005389,FOREX,3.63,391,2026-01-20 12:12:12.572992
BUY-1763965650528-006050,SELL-1763965655399-005036,FOREX,1.18,387,2026-01-20 12:12:12.573018
BUY-1763965650528-006050,SELL-1763965655399-004773,FOREX,2.1,199,2026-01-20 12:12:12.573075
BUY-1763965650528-006050,SELL-1763965655393-001745,FOREX,3.77,20,2026-01-20 12:12:12.573094
BUY-1763965650524-003291,SELL-1763965655393-001745,FOREX,3.77,634,2026-01-20 12:12:12.573097
BUY-1763965650524-003291,SELL-1763965655397-003767,FOREX,3.97,266,2026-01-20 12:12:12.573100
BUY-1763965650528-006487,SELL-1763965655397-003767,FOREX,3.97,160,2026-01-20 12:12:12.573103
BUY-1763965650528-006487,SELL-1763965655401-006073,FOREX,4.17,342,2026-01-20 12:12:12.573105
BUY-1763965650528-006313,SELL-1763965655401-006073,FOREX,4.17,481,2026-01-20 12:12:12.573108
BUY-1763965650528-006313,SELL-1763965655399-004720,FOREX,4.43,63,2026-01-20 12:12:12.573111
BUY-1763965650528-006313,SELL-1763965655393-001579,FOREX,4.36,71,2026-01-20 12:12:12.573113
BUY-1763965650521-001284,SELL-1763965655393-001579,FOREX,4.36,617,2026-01-20 12:12:12.573116
BUY-1763965650521-001284,SELL-1763965655395-002518,FOREX,4.85,83,2026-01-20 12:12:12.573119
BUY-1763965650528-006611,SELL-1763965655396-003477,FOREX,3.22,692,2026-01-20 12:12:12.573133
BUY-1763965650522-002082,SELL-1763965655396-003477,FOREX,3.22,166,2026-01-20 12:12:12.573136
BUY-1763965650522-002082,SELL-1763965655395-002484,FOREX,4.13,105,2026-01-20 12:12:12.573139
BUY-1763965650522-002082,SELL-1763965655395-002518,FOREX,4.85,56,2026-01-20 12:12:12.573141
BUY-1763965650523-002572,SELL-1763965655395-002518,FOREX,4.85,397,2026-01-20 12:12:12.573144
BUY-1763965650523-002572,SELL-1763965655390-000274,FOREX,1.5,21,2026-01-20 12:12:12.573177
BUY-1763965650523-002572,SELL-1763965655396-003211,FOREX,4.67,113,2026-01-20 12:12:12.573180
BUY-1763965650523-002572,SELL-1763965655401-005726,FOREX,3.3,63,2026-01-20 12:12:12.573203
BUY-1763965650526-004602,SELL-1763965655401-005726,FOREX,3.3,116,2026-01-20 12:12:12.573206
BUY-1763965650526-004602,SELL-1763965655393-001447,FOREX,3.81,90,2026-01-20 12:12:12.573208
BUY-1763965650526-004602,SELL-1763965655396-003438,FOREX,5.09,96,2026-01-20 12:12:12.573211
BUY-1763965650526-004602,SELL-1763965655399-004814,FOREX,4.42,376,2026-01-20 12:12:12.573218
BUY-1763965650526-004602,SELL-1763965655396-003429,FOREX,2.11,28,2026-01-20 12:12:12.573249
BUY-1763965650522-001909,SELL-1763965655396-003429,FOREX,2.11,11,2026-01-20 12:12:12.573252
BUY-1763965650522-001909,SELL-1763965655393-001659,FOREX,2.72,449,2026-01-20 12:12:12.573280
BUY-1763965650522-001909,SELL-1763965655393-001835,FOREX,1.93,172,2026-01-20 12:12:12.573290
BUY-1763965650525-003686,SELL-1763965655393-001835,FOREX,1.93,466,2026-01-20 12:12:12.573293
BUY-1763965650527-005380,SELL-1763965655393-001835,FOREX,1.93,326,2026-01-20 12:12:12.573296
BUY-1763965650527-005380,SELL-1763965655398-004317,FOREX,1.17,141,2026-01-20 12:12:12.573303
BUY-1763965650518-000145,SELL-1763965655398-004317,FOREX,1.17,25,2026-01-20 12:12:12.573306
BUY-1763965650524-003669,SELL-1763965655398-004317,FOREX,1.17,483,2026-01-20 12:12:12.573309
BUY-1763965650522-001641,SELL-1763965655398-004317,FOREX,1.17,49,2026-01-20 12:12:12.573312
BUY-1763965650522-001641,SELL-1763965655394-002255,FOREX,3.9,591,2026-01-20 12:12:12.573329
BUY-1763965650524-003006,SELL-1763965655394-002255,FOREX,3.9,165,2026-01-20 12:12:12.573332
BUY-1763965650524-003006,SELL-1763965655403-007378,FOREX,2.92,41,2026-01-20 12:12:12.573346
BUY-1763965650522-001611,SELL-1763965655403-007378,FOREX,2.92,318,2026-01-20 12:12:12.573349
BUY-1763965650522-001611,SELL-1763965655390-000054,FOREX,3.5,108,2026-01-20 12:12:12.573365
BUY-1763965650522-001611,SELL-1763965655391-000797,FOREX,7.38,318,2026-01-20 12:12:12.573368
BUY-1763965650520-000805,SELL-1763965655390-000374,FOREX,2.0,32,2026-01-20 12:12:12.573404
BUY-1763965650520-000805,SELL-1763965655396-003066,FOREX,3.32,445,2026-01-20 12:12:12.573422
BUY-1763965650520-000805,SELL-1763965655398-004140,FOREX,4.03,487,2026-01-20 12:12:12.573459
BUY-1763965650529-006949,SELL-1763965655398-004140,FOREX,4.03,155,2026-01-20 12:12:12.573462
BUY-1763965650529-006949,SELL-1763965655397-003506,FOREX,3.67,43,2026-01-20 12:12:12.573491
BUY-1763965650529-006949,SELL-1763965655391-000797,FOREX,7.38,522,2026-01-20 12:12:12.573493
BUY-1763965650529-006949,SELL-1763965655396-003412,FOREX,4.38,124,2026-01-20 12:12:12.573501
BUY-1763965650523-002921,SELL-1763965655396-003412,FOREX,4.38,530,2026-01-20 12:12:12.573504
BUY-1763965650522-002196,SELL-1763965655396-003412,FOREX,4.38,112,2026-01-20 12:12:12.573506
BUY-1763965650522-002196,SELL-1763965655395-002974,FOREX,5.57,176,2026-01-20 12:12:12.573512
BUY-1763965650522-002196,SELL-1763965655398-004419,FOREX,1.54,340,2026-01-20 12:12:12.573551
BUY-1763965650522-002196,SELL-1763965655401-005736,FOREX,5.56,170,2026-01-20 12:12:12.573554
BUY-1763965650526-005047,SELL-1763965655397-003848,FOREX,3.74,140,2026-01-20 12:12:12.573592
BUY-1763965650526-005047,SELL-1763965655399-004896,FOREX,2.06,68,2026-01-20 12:12:12.573691
BUY-1763965650526-005047,SELL-1763965655391-000879,FOREX,3.48,212,2026-01-20 12:12:12.573753
BUY-1763965650526-005047,SELL-1763965655402-006390,FOREX,1.62,51,2026-01-20 12:12:12.573765
BUY-1763965650529-006907,SELL-1763965655402-006390,FOREX,1.62,476,2026-01-20 12:12:12.573770
BUY-1763965650528-006325,SELL-1763965655402-006390,FOREX,1.62,341,2026-01-20 12:12:12.573775
BUY-1763965650528-006325,SELL-1763965655394-002089,FOREX,2.07,489,2026-01-20 12:12:12.573845
BUY-1763965650524-003501,SELL-1763965655394-002089,FOREX,2.07,16,2026-01-20 12:12:12.573850
BUY-1763965650524-003501,SELL-1763965655394-002441,FOREX,3.98,601,2026-01-20 12:12:12.573852
BUY-1763965650528-005936,SELL-1763965655394-002441,FOREX,3.98,296,2026-01-20 12:12:12.573856
BUY-1763965650528-005936,SELL-1763965655391-000440,FOREX,2.0,97,2026-01-20 12:12:12.573901
BUY-1763965650528-005936,SELL-1763965655402-006493,FOREX,4.27,276,2026-01-20 12:12:12.573903
BUY-1763965650526-004523,SELL-1763965655392-001229,FOREX,1.3,111,2026-01-20 12:12:12.573911
BUY-1763965650526-004523,SELL-1763965655398-004022,FOREX,1.36,151,2026-01-20 12:12:12.573947
BUY-1763965650520-000818,SELL-1763965655398-004022,FOREX,1.36,664,2026-01-20 12:12:12.573950
BUY-1763965650520-000818,SELL-1763965655402-006897,FOREX,2.3,146,2026-01-20 12:12:12.573974
BUY-1763965650521-001506,SELL-1763965655402-006897,FOREX,2.3,454,2026-01-20 12:12:12.573977
BUY-1763965650528-006102,SELL-1763965655402-006897,FOREX,2.3,353,2026-01-20 12:12:12.573980
BUY-1763965650528-006102,SELL-1763965655398-004235,FOREX,3.06,165,2026-01-20 12:12:12.573982
BUY-1763965650528-006102,SELL-1763965655402-006493,FOREX,4.27,290,2026-01-20 12:12:12.573985
BUY-1763965650528-006102,SELL-1763965655395-002771,FOREX,2.83,175,2026-01-20 12:12:12.574016
BUY-1763965650526-004454,SELL-1763965655395-002771,FOREX,2.83,553,2026-01-20 12:12:12.574019
BUY-1763965650523-002568,SELL-1763965655395-002771,FOREX,2.83,45,2026-01-20 12:12:12.574022
BUY-1763965650523-002818,SELL-1763965655395-002771,FOREX,2.83,49,2026-01-20 12:12:12.574025
BUY-1763965650523-002818,SELL-1763965655401-005736,FOREX,5.56,326,2026-01-20 12:12:12.574027
BUY-1763965650523-002818,SELL-1763965655391-000543,FOREX,4.26,98,2026-01-20 12:12:12.574111
BUY-1763965650523-002382,SELL-1763965655391-000543,FOREX,4.26,271,2026-01-20 12:12:12.574114
BUY-1763965650523-002382,SELL-1763965655398-004094,FOREX,5.17,158,2026-01-20 12:12:12.574116
BUY-1763965650523-002612,SELL-1763965655398-004094,FOREX,5.17,266,2026-01-20 12:12:12.574122
BUY-1763965650523-002612,SELL-1763965655403-007386,FOREX,1.8,730,2026-01-20 12:12:12.574240
BUY-1763965650523-002612,SELL-1763965655393-001635,FOREX,6.74,3,2026-01-20 12:12:12.574243
BUY-1763965650525-003735,SELL-1763965655397-003855,FOREX,3.76,332,2026-01-20 12:12:12.574286
BUY-1763965650520-000808,SELL-1763965655397-003855,FOREX,3.76,509,2026-01-20 12:12:12.574289
BUY-1763965650520-000808,SELL-1763965655396-003214,FOREX,4.63,118,2026-01-20 12:12:12.574299
BUY-1763965650529-006917,SELL-1763965655396-003214,FOREX,4.63,2,2026-01-20 12:12:12.574302
BUY-1763965650529-006917,SELL-1763965655393-001635,FOREX,6.74,230,2026-01-20 12:12:12.574304
BUY-1763965650529-006917,SELL-1763965655395-002692,FOREX,3.15,344,2026-01-20 12:12:12.574361
BUY-1763965650529-006917,SELL-1763965655400-005581,FOREX,7.59,238,2026-01-20 12:12:12.574364
BUY-1763965650526-004800,SELL-1763965655400-005581,FOREX,7.59,130,2026-01-20 12:12:12.574367
BUY-1763965650523-002491,SELL-1763965655390-000370,FOREX,3.0,88,2026-01-20 12:12:12.574405
BUY-1763965650523-002491,SELL-1763965655394-002267,FOREX,2.95,124,2026-01-20 12:12:12.574424
BUY-1763965650527-005390,SELL-1763965655394-002267,FOREX,2.95,71,2026-01-20 12:12:12.574427
BUY-1763965650527-005390,SELL-1763965655395-002551,FOREX,1.47,76,2026-01-20 12:12:12.574446
BUY-1763965650527-005390,SELL-1763965655390-000183,FOREX,1.5,18,2026-01-20 12:12:12.574465
BUY-1763965650527-005390,SELL-1763965655400-005203,FOREX,4.06,458,2026-01-20 12:12:12.574477
BUY-1763965650528-006249,SELL-1763965655394-002159,EQUITY,54.44,134,2026-01-20 12:12:12.574549
BUY-1763965650527-005390,SELL-1763965655397-003871,FOREX,3.1,348,2026-01-20 12:12:12.574567
BUY-1763965650523-002510,SELL-1763965655397-003871,FOREX,3.1,55,2026-01-20 12:12:12.574570
BUY-1763965650519-000455,SELL-1763965655399-004551,FOREX,2.09,94,2026-01-20 12:12:12.574616
BUY-1763965650524-003283,SELL-1763965655399-004551,FOREX,2.09,123,2026-01-20 12:12:12.574619
BUY-1763965650522-001918,SELL-1763965655399-004551,FOREX,2.09,146,2026-01-20 12:12:12.574622
BUY-1763965650525-003759,SELL-1763965655391-000878,FOREX,1.31,37,2026-01-20 12:12:12.574697
BUY-1763965650522-001835,SELL-1763965655391-000878,FOREX,1.31,254,2026-01-20 12:12:12.574700
BUY-1763965650521-001389,SELL-1763965655391-000878,FOREX,1.31,137,2026-01-20 12:12:12.574703
BUY-1763965650524-002975,SELL-1763965655391-000878,FOREX,1.31,148,2026-01-20 12:12:12.574706
BUY-1763965650524-002975,SELL-1763965655394-002164,FOREX,1.62,225,2026-01-20 12:12:12.574755
BUY-1763965650524-002975,SELL-1763965655399-004551,FOREX,2.09,80,2026-01-20 12:12:12.574758
BUY-1763965650524-002975,SELL-1763965655390-000296,FOREX,1.5,71,2026-01-20 12:12:12.574783
BUY-1763965650524-002975,SELL-1763965655393-001888,FOREX,4.7,287,2026-01-20 12:12:12.574786
BUY-1763965650524-003624,SELL-1763965655393-001888,FOREX,4.7,149,2026-01-20 12:12:12.574789
BUY-1763965650524-003624,SELL-1763965655401-005893,FOREX,3.86,141,2026-01-20 12:12:12.574844
BUY-1763965650524-003624,SELL-1763965655390-000023,FOREX,1.5,12,2026-01-20 12:12:12.574872
BUY-1763965650524-003624,SELL-1763965655395-002489,FOREX,1.8,47,2026-01-20 12:12:12.574915
BUY-1763965650524-003624,SELL-1763965655390-000330,FOREX,2.0,83,2026-01-20 12:12:12.574924
BUY-1763965650523-002393,SELL-1763965655390-000330,FOREX,2.0,1,2026-01-20 12:12:12.574927
BUY-1763965650523-002393,SELL-1763965655394-002403,FOREX,5.23,50,2026-01-20 12:12:12.574930
BUY-1763965650524-003436,SELL-1763965655391-000521,FOREX,1.4,256,2026-01-20 12:12:12.574968
BUY-1763965650525-004366,SELL-1763965655391-000521,FOREX,1.4,43,2026-01-20 12:12:12.574971
BUY-1763965650525-004366,SELL-1763965655400-005357,FOREX,2.49,29,2026-01-20 12:12:12.574983
BUY-1763965650529-007406,SELL-1763965655400-005357,FOREX,2.49,5,2026-01-20 12:12:12.574989
BUY-1763965650529-007406,SELL-1763965655399-004546,FOREX,2.7,22,2026-01-20 12:12:12.574996
BUY-1763965650523-002890,SELL-1763965655399-004546,FOREX,2.7,64,2026-01-20 12:12:12.574999
BUY-1763965650523-002890,SELL-1763965655401-006064,FOREX,5.05,219,2026-01-20 12:12:12.575001
BUY-1763965650527-005804,SELL-1763965655401-006064,FOREX,5.05,56,2026-01-20 12:12:12.575004
BUY-1763965650528-006153,SELL-1763965655401-006064,FOREX,5.05,190,2026-01-20 12:12:12.575007
BUY-1763965650525-003928,SELL-1763965655401-006064,FOREX,5.05,385,2026-01-20 12:12:12.575010
BUY-1763965650525-003928,SELL-1763965655394-002403,FOREX,5.23,391,2026-01-20 12:12:12.575013
BUY-1763965650525-003844,SELL-1763965655403-007373,FOREX,3.42,483,2026-01-20 12:12:12.575020
BUY-1763965650525-003844,SELL-1763965655398-004061,FOREX,2.13,158,2026-01-20 12:12:12.575022
BUY-1763965650528-006380,SELL-1763965655398-004061,FOREX,2.13,475,2026-01-20 12:12:12.575025
BUY-1763965650529-006954,SELL-1763965655398-004061,FOREX,2.13,299,2026-01-20 12:12:12.575028
BUY-1763965650529-006954,SELL-1763965655394-002403,FOREX,5.23,287,2026-01-20 12:12:12.575030
BUY-1763965650529-006954,SELL-1763965655391-000840,FOREX,1.3,7,2026-01-20 12:12:12.575040
BUY-1763965650528-006484,SELL-1763965655391-000840,FOREX,1.3,224,2026-01-20 12:12:12.575043
BUY-1763965650528-006484,SELL-1763965655397-003871,FOREX,3.1,187,2026-01-20 12:12:12.575046
BUY-1763965650528-006484,SELL-1763965655390-000006,FOREX,3.5,35,2026-01-20 12:12:12.575063
BUY-1763965650528-006484,SELL-1763965655395-002691,FOREX,1.36,204,2026-01-20 12:12:12.575102
BUY-1763965650528-006484,SELL-1763965655390-000263,FOREX,2.5,77,2026-01-20 12:12:12.575123
BUY-1763965650528-006484,SELL-1763965655396-003151,FOREX,4.76,61,2026-01-20 12:12:12.575140
BUY-1763965650526-005012,SELL-1763965655396-003151,FOREX,4.76,717,2026-01-20 12:12:12.575145
BUY-1763965650526-005012,SELL-1763965655390-000147,FOREX,3.0,9,2026-01-20 12:12:12.575241
BUY-1763965650524-002994,SELL-1763965655390-000147,FOREX,3.0,31,2026-01-20 12:12:12.575245
BUY-1763965650524-002994,SELL-1763965655402-006864,FOREX,3.22,356,2026-01-20 12:12:12.575255
BUY-1763965650526-004595,SELL-1763965655402-006864,FOREX,3.22,459,2026-01-20 12:12:12.575258
BUY-1763965650526-004595,SELL-1763965655392-001054,FOREX,3.9,286,2026-01-20 12:12:12.575301
BUY-1763965650526-004595,SELL-1763965655390-000014,FOREX,3.5,70,2026-01-20 12:12:12.575368
BUY-1763965650526-004595,SELL-1763965655390-000027,FOREX,2.5,14,2026-01-20 12:12:12.575396
BUY-1763965650526-004595,SELL-1763965655396-003079,FOREX,4.95,27,2026-01-20 12:12:12.575444
BUY-1763965650518-000039,SELL-1763965655399-004645,FOREX,1.35,42,2026-01-20 12:12:12.575536
BUY-1763965650526-005042,SELL-1763965655399-004645,FOREX,1.35,8,2026-01-20 12:12:12.575542
BUY-1763965650526-005042,SELL-1763965655390-000254,FOREX,2.0,21,2026-01-20 12:12:12.575565
BUY-1763965650526-005042,SELL-1763965655396-003079,FOREX,4.95,522,2026-01-20 12:12:12.575569
BUY-1763965650526-005042,SELL-1763965655400-005657,FOREX,4.78,58,2026-01-20 12:12:12.575580
BUY-1763965650526-005042,SELL-1763965655402-006413,FOREX,5.17,189,2026-01-20 12:12:12.575585
BUY-1763965650526-005042,SELL-1763965655391-000414,FOREX,3.5,74,2026-01-20 12:12:12.575602
BUY-1763965650529-007183,SELL-1763965655391-000414,FOREX,3.5,14,2026-01-20 12:12:12.575606
BUY-1763965650529-007183,SELL-1763965655393-001671,FOREX,3.19,495,2026-01-20 12:12:12.575700
BUY-1763965650529-007183,SELL-1763965655403-007023,FOREX,4.09,262,2026-01-20 12:12:12.575714
BUY-1763965650528-006558,SELL-1763965655403-007023,FOREX,4.09,394,2026-01-20 12:12:12.575719
BUY-1763965650523-002347,SELL-1763965655403-007023,FOREX,4.09,81,2026-01-20 12:12:12.575724
BUY-1763965650523-002347,SELL-1763965655399-004819,FOREX,3.42,622,2026-01-20 12:12:12.575746
BUY-1763965650523-002347,SELL-1763965655390-000372,FOREX,2.0,35,2026-01-20 12:12:12.575783
BUY-1763965650523-002347,SELL-1763965655392-000938,FOREX,4.79,8,2026-01-20 12:12:12.575805
BUY-1763965650526-004440,SELL-1763965655392-000938,FOREX,4.79,116,2026-01-20 12:12:12.575810
BUY-1763965650526-004440,SELL-1763965655390-000168,FOREX,1.5,41,2026-01-20 12:12:12.575847
BUY-1763965650526-004440,SELL-1763965655393-001648,FOREX,1.3,278,2026-01-20 12:12:12.575886
BUY-1763965650520-000740,SELL-1763965655393-001648,FOREX,1.3,298,2026-01-20 12:12:12.575890
BUY-1763965650520-000740,SELL-1763965655399-004566,FOREX,2.12,420,2026-01-20 12:12:12.575994
BUY-1763965650520-000740,SELL-1763965655395-002697,FOREX,1.48,217,2026-01-20 12:12:12.576056
BUY-1763965650527-005473,SELL-1763965655395-002697,FOREX,1.48,487,2026-01-20 12:12:12.576073
BUY-1763965650520-000962,SELL-1763965655395-002697,FOREX,1.48,23,2026-01-20 12:12:12.576078
BUY-1763965650525-003699,SELL-1763965655395-002697,FOREX,1.48,230,2026-01-20 12:12:12.576083
BUY-1763965650525-003699,SELL-1763965655391-000475,FOREX,3.5,43,2026-01-20 12:12:12.576112
BUY-1763965650525-003699,SELL-1763965655401-006173,FOREX,1.88,630,2026-01-20 12:12:12.576129
BUY-1763965650520-000838,SELL-1763965655401-006173,FOREX,1.88,178,2026-01-20 12:12:12.576137
BUY-1763965650520-000838,SELL-1763965655396-003090,FOREX,2.26,247,2026-01-20 12:12:12.576215
BUY-1763965650526-004970,SELL-1763965655396-003090,FOREX,2.26,437,2026-01-20 12:12:12.576220
BUY-1763965650526-004970,SELL-1763965655399-005103,FOREX,2.44,246,2026-01-20 12:12:12.576265
BUY-1763965650526-004970,SELL-1763965655403-007234,FOREX,1.24,15,2026-01-20 12:12:12.576354
BUY-1763965650528-006233,SELL-1763965655403-007234,FOREX,1.24,720,2026-01-20 12:12:12.576359
BUY-1763965650528-006233,SELL-1763965655401-006046,FOREX,2.61,235,2026-01-20 12:12:12.576394
BUY-1763965650528-006373,SELL-1763965655401-006046,FOREX,2.61,260,2026-01-20 12:12:12.576398
BUY-1763965650528-006373,SELL-1763965655390-000354,FOREX,2.0,90,2026-01-20 12:12:12.576632
BUY-1763965650528-005874,SELL-1763965655390-000354,FOREX,2.0,7,2026-01-20 12:12:12.576640
BUY-1763965650528-005874,SELL-1763965655400-005583,FOREX,2.28,296,2026-01-20 12:12:12.576676
BUY-1763965650524-003336,SELL-1763965655400-005583,FOREX,2.28,407,2026-01-20 12:12:12.576682
BUY-1763965650524-003336,SELL-1763965655392-001104,FOREX,3.02,196,2026-01-20 12:12:12.576686
BUY-1763965650520-000956,SELL-1763965655392-001104,FOREX,3.02,556,2026-01-20 12:12:12.576691
BUY-1763965650520-000956,SELL-1763965655402-006854,FOREX,1.86,316,2026-01-20 12:12:12.576710
BUY-1763965650527-005299,SELL-1763965655402-006854,FOREX,1.86,289,2026-01-20 12:12:12.576716
BUY-1763965650527-005299,SELL-1763965655400-005235,FOREX,4.32,133,2026-01-20 12:12:12.576720
BUY-1763965650525-004043,SELL-1763965655400-005235,FOREX,4.32,674,2026-01-20 12:12:12.576724
BUY-1763965650525-004043,SELL-1763965655400-005326,FOREX,1.49,112,2026-01-20 12:12:12.576767
BUY-1763965650528-005881,SELL-1763965655398-004159,FOREX,1.16,127,2026-01-20 12:12:12.576806
BUY-1763965650521-001359,SELL-1763965655398-004159,FOREX,1.16,232,2026-01-20 12:12:12.576812
BUY-1763965650521-001359,SELL-1763965655397-003906,FOREX,4.43,11,2026-01-20 12:12:12.576817
BUY-1763965650528-005998,SELL-1763965655397-003906,FOREX,4.43,13,2026-01-20 12:12:12.576821
BUY-1763965650528-005998,SELL-1763965655400-005326,FOREX,1.49,42,2026-01-20 12:12:12.576826
BUY-1763965650528-005998,SELL-1763965655399-004824,FOREX,3.24,504,2026-01-20 12:12:12.576830
BUY-1763965650518-000097,SELL-1763965655400-005379,FOREX,1.05,92,2026-01-20 12:12:12.577023
BUY-1763965650525-003889,SELL-1763965655400-005379,FOREX,1.05,546,2026-01-20 12:12:12.577029
BUY-1763965650525-003889,SELL-1763965655390-000184,FOREX,1.5,86,2026-01-20 12:12:12.577056
BUY-1763965650525-003889,SELL-1763965655399-004824,FOREX,3.24,251,2026-01-20 12:12:12.577059
BUY-1763965650526-005077,SELL-1763965655399-004824,FOREX,3.24,176,2026-01-20 12:12:12.577062
BUY-1763965650526-005077,SELL-1763965655392-001389,FOREX,1.85,49,2026-01-20 12:12:12.577190
BUY-1763965650523-002520,SELL-1763965655392-001389,FOREX,1.85,225,2026-01-20 12:12:12.577196
BUY-1763965650527-005446,SELL-1763965655394-002132,FOREX,1.03,689,2026-01-20 12:12:12.577343
BUY-1763965650527-005446,SELL-1763965655397-003898,FOREX,1.04,62,2026-01-20 12:12:12.577498
BUY-1763965650525-004176,SELL-1763965655397-003898,FOREX,1.04,83,2026-01-20 12:12:12.577501
BUY-1763965650525-004176,SELL-1763965655399-004575,FOREX,1.17,162,2026-01-20 12:12:12.577504
BUY-1763965650525-004176,SELL-1763965655402-006848,FOREX,2.41,287,2026-01-20 12:12:12.577507
BUY-1763965650520-000623,SELL-1763965655402-006848,FOREX,2.41,75,2026-01-20 12:12:12.577509
BUY-1763965650528-006399,SELL-1763965655402-006848,FOREX,2.41,546,2026-01-20 12:12:12.577512
BUY-1763965650527-005100,SELL-1763965655402-006694,FOREX,1.04,303,2026-01-20 12:12:12.577805
BUY-1763965650529-007302,SELL-1763965655402-006694,FOREX,1.04,223,2026-01-20 12:12:12.577809
BUY-1763965650521-001392,SELL-1763965655402-006694,FOREX,1.04,42,2026-01-20 12:12:12.577811
BUY-1763965650518-000024,SELL-1763965655402-006694,FOREX,1.04,34,2026-01-20 12:12:12.577814
BUY-1763965650519-000282,SELL-1763965655402-006694,FOREX,1.04,33,2026-01-20 12:12:12.577817
BUY-1763965650529-007282,SELL-1763965655402-006694,FOREX,1.04,165,2026-01-20 12:12:12.577819
BUY-1763965650529-006673,SELL-1763965655402-006694,FOREX,1.04,36,2026-01-20 12:12:12.577821
BUY-1763965650526-004903,SELL-1763965655402-006694,FOREX,1.04,34,2026-01-20 12:12:12.577824
BUY-1763965650526-004903,SELL-1763965655402-006595,FOREX,1.33,369,2026-01-20 12:12:12.577937
BUY-1763965650526-004903,SELL-1763965655403-007397,FOREX,1.17,375,2026-01-20 12:12:12.577943
BUY-1763965650518-000126,SELL-1763965655403-007397,FOREX,1.17,20,2026-01-20 12:12:12.577948
BUY-1763965650524-003273,SELL-1763965655403-007397,FOREX,1.17,233,2026-01-20 12:12:12.577953
BUY-1763965650524-003273,SELL-1763965655392-001215,FOREX,4.99,139,2026-01-20 12:12:12.577957
BUY-1763965650518-000121,SELL-1763965655390-000022,FOREX,2.0,21,2026-01-20 12:12:12.578215
BUY-1763965650525-003953,SELL-1763965655395-002711,CRYPTO,123.48,8,2026-01-20 12:12:12.579161
BUY-1763965650528-006122,SELL-1763965655395-002711,CRYPTO,123.48,27,2026-01-20 12:12:12.579170
BUY-1763965650524-003103,SELL-1763965655395-002711,CRYPTO,123.48,260,2026-01-20 12:12:12.579176
BUY-1763965650524-003103,SELL-1763965655393-001493,CRYPTO,146.0,12,2026-01-20 12:12:12.579182
BUY-1763965650520-000631,SELL-1763965655393-001493,CRYPTO,146.0,37,2026-01-20 12:12:12.579191
BUY-1763965650527-005171,SELL-1763965655393-001493,CRYPTO,146.0,45,2026-01-20 12:12:12.579195
BUY-1763965650527-005703,SELL-1763965655393-001493,CRYPTO,146.0,134,2026-01-20 12:12:12.579200
BUY-1763965650527-005781,SELL-1763965655393-001493,CRYPTO,146.0,46,2026-01-20 12:12:12.579204
BUY-1763965650524-003566,SELL-1763965655393-001493,CRYPTO,146.0,8,2026-01-20 12:12:12.579208
BUY-1763965650519-000452,SELL-1763965655393-001493,CRYPTO,146.0,24,2026-01-20 12:12:12.579212
BUY-1763965650523-002458,SELL-1763965655393-001493,CRYPTO,146.0,17,2026-01-20 12:12:12.579220
BUY-1763965650523-002458,SELL-1763965655395-002545,CRYPTO,132.83,3,2026-01-20 12:12:12.579224
BUY-1763965650523-002470,SELL-1763965655395-002545,CRYPTO,132.83,5,2026-01-20 12:12:12.579228
BUY-1763965650526-004404,SELL-1763965655395-002545,CRYPTO,132.83,9,2026-01-20 12:12:12.579232
BUY-1763965650524-003667,SELL-1763965655395-002545,CRYPTO,132.83,6,2026-01-20 12:12:12.579237
BUY-1763965650529-006929,SELL-1763965655395-002545,CRYPTO,132.83,9,2026-01-20 12:12:12.579241
BUY-1763965650521-001270,SELL-1763965655395-002545,CRYPTO,132.83,6,2026-01-20 12:12:12.579245
BUY-1763965650523-002903,SELL-1763965655395-002545,CRYPTO,132.83,14,2026-01-20 12:12:12.579250
BUY-1763965650528-006187,SELL-1763965655395-002545,CRYPTO,132.83,41,2026-01-20 12:12:12.579254
BUY-1763965650524-003078,SELL-1763965655395-002545,CRYPTO,132.83,7,2026-01-20 12:12:12.579258
BUY-1763965650524-003078,SELL-1763965655391-000816,CRYPTO,170.74,2,2026-01-20 12:12:12.579263
BUY-1763965650522-002130,SELL-1763965655391-000816,CRYPTO,170.74,26,2026-01-20 12:12:12.579268
BUY-1763965650521-001535,SELL-1763965655391-000816,CRYPTO,170.74,9,2026-01-20 12:12:12.579272
BUY-1763965650528-006481,SELL-1763965655391-000816,CRYPTO,170.74,7,2026-01-20 12:12:12.579276
BUY-1763965650528-006239,SELL-1763965655391-000816,CRYPTO,170.74,9,2026-01-20 12:12:12.579280
BUY-1763965650528-006239,SELL-1763965655396-003364,CRYPTO,149.22,2,2026-01-20 12:12:12.579285
BUY-1763965650524-003597,SELL-1763965655396-003364,CRYPTO,149.22,26,2026-01-20 12:12:12.579289
BUY-1763965650522-001984,SELL-1763965655396-003364,CRYPTO,149.22,13,2026-01-20 12:12:12.579293
BUY-1763965650521-001113,SELL-1763965655396-003364,CRYPTO,149.22,18,2026-01-20 12:12:12.579297
BUY-1763965650528-006423,SELL-1763965655396-003364,CRYPTO,149.22,27,2026-01-20 12:12:12.579301
BUY-1763965650528-006423,SELL-1763965655394-002175,CRYPTO,166.47,11,2026-01-20 12:12:12.579306
BUY-1763965650523-002956,SELL-1763965655394-002175,CRYPTO,166.47,1,2026-01-20 12:12:12.579310
BUY-1763965650520-000919,SELL-1763965655394-002175,CRYPTO,166.47,1,2026-01-20 12:12:12.579315
BUY-1763965650529-007364,SELL-1763965655394-002175,CRYPTO,166.47,3,2026-01-20 12:12:12.579319
BUY-1763965650523-002917,SELL-1763965655394-002175,CRYPTO,166.47,1,2026-01-20 12:12:12.579323
BUY-1763965650527-005271,SELL-1763965655394-002175,CRYPTO,166.47,26,2026-01-20 12:12:12.579327
BUY-1763965650519-000256,SELL-1763965655394-002175,CRYPTO,166.47,10,2026-01-20 12:12:12.579331
BUY-1763965650521-001158,SELL-1763965655394-002175,CRYPTO,166.47,4,2026-01-20 12:12:12.579335
BUY-1763965650528-006503,SELL-1763965655394-002175,CRYPTO,166.47,33,2026-01-20 12:12:12.579340
BUY-1763965650526-004460,SELL-1763965655394-002175,CRYPTO,166.47,11,2026-01-20 12:12:12.579344
BUY-1763965650522-001728,SELL-1763965655394-002175,CRYPTO,166.47,1,2026-01-20 12:12:12.579348
BUY-1763965650528-006589,SELL-1763965655396-003309,CRYPTO,132.08,235,2026-01-20 12:12:12.579661
BUY-1763965650528-006589,SELL-1763965655394-002204,CRYPTO,153.06,26,2026-01-20 12:12:12.579674
BUY-1763965650525-004073,SELL-1763965655394-002204,CRYPTO,153.06,77,2026-01-20 12:12:12.579679
BUY-1763965650525-004073,SELL-1763965655394-002175,CRYPTO,166.47,9,2026-01-20 12:12:12.579683
BUY-1763965650528-006006,SELL-1763965655394-002175,CRYPTO,166.47,20,2026-01-20 12:12:12.579687
BUY-1763965650521-001597,SELL-1763965655394-002175,CRYPTO,166.47,39,2026-01-20 12:12:12.579691
BUY-1763965650522-002003,SELL-1763965655394-002175,CRYPTO,166.47,11,2026-01-20 12:12:12.579696
BUY-1763965650523-002844,SELL-1763965655394-002175,CRYPTO,166.47,9,2026-01-20 12:12:12.579700
BUY-1763965650525-003834,SELL-1763965655394-002175,CRYPTO,166.47,3,2026-01-20 12:12:12.579704
BUY-1763965650529-007263,SELL-1763965655394-002175,CRYPTO,166.47,14,2026-01-20 12:12:12.579709
BUY-1763965650529-007263,SELL-1763965655402-006923,CRYPTO,213.34,17,2026-01-20 12:12:12.579714
BUY-1763965650529-007215,SELL-1763965655402-006923,CRYPTO,213.34,35,2026-01-20 12:12:12.579718
BUY-1763965650522-001880,SELL-1763965655402-006923,CRYPTO,213.34,24,2026-01-20 12:12:12.579722
BUY-1763965650527-005436,SELL-1763965655402-006923,CRYPTO,213.34,34,2026-01-20 12:12:12.579727
BUY-1763965650520-000647,SELL-1763965655402-006923,CRYPTO,213.34,16,2026-01-20 12:12:12.579731
BUY-1763965650520-000647,SELL-1763965655400-005136,CRYPTO,178.1,10,2026-01-20 12:12:12.579735
BUY-1763965650520-000647,SELL-1763965655395-002638,CRYPTO,169.12,7,2026-01-20 12:12:12.579740
BUY-1763965650529-006643,SELL-1763965655395-002638,CRYPTO,169.12,9,2026-01-20 12:12:12.579744
BUY-1763965650523-002392,SELL-1763965655395-002638,CRYPTO,169.12,13,2026-01-20 12:12:12.579749
BUY-1763965650528-006079,SELL-1763965655395-002638,CRYPTO,169.12,44,2026-01-20 12:12:12.579753
BUY-1763965650528-006425,SELL-1763965655395-002638,CRYPTO,169.12,3,2026-01-20 12:12:12.579757
BUY-1763965650529-007398,SELL-1763965655395-002638,CRYPTO,169.12,8,2026-01-20 12:12:12.579761
BUY-1763965650521-001549,SELL-1763965655395-002638,CRYPTO,169.12,4,2026-01-20 12:12:12.579765
BUY-1763965650529-007003,SELL-1763965655395-002638,CRYPTO,169.12,5,2026-01-20 12:12:12.579769
BUY-1763965650527-005569,SELL-1763965655395-002638,CRYPTO,169.12,6,2026-01-20 12:12:12.579774
BUY-1763965650518-000121,SELL-1763965655399-004984,FOREX,1.11,38,2026-01-20 12:12:12.580017
BUY-1763965650525-003729,SELL-1763965655399-004984,FOREX,1.11,30,2026-01-20 12:12:12.580022
BUY-1763965650525-003729,SELL-1763965655391-000437,FOREX,1.5,23,2026-01-20 12:12:12.580184
BUY-1763965650525-003729,SELL-1763965655400-005584,FOREX,1.41,241,2026-01-20 12:12:12.580532
BUY-1763965650522-001848,SELL-1763965655400-005584,FOREX,1.41,39,2026-01-20 12:12:12.580536
BUY-1763965650522-001848,SELL-1763965655396-003184,FOREX,1.46,519,2026-01-20 12:12:12.581029
BUY-1763965650525-004377,SELL-1763965655396-003184,FOREX,1.46,270,2026-01-20 12:12:12.581038
BUY-1763965650525-004377,SELL-1763965655392-001215,FOREX,4.99,298,2026-01-20 12:12:12.581043
BUY-1763965650525-004377,SELL-1763965655402-006375,FOREX,1.43,217,2026-01-20 12:12:12.581079
BUY-1763965650525-004377,SELL-1763965655391-000535,FOREX,3.07,167,2026-01-20 12:12:12.581084
BUY-1763965650523-002283,SELL-1763965655395-002955,FOREX,1.21,233,2026-01-20 12:12:12.581660
BUY-1763965650523-002283,SELL-1763965655403-007322,FOREX,1.09,308,2026-01-20 12:12:12.582174
